Date,Max Temp (°F),Min Temp (°F),Avg Temp (°F)
1974-01-01 06:00:00,5.4967995,-5.8432007,-0.1581955
1974-01-02 06:00:00,16.2968,-6.023201,7.401802
1974-01-03 06:00:00,21.5168,8.646801,16.218052
1974-01-04 06:00:00,18.0068,-1.0732002,7.4205494
1974-01-05 06:00:00,22.5068,2.976801,12.543049
1974-01-06 06:00:00,20.3468,9.186802,14.526798
1974-01-07 06:00:00,10.5368,0.5467987,6.79055
1974-01-08 06:00:00,21.2468,-0.08320236,12.756802
1974-01-09 06:00:00,21.5168,12.336802,17.57555
1974-01-10 06:00:00,26.1068,16.4768,21.45305
1974-01-11 06:00:00,23.4968,6.6667995,16.836803
1974-01-12 06:00:00,4.056799,-7.3731995,-2.059452
1974-01-13 06:00:00,18.0968,-4.943199,9.258049
1974-01-14 06:00:00,32.4068,16.5668,24.56555
1974-01-15 06:00:00,39.1568,25.2068,32.41805
1974-01-16 06:00:00,41.4068,30.1568,35.8868
1974-01-17 06:00:00,33.3068,29.7968,31.7918
1974-01-18 06:00:00,38.6168,32.7668,34.78805
1974-01-19 06:00:00,33.9368,31.5968,32.87555
1974-01-20 06:00:00,38.5268,33.5768,35.81555
1974-01-21 06:00:00,36.7268,33.2168,34.66055
1974-01-22 06:00:00,34.2968,29.9768,32.41055
1974-01-23 06:00:00,32.4968,24.396801,29.0168
1974-01-24 06:00:00,37.5368,22.4168,28.4993
1974-01-25 06:00:00,40.8668,25.0268,33.10055
1974-01-26 06:00:00,41.2268,28.1768,34.38305
1974-01-27 06:00:00,35.8268,25.6568,32.8343
1974-01-28 06:00:00,30.5168,23.4968,26.3168
1974-01-29 06:00:00,38.1668,21.5168,30.771801
1974-01-30 06:00:00,49.5968,33.9368,41.4593
1974-01-31 06:00:00,44.3768,22.3268,31.86305
1974-02-01 06:00:00,26.8268,20.2568,23.9168
1974-02-02 06:00:00,28.0868,24.5768,26.3018
1974-02-03 06:00:00,25.7468,14.226801,21.531801
1974-02-04 06:00:00,23.8568,7.386801,16.274302
1974-02-05 06:00:00,24.2168,18.9068,21.554302
1974-02-06 06:00:00,24.2168,19.3568,22.43555
1974-02-07 06:00:00,23.226799,12.246799,18.7943
1974-02-08 06:00:00,19.7168,2.8867989,11.7293
1974-02-09 06:00:00,21.8768,4.056799,12.021801
1974-02-10 06:00:00,31.0568,10.5368,23.3843
1974-02-11 06:00:00,33.9368,3.9668007,20.1443
1974-02-12 06:00:00,41.8568,26.736801,33.84305
1974-02-13 06:00:00,32.3168,16.9268,26.4368
1974-02-14 06:00:00,22.8668,15.0368,18.280552
1974-02-15 06:00:00,25.8368,15.936802,20.283047
1974-02-16 06:00:00,39.6968,19.5368,29.82305
1974-02-17 06:00:00,36.7268,16.6568,26.7443
1974-02-18 06:00:00,47.526802,28.7168,39.38555
1974-02-19 06:00:00,38.9768,27.4568,33.2993
1974-02-20 06:00:00,45.3668,24.2168,35.2643
1974-02-21 06:00:00,42.756798,32.9468,37.225548
1974-02-22 06:00:00,35.2868,17.556799,29.28305
1974-02-23 06:00:00,21.0668,7.2968006,15.329302
1974-02-24 06:00:00,15.936802,8.1968,13.210552
1974-02-25 06:00:00,25.8368,3.4267998,13.983055
1974-02-26 06:00:00,36.5468,7.9268,23.3018
1974-02-27 06:00:00,44.7368,31.5068,38.56055
1974-02-28 06:00:00,50.2268,29.2568,40.0418
1974-03-01 06:00:00,42.3968,26.2868,35.1368
1974-03-02 06:00:00,63.4568,41.136803,51.7493
1974-03-03 06:00:00,71.7368,46.8968,59.63555
1974-03-04 06:00:00,45.0968,35.1068,37.5518
1974-03-05 06:00:00,54.5468,31.9568,43.5218
1974-03-06 06:00:00,62.8268,40.326797,50.84555
1974-03-07 06:00:00,51.3068,37.6268,42.7268
1974-03-08 06:00:00,55.3568,37.3568,44.55305
1974-03-09 06:00:00,59.7668,39.3368,51.261803
1974-03-10 06:00:00,38.1668,31.2368,34.08305
1974-03-11 06:00:00,37.9868,32.6768,34.8593
1974-03-12 06:00:00,37.1768,28.896801,33.8168
1974-03-13 06:00:00,33.8468,26.3768,30.1493
1974-03-14 06:00:00,42.3968,25.2068,34.15055
1974-03-15 06:00:00,46.6268,33.9368,39.1718
1974-03-16 06:00:00,43.026802,28.9868,35.4818
1974-03-17 06:00:00,38.0768,30.2468,33.46805
1974-03-18 06:00:00,49.4168,32.1368,39.7718
1974-03-19 06:00:00,38.4368,27.8168,33.74555
1974-03-20 06:00:00,37.8968,25.476799,32.01305
1974-03-21 06:00:00,36.9068,24.8468,31.12805
1974-03-22 06:00:00,47.0768,26.916801,34.8593
1974-03-23 06:00:00,26.736801,18.9968,22.334301
1974-03-24 06:00:00,20.706799,9.546801,17.0318
1974-03-25 06:00:00,41.8568,14.496799,27.663048
1974-03-26 06:00:00,44.2868,31.2368,36.5168
1974-03-27 06:00:00,39.8768,32.0468,35.4293
1974-03-28 06:00:00,41.136803,35.4668,38.069298
1974-03-29 06:00:00,50.3168,35.3768,43.3043
1974-03-30 06:00:00,45.7268,35.4668,39.8843
1974-03-31 06:00:00,48.2468,31.0568,38.69555
1974-04-01 06:00:00,68.496796,38.2568,50.65055
1974-04-02 06:00:00,66.1568,37.6268,52.225548
1974-04-03 06:00:00,67.5968,50.2268,56.45555
1974-04-04 06:00:00,55.3568,34.2968,44.56055
1974-04-05 06:00:00,43.1168,32.4968,36.5618
1974-04-06 06:00:00,54.5468,27.0068,42.67055
1974-04-07 06:00:00,49.1468,32.2268,40.053047
1974-04-08 06:00:00,36.7268,30.0668,33.03305
1974-04-09 06:00:00,46.3568,27.726799,37.05305
1974-04-10 06:00:00,58.596798,30.1568,46.045547
1974-04-11 06:00:00,63.006798,47.3468,53.61305
1974-04-12 06:00:00,71.4668,53.4668,60.0668
1974-04-13 06:00:00,66.246796,48.3368,56.08805
1974-04-14 06:00:00,58.4168,39.1568,49.27055
1974-04-15 06:00:00,51.6668,36.0968,42.1193
1974-04-16 06:00:00,53.8268,33.6668,44.40305
1974-04-17 06:00:00,62.466797,39.5168,51.5693
1974-04-18 06:00:00,57.8768,37.5368,46.7243
1974-04-19 06:00:00,50.6768,37.7168,43.81055
1974-04-20 06:00:00,73.6268,43.386803,59.28305
1974-04-21 06:00:00,67.5968,60.396797,63.295547
1974-04-22 06:00:00,60.1268,44.7368,53.298054
1974-04-23 06:00:00,44.3768,37.0868,41.823048
1974-04-24 06:00:00,50.4968,34.7468,41.7818
1974-04-25 06:00:00,59.5868,37.9868,49.42055
1974-04-26 06:00:00,71.1968,42.756798,58.128048
1974-04-27 06:00:00,76.7768,58.146797,66.5543
1974-04-28 06:00:00,72.5468,63.9068,67.863045
1974-04-29 06:00:00,71.5568,61.026802,65.99555
1974-04-30 06:00:00,61.2968,53.4668,58.304302
1974-05-01 06:00:00,56.436802,47.1668,51.753048
1974-05-02 06:00:00,64.8968,48.5168,56.879295
1974-05-03 06:00:00,60.2168,46.9868,54.4943
1974-05-04 06:00:00,60.0368,42.3968,50.26805
1974-05-05 06:00:00,61.4768,41.9468,51.54305
1974-05-06 06:00:00,49.5968,38.1668,42.6068
1974-05-07 06:00:00,51.5768,34.6568,43.91555
1974-05-08 06:00:00,45.4568,43.4768,44.714302
1974-05-09 06:00:00,51.6668,41.9468,45.816803
1974-05-10 06:00:00,56.7068,39.0668,49.69805
1974-05-11 06:00:00,67.2368,52.6568,59.796803
1974-05-12 06:00:00,56.526802,49.0568,53.388054
1974-05-13 06:00:00,62.916798,42.2168,49.799297
1974-05-14 06:00:00,70.6568,54.9968,64.075554
1974-05-15 06:00:00,60.9368,47.256798,54.83555
1974-05-16 06:00:00,77.316795,52.7468,64.24805
1974-05-17 06:00:00,65.6168,51.8468,55.8518
1974-05-18 06:00:00,62.466797,51.4868,55.3793
1974-05-19 06:00:00,62.016796,52.7468,56.519302
1974-05-20 06:00:00,73.0868,57.2468,65.22305
1974-05-21 06:00:00,81.3668,64.8968,72.19805
1974-05-22 06:00:00,75.6068,64.4468,68.9618
1974-05-23 06:00:00,71.5568,57.3368,64.27431
1974-05-24 06:00:00,62.5568,51.2168,57.30305
1974-05-25 06:00:00,62.016796,50.4068,56.49305
1974-05-26 06:00:00,60.396797,52.026802,55.85555
1974-05-27 06:00:00,68.316795,43.9268,58.4918
1974-05-28 06:00:00,72.2768,57.7868,65.1518
1974-05-29 06:00:00,75.9668,58.0568,66.1943
1974-05-30 06:00:00,67.1468,54.5468,61.480553
1974-05-31 06:00:00,66.4268,56.0768,63.0293
1974-06-01 06:00:00,69.3068,52.8368,61.70555
1974-06-02 06:00:00,73.1768,53.9168,63.284294
1974-06-03 06:00:00,78.0368,53.5568,67.5443
1974-06-04 06:00:00,80.3768,61.8368,71.8943
1974-06-05 06:00:00,76.3268,64.6268,69.104294
1974-06-06 06:00:00,78.7568,64.6268,69.865555
1974-06-07 06:00:00,74.7068,66.6968,68.4518
1974-06-08 06:00:00,72.816795,65.3468,68.22305
1974-06-09 06:00:00,81.5468,68.0468,73.09055
1974-06-10 06:00:00,66.3368,56.0768,61.3568
1974-06-11 06:00:00,68.4068,55.0868,60.501797
1974-06-12 06:00:00,70.2068,51.4868,61.9793
1974-06-13 06:00:00,74.0768,56.6168,64.2518
1974-06-14 06:00:00,76.2368,59.2268,67.73555
1974-06-15 06:00:00,70.746796,57.2468,65.02805
1974-06-16 06:00:00,59.4068,52.2968,56.56805
1974-06-17 06:00:00,62.5568,53.1068,58.4993
1974-06-18 06:00:00,77.4068,55.8068,67.0118
1974-06-19 06:00:00,82.6268,65.4368,71.7443
1974-06-20 06:00:00,86.5868,66.4268,76.409294
1974-06-21 06:00:00,80.8268,66.7868,73.4468
1974-06-22 06:00:00,66.5168,56.0768,61.8443
1974-06-23 06:00:00,60.5768,54.9968,57.22805
1974-06-24 06:00:00,63.9968,53.9168,58.386803
1974-06-25 06:00:00,67.2368,55.3568,61.4918
1974-06-26 06:00:00,71.7368,58.4168,64.645546
1974-06-27 06:00:00,75.7868,53.8268,66.39305
1974-06-28 06:00:00,76.1468,57.1568,67.788055
1974-06-29 06:00:00,81.2768,59.5868,71.83804
1974-06-30 06:00:00,80.8268,67.6868,74.17055
1974-07-01 06:00:00,85.7768,62.3768,74.804306
1974-07-02 06:00:00,89.3768,71.6468,81.1268
1974-07-03 06:00:00,89.8268,74.166794,81.606804
1974-07-04 06:00:00,79.566795,69.3968,75.12305
1974-07-05 06:00:00,74.7968,63.9068,69.72305
1974-07-06 06:00:00,80.7368,58.146797,71.53805
1974-07-07 06:00:00,87.846794,65.166794,77.77055
1974-07-08 06:00:00,91.356804,70.386795,81.513054
1974-07-09 06:00:00,91.896805,72.9068,82.57805
1974-07-10 06:00:00,81.996796,73.8068,77.35805
1974-07-11 06:00:00,76.7768,68.496796,72.76805
1974-07-12 06:00:00,83.886795,66.9668,75.4193
1974-07-13 06:00:00,93.966805,71.2868,82.63055
1974-07-14 06:00:00,94.7768,75.7868,83.6318
1974-07-15 06:00:00,80.3768,69.3068,76.0193
1974-07-16 06:00:00,78.1268,65.4368,72.57305
1974-07-17 06:00:00,87.5768,67.1468,78.1268
1974-07-18 06:00:00,90.8168,74.7968,82.2893
1974-07-19 06:00:00,90.5468,74.2568,81.16055
1974-07-20 06:00:00,78.666794,68.0468,74.534294
1974-07-21 06:00:00,80.1068,64.6268,72.76805
1974-07-22 06:00:00,76.7768,64.5368,70.14305
1974-07-23 06:00:00,74.2568,65.7068,70.0343
1974-07-24 06:00:00,79.2968,60.6668,71.83055
1974-07-25 06:00:00,78.4868,65.6168,72.47555
1974-07-26 06:00:00,85.1468,66.246796,76.60805
1974-07-27 06:00:00,84.6068,68.7668,76.630554
1974-07-28 06:00:00,88.8368,65.886795,77.8418
1974-07-29 06:00:00,77.316795,67.6868,72.2543
1974-07-30 06:00:00,76.5068,62.916798,70.225555
1974-07-31 06:00:00,79.2068,61.7468,70.983055
1974-08-01 06:00:00,71.4668,64.3568,67.5068
1974-08-02 06:00:00,75.246796,64.2668,68.9468
1974-08-03 06:00:00,68.496796,58.686802,64.45055
1974-08-04 06:00:00,71.5568,59.6768,64.8218
1974-08-05 06:00:00,75.8768,58.3268,67.33804
1974-08-06 06:00:00,77.4068,62.466797,70.506805
1974-08-07 06:00:00,79.2068,63.6368,71.96181
1974-08-08 06:00:00,77.316795,62.736797,71.03555
1974-08-09 06:00:00,79.6568,65.5268,73.76555
1974-08-10 06:00:00,75.5168,70.386795,72.6293
1974-08-11 06:00:00,83.0768,68.136795,74.32805
1974-08-12 06:00:00,84.9668,61.8368,74.331795
1974-08-13 06:00:00,76.8668,66.9668,72.3218
1974-08-14 06:00:00,75.5168,64.1768,69.8768
1974-08-15 06:00:00,84.5168,66.1568,75.55805
1974-08-16 06:00:00,83.6168,69.5768,75.2768
1974-08-17 06:00:00,81.0968,66.1568,73.278046
1974-08-18 06:00:00,82.1768,61.2068,72.03305
1974-08-19 06:00:00,86.136795,65.4368,75.7943
1974-08-20 06:00:00,86.5868,67.6868,77.35055
1974-08-21 06:00:00,86.4068,69.3068,77.85305
1974-08-22 06:00:00,82.0868,67.9568,72.996796
1974-08-23 06:00:00,75.6968,64.7168,69.88429
1974-08-24 06:00:00,71.5568,63.006798,67.24429
1974-08-25 06:00:00,77.4068,59.4968,69.108055
1974-08-26 06:00:00,89.0168,67.7768,77.999306
1974-08-27 06:00:00,76.0568,65.0768,71.6618
1974-08-28 06:00:00,73.1768,63.9068,68.0393
1974-08-29 06:00:00,79.386795,58.3268,69.41555
1974-08-30 06:00:00,79.386795,60.9368,71.2043
1974-08-31 06:00:00,73.5368,62.916798,68.0468
1974-09-01 06:00:00,68.2268,58.4168,62.815544
1974-09-02 06:00:00,60.6668,54.006798,57.265556
1974-09-03 06:00:00,62.3768,51.3068,56.44805
1974-09-04 06:00:00,64.2668,52.026802,58.551804
1974-09-05 06:00:00,69.0368,53.5568,62.545555
1974-09-06 06:00:00,70.6568,55.6268,63.621803
1974-09-07 06:00:00,75.7868,55.1768,65.9693
1974-09-08 06:00:00,79.746796,59.7668,70.11305
1974-09-09 06:00:00,80.4668,61.7468,71.324295
1974-09-10 06:00:00,81.0968,64.9868,71.92055
1974-09-11 06:00:00,83.7968,68.8568,74.8418
1974-09-12 06:00:00,80.2868,62.1968,71.08055
1974-09-13 06:00:00,61.6568,55.6268,58.938053
1974-09-14 06:00:00,66.7868,51.756798,58.9343
1974-09-15 06:00:00,74.7068,55.8068,63.6968
1974-09-16 06:00:00,71.916794,53.2868,62.965546
1974-09-17 06:00:00,81.1868,56.886803,66.16805
1974-09-18 06:00:00,69.4868,54.4568,61.960545
1974-09-19 06:00:00,83.7068,60.3068,69.738045
1974-09-20 06:00:00,64.0868,58.9568,61.206802
1974-09-21 06:00:00,64.9868,50.3168,57.49805
1974-09-22 06:00:00,51.8468,41.7668,46.90805
1974-09-23 06:00:00,58.506798,36.9968,49.54055
1974-09-24 06:00:00,67.9568,50.136803,57.940548
1974-09-25 06:00:00,68.5868,52.026802,59.515553
1974-09-26 06:00:00,78.3068,53.1068,65.8268
1974-09-27 06:00:00,74.7068,56.3468,65.00931
1974-09-28 06:00:00,72.5468,59.4968,64.9643
1974-09-29 06:00:00,62.286797,48.9668,55.4468
1974-09-30 06:00:00,55.6268,45.9968,51.644302
1974-10-01 06:00:00,51.3068,40.5968,44.7593
1974-10-02 06:00:00,48.8768,36.6368,42.47555
1974-10-03 06:00:00,56.3468,34.4768,46.1768
1974-10-04 06:00:00,72.0068,49.0568,59.5268
1974-10-05 06:00:00,74.5268,55.9868,64.43555
1974-10-06 06:00:00,62.8268,48.4268,58.38305
1974-10-07 06:00:00,52.026802,42.576797,46.72055
1974-10-08 06:00:00,62.646797,40.5968,51.753048
1974-10-09 06:00:00,57.1568,44.4668,52.72805
1974-10-10 06:00:00,66.6968,42.3068,53.64305
1974-10-11 06:00:00,74.0768,50.9468,60.91055
1974-10-12 06:00:00,59.8568,49.5968,55.14305
1974-10-13 06:00:00,60.846798,50.8568,56.200554
1974-10-14 06:00:00,60.846798,49.0568,55.776802
1974-10-15 06:00:00,53.8268,44.6468,48.79055
1974-10-16 06:00:00,61.1168,42.6668,51.2393
1974-10-17 06:00:00,60.2168,46.0868,52.8443
1974-10-18 06:00:00,47.886803,41.4068,44.793053
1974-10-19 06:00:00,52.026802,36.5468,42.738052
1974-10-20 06:00:00,44.1068,36.9068,40.55555
1974-10-21 06:00:00,50.9468,33.3968,41.714302
1974-10-22 06:00:00,64.1768,42.3968,52.2893
1974-10-23 06:00:00,59.6768,52.2968,55.88555
1974-10-24 06:00:00,68.316795,51.936802,59.58305
1974-10-25 06:00:00,61.4768,48.1568,55.450554
1974-10-26 06:00:00,62.916798,39.5168,50.403053
1974-10-27 06:00:00,66.246796,42.576797,53.706802
1974-10-28 06:00:00,70.0268,51.2168,59.41805
1974-10-29 06:00:00,65.2568,54.7268,59.83805
1974-10-30 06:00:00,73.3568,60.3068,65.4293
1974-10-31 06:00:00,73.3568,60.756798,66.528046
1974-11-01 06:00:00,68.9468,54.9968,62.073048
1974-11-02 06:00:00,70.8368,49.776802,59.856804
1974-11-03 06:00:00,55.4468,46.7168,49.574303
1974-11-04 06:00:00,48.9668,43.026802,45.37805
1974-11-05 06:00:00,47.0768,42.576797,44.425552
1974-11-06 06:00:00,49.506798,39.3368,43.3418
1974-11-07 06:00:00,53.9168,34.9268,43.60805
1974-11-08 06:00:00,57.1568,37.3568,45.8768
1974-11-09 06:00:00,54.9968,35.1968,45.7568
1974-11-10 06:00:00,50.136803,45.4568,47.9543
1974-11-11 06:00:00,50.136803,41.4968,47.41805
1974-11-12 06:00:00,44.2868,33.7568,38.541798
1974-11-13 06:00:00,37.5368,31.7768,33.70805
1974-11-14 06:00:00,33.5768,26.2868,29.646801
1974-11-15 06:00:00,37.9868,26.2868,31.011799
1974-11-16 06:00:00,45.5468,28.2668,37.45055
1974-11-17 06:00:00,50.7668,34.9268,41.778053
1974-11-18 06:00:00,52.6568,37.2668,45.153053
1974-11-19 06:00:00,53.1068,44.3768,48.70055
1974-11-20 06:00:00,48.5168,34.6568,40.975548
1974-11-21 06:00:00,39.8768,31.6868,35.4443
1974-11-22 06:00:00,46.5368,29.9768,38.3168
1974-11-23 06:00:00,58.4168,41.4968,50.6093
1974-11-24 06:00:00,57.4268,35.5568,41.691803
1974-11-25 06:00:00,35.1068,28.0868,31.3193
1974-11-26 06:00:00,34.5668,26.2868,30.53555
1974-11-27 06:00:00,39.0668,30.1568,33.6068
1974-11-28 06:00:00,35.1968,26.646801,30.00305
1974-11-29 06:00:00,37.8068,26.646801,32.5493
1974-11-30 06:00:00,34.6568,32.6768,33.5993
1974-12-01 06:00:00,35.1068,32.5868,33.7268
1974-12-02 06:00:00,39.3368,29.8868,35.54555
1974-12-03 06:00:00,34.2068,26.1968,30.26555
1974-12-04 06:00:00,34.2068,26.0168,29.7593
1974-12-05 06:00:00,36.5468,21.6068,28.3418
1974-12-06 06:00:00,37.8968,27.8168,33.00305
1974-12-07 06:00:00,38.8868,33.8468,36.01055
1974-12-08 06:00:00,35.1068,16.2968,25.8893
1974-12-09 06:00:00,21.9668,10.806799,16.446798
1974-12-10 06:00:00,37.3568,20.0768,27.6818
1974-12-11 06:00:00,36.4568,22.056799,30.22805
1974-12-12 06:00:00,37.8968,25.386799,30.97055
1974-12-13 06:00:00,41.2268,30.1568,35.15555
1974-12-14 06:00:00,38.6168,33.6668,36.43055
1974-12-15 06:00:00,42.0368,35.5568,38.538048
1974-12-16 06:00:00,38.1668,31.0568,34.8368
1974-12-17 06:00:00,30.3368,23.9468,27.56555
1974-12-18 06:00:00,30.5168,21.6068,26.2118
1974-12-19 06:00:00,30.7868,25.7468,28.3718
1974-12-20 06:00:00,30.0668,21.6068,26.736801
1974-12-21 06:00:00,30.7868,14.8568,27.2318
1974-12-22 06:00:00,38.0768,10.5368,25.896801
1974-12-23 06:00:00,37.9868,26.8268,33.186802
1974-12-24 06:00:00,31.9568,24.6668,28.63805
1974-12-25 06:00:00,23.8568,12.246799,19.776802
1974-12-26 06:00:00,29.3468,10.4468,20.433052
1974-12-27 06:00:00,32.3168,24.486801,28.9793
1974-12-28 06:00:00,35.5568,28.6268,32.11805
1974-12-29 06:00:00,36.5468,30.2468,33.7043
1974-12-30 06:00:00,34.8368,22.956799,29.02805
1974-12-31 06:00:00,35.3768,26.1968,32.1143
1975-01-01 06:00:00,30.8768,17.1068,25.5593
1975-01-02 06:00:00,29.4368,8.9168,22.4543
1975-01-03 06:00:00,34.8368,28.6268,31.1618
1975-01-04 06:00:00,29.0768,17.4668,23.98055
1975-01-05 06:00:00,32.9468,12.4268,24.3293
1975-01-06 06:00:00,36.4568,29.4368,32.56055
1975-01-07 06:00:00,37.5368,27.726799,33.3668
1975-01-08 06:00:00,40.9568,33.5768,38.30555
1975-01-09 06:00:00,38.7068,31.0568,34.97555
1975-01-10 06:00:00,58.596798,36.2768,50.725548
1975-01-11 06:00:00,47.256798,7.2968006,23.7818
1975-01-12 06:00:00,14.7668,6.0368004,9.471802
1975-01-13 06:00:00,14.7668,4.596798,9.846802
1975-01-14 06:00:00,20.1668,5.0467987,13.150551
1975-01-15 06:00:00,32.5868,19.896801,25.308048
1975-01-16 06:00:00,28.8068,17.3768,22.99055
1975-01-17 06:00:00,31.6868,16.6568,24.2468
1975-01-18 06:00:00,36.9068,27.8168,31.86305
1975-01-19 06:00:00,28.5368,18.5468,24.7493
1975-01-20 06:00:00,24.8468,9.636801,18.374302
1975-01-21 06:00:00,39.3368,23.9468,32.95805
1975-01-22 06:00:00,30.1568,21.2468,25.3793
1975-01-23 06:00:00,36.9968,19.3568,26.9918
1975-01-24 06:00:00,42.3068,28.6268,36.44555
1975-01-25 06:00:00,41.3168,27.726799,34.2968
1975-01-26 06:00:00,31.7768,21.7868,26.33555
1975-01-27 06:00:00,33.0368,23.7668,28.35305
1975-01-28 06:00:00,36.1868,28.1768,31.51805
1975-01-29 06:00:00,40.9568,27.4568,33.58055
1975-01-30 06:00:00,33.2168,23.9468,28.7768
1975-01-31 06:00:00,31.6868,21.5168,27.659302
1975-02-01 06:00:00,33.8468,27.8168,30.48305
1975-02-02 06:00:00,34.2968,26.0168,28.99055
1975-02-03 06:00:00,33.0368,26.1968,29.65055
1975-02-04 06:00:00,35.2868,27.726799,30.674301
1975-02-05 06:00:00,33.2168,28.9868,31.6343
1975-02-06 06:00:00,28.1768,10.086802,22.12055
1975-02-07 06:00:00,23.5868,0.09679794,12.794304
1975-02-08 06:00:00,18.456799,4.8668003,11.4293
1975-02-09 06:00:00,8.1068,-5.5732,1.2742977
1975-02-10 06:00:00,21.1568,-3.1432,10.236799
1975-02-11 06:00:00,27.9068,13.686802,22.019299
1975-02-12 06:00:00,30.1568,15.306799,22.503048
1975-02-13 06:00:00,22.056799,2.976801,13.6718025
1975-02-14 06:00:00,28.896801,11.076801,22.2518
1975-02-15 06:00:00,31.4168,26.5568,29.043049
1975-02-16 06:00:00,33.1268,28.8068,30.94805
1975-02-17 06:00:00,36.9968,30.3368,33.7643
1975-02-18 06:00:00,33.3968,26.8268,29.9993
1975-02-19 06:00:00,30.1568,18.0968,26.789299
1975-02-20 06:00:00,35.5568,17.736801,26.061798
1975-02-21 06:00:00,42.756798,22.5968,33.60305
1975-02-22 06:00:00,41.5868,31.9568,34.53305
1975-02-23 06:00:00,34.3868,31.1468,32.69555
1975-02-24 06:00:00,35.6468,27.9968,32.4218
1975-02-25 06:00:00,36.9068,23.9468,30.65555
1975-02-26 06:00:00,32.3168,22.3268,27.40055
1975-02-27 06:00:00,32.4968,14.406799,25.05305
1975-02-28 06:00:00,32.4068,15.576801,27.83555
1975-03-01 06:00:00,25.2068,14.226801,18.861801
1975-03-02 06:00:00,26.0168,12.066799,18.276802
1975-03-03 06:00:00,28.3568,10.986801,19.330551
1975-03-04 06:00:00,30.6968,9.636801,19.9343
1975-03-05 06:00:00,37.0868,16.2968,28.12055
1975-03-06 06:00:00,37.0868,29.1668,32.14055
1975-03-07 06:00:00,35.8268,29.5268,32.50055
1975-03-08 06:00:00,28.6268,13.326801,21.9668
1975-03-09 06:00:00,29.7068,-4.493202,15.37055
1975-03-10 06:00:00,29.2568,21.6968,25.2818
1975-03-11 06:00:00,34.026802,18.0068,27.55055
1975-03-12 06:00:00,35.4668,23.6768,32.2643
1975-03-13 06:00:00,26.0168,11.6168,20.073051
1975-03-14 06:00:00,30.2468,12.6068,23.80805
1975-03-15 06:00:00,37.8968,4.5067997,22.469297
1975-03-16 06:00:00,37.9868,22.5968,29.226799
1975-03-17 06:00:00,45.3668,17.736801,33.01055
1975-03-18 06:00:00,52.026802,35.9168,41.4968
1975-03-19 06:00:00,52.9268,34.1168,41.6918
1975-03-20 06:00:00,51.756798,34.4768,41.26805
1975-03-21 06:00:00,59.8568,37.8068,48.3743
1975-03-22 06:00:00,52.6568,34.2068,42.19805
1975-03-23 06:00:00,49.506798,33.3068,41.74055
1975-03-24 06:00:00,56.0768,31.9568,45.0443
1975-03-25 06:00:00,32.2268,23.4968,29.3918
1975-03-26 06:00:00,32.2268,20.4368,26.35805
1975-03-27 06:00:00,32.0468,27.9968,30.22055
1975-03-28 06:00:00,40.9568,32.4068,36.4343
1975-03-29 06:00:00,35.4668,26.0168,29.9768
1975-03-30 06:00:00,29.7968,21.6968,25.4918
1975-03-31 06:00:00,54.3668,22.236801,38.68805
1975-04-01 06:00:00,35.9168,28.2668,31.10555
1975-04-02 06:00:00,31.0568,24.5768,28.8893
1975-04-03 06:00:00,31.8668,20.976799,25.74305
1975-04-04 06:00:00,34.026802,15.936802,24.66305
1975-04-05 06:00:00,29.4368,16.6568,24.408049
1975-04-06 06:00:00,31.7768,21.9668,26.8493
1975-04-07 06:00:00,33.6668,22.056799,28.0193
1975-04-08 06:00:00,36.0968,27.2768,32.14805
1975-04-09 06:00:00,34.2968,29.8868,32.44805
1975-04-10 06:00:00,35.4668,29.0768,32.21555
1975-04-11 06:00:00,36.4568,21.5168,29.9093
1975-04-12 06:00:00,39.8768,23.4968,30.5993
1975-04-13 06:00:00,45.276802,24.486801,36.0368
1975-04-14 06:00:00,45.276802,30.2468,37.2293
1975-04-15 06:00:00,51.8468,27.3668,40.3718
1975-04-16 06:00:00,54.636803,36.9968,46.00805
1975-04-17 06:00:00,65.166794,40.5968,53.48555
1975-04-18 06:00:00,66.6068,46.3568,61.7918
1975-04-19 06:00:00,50.6768,40.5968,45.22805
1975-04-20 06:00:00,48.7868,38.8868,43.37555
1975-04-21 06:00:00,45.186802,29.7068,38.8643
1975-04-22 06:00:00,54.5468,39.1568,46.17305
1975-04-23 06:00:00,67.1468,48.9668,58.84805
1975-04-24 06:00:00,58.3268,39.4268,45.01055
1975-04-25 06:00:00,48.5168,36.7268,42.2543
1975-04-26 06:00:00,53.2868,36.5468,44.1743
1975-04-27 06:00:00,47.6168,44.2868,46.0343
1975-04-28 06:00:00,54.9968,43.7468,48.24305
1975-04-29 06:00:00,73.1768,43.2968,59.125553
1975-04-30 06:00:00,68.0468,51.2168,58.69805
1975-05-01 06:00:00,61.9268,43.9268,53.2868
1975-05-02 06:00:00,68.4068,46.5368,58.38305
1975-05-03 06:00:00,62.1068,51.3068,56.121803
1975-05-04 06:00:00,60.2168,46.1768,51.55805
1975-05-05 06:00:00,67.5968,45.4568,53.781803
1975-05-06 06:00:00,51.0368,41.7668,45.183052
1975-05-07 06:00:00,58.8668,45.3668,51.1493
1975-05-08 06:00:00,61.3868,47.9768,53.305553
1975-05-09 06:00:00,60.756798,45.636803,51.9893
1975-05-10 06:00:00,67.9568,43.8368,56.0918
1975-05-11 06:00:00,72.636795,47.0768,60.40055
1975-05-12 06:00:00,54.7268,43.386803,48.246803
1975-05-13 06:00:00,66.3368,37.9868,54.2393
1975-05-14 06:00:00,67.7768,52.386803,59.185555
1975-05-15 06:00:00,60.9368,46.6268,53.691803
1975-05-16 06:00:00,56.7068,44.3768,49.38305
1975-05-17 06:00:00,65.5268,44.5568,55.54805
1975-05-18 06:00:00,80.7368,49.8668,67.0643
1975-05-19 06:00:00,86.5868,63.006798,75.1043
1975-05-20 06:00:00,85.5068,67.5068,76.435555
1975-05-21 06:00:00,75.8768,65.7968,70.450554
1975-05-22 06:00:00,74.7968,60.0368,68.41805
1975-05-23 06:00:00,77.6768,56.0768,66.95555
1975-05-24 06:00:00,82.4468,65.9768,73.99431
1975-05-25 06:00:00,77.2268,65.7068,70.39805
1975-05-26 06:00:00,78.5768,63.816795,69.7643
1975-05-27 06:00:00,71.6468,56.526802,64.51805
1975-05-28 06:00:00,72.0068,52.2968,62.770554
1975-05-29 06:00:00,78.3068,58.4168,68.1818
1975-05-30 06:00:00,75.6068,56.526802,65.42555
1975-05-31 06:00:00,63.7268,55.8068,60.048054
1975-06-01 06:00:00,63.3668,53.1968,58.000553
1975-06-02 06:00:00,68.316795,48.6968,59.770546
1975-06-03 06:00:00,74.5268,55.5368,64.356804
1975-06-04 06:00:00,81.816795,57.7868,70.120544
1975-06-05 06:00:00,77.316795,65.5268,70.96054
1975-06-06 06:00:00,72.816795,58.506798,65.7143
1975-06-07 06:00:00,62.466797,54.4568,58.07555
1975-06-08 06:00:00,62.1968,49.9568,56.721798
1975-06-09 06:00:00,67.9568,53.1968,61.551796
1975-06-10 06:00:00,74.166794,59.2268,66.96305
1975-06-11 06:00:00,79.2068,63.9068,70.7468
1975-06-12 06:00:00,71.6468,59.8568,65.88305
1975-06-13 06:00:00,82.3568,62.646797,72.0143
1975-06-14 06:00:00,76.8668,62.466797,69.100555
1975-06-15 06:00:00,70.9268,62.1068,67.15056
1975-06-16 06:00:00,77.316795,56.526802,67.92305
1975-06-17 06:00:00,77.496796,68.6768,72.27305
1975-06-18 06:00:00,80.7368,65.7968,74.62805
1975-06-19 06:00:00,85.0568,68.136795,75.7343
1975-06-20 06:00:00,84.246796,66.1568,75.741806
1975-06-21 06:00:00,87.4868,68.8568,78.82805
1975-06-22 06:00:00,88.566795,72.0068,80.5193
1975-06-23 06:00:00,83.9768,71.1968,76.5068
1975-06-24 06:00:00,82.8968,70.746796,75.3968
1975-06-25 06:00:00,76.6868,69.8468,72.7118
1975-06-26 06:00:00,78.9368,68.496796,73.4243
1975-06-27 06:00:00,83.5268,66.246796,74.380554
1975-06-28 06:00:00,82.5368,69.4868,75.2243
1975-06-29 06:00:00,82.9868,68.6768,75.5018
1975-06-30 06:00:00,81.636795,67.3268,74.53805
1975-07-01 06:00:00,84.7868,63.816795,75.6068
1975-07-02 06:00:00,87.1268,66.4268,78.47555
1975-07-03 06:00:00,87.846794,69.7568,77.93179
1975-07-04 06:00:00,77.9468,64.9868,72.3818
1975-07-05 06:00:00,83.166794,59.9468,74.3318
1975-07-06 06:00:00,80.0168,69.0368,73.24054
1975-07-07 06:00:00,77.7668,68.9468,72.92179
1975-07-08 06:00:00,81.4568,64.6268,71.2793
1975-07-09 06:00:00,78.1268,63.7268,71.21555
1975-07-10 06:00:00,71.6468,60.5768,66.3143
1975-07-11 06:00:00,71.5568,53.8268,62.7368
1975-07-12 06:00:00,66.9668,54.9968,61.1018
1975-07-13 06:00:00,68.496796,52.2968,61.420555
1975-07-14 06:00:00,74.6168,58.2368,65.64305
1975-07-15 06:00:00,82.7168,60.396797,72.29555
1975-07-16 06:00:00,86.5868,65.7968,76.694305
1975-07-17 06:00:00,87.0368,67.1468,77.9843
1975-07-18 06:00:00,84.69679,68.7668,77.81555
1975-07-19 06:00:00,85.7768,74.7068,78.700554
1975-07-20 06:00:00,83.886795,70.6568,77.245544
1975-07-21 06:00:00,78.2168,67.8668,72.72305
1975-07-22 06:00:00,86.0468,64.5368,75.90305
1975-07-23 06:00:00,81.4568,69.666794,75.730545
1975-07-24 06:00:00,81.9068,69.1268,75.32555
1975-07-25 06:00:00,77.2268,63.1868,69.629295
1975-07-26 06:00:00,80.8268,59.5868,71.8793
1975-07-27 06:00:00,87.1268,69.2168,77.55679
1975-07-28 06:00:00,85.0568,63.5468,75.44556
1975-07-29 06:00:00,86.6768,68.316795,77.699295
1975-07-30 06:00:00,88.746796,67.8668,79.9268
1975-07-31 06:00:00,89.646805,70.386795,81.14931
1975-08-01 06:00:00,89.2868,72.1868,81.1268
1975-08-02 06:00:00,78.1268,70.6568,73.983055
1975-08-03 06:00:00,80.2868,66.8768,74.166794
1975-08-04 06:00:00,86.5868,63.276802,76.458046
1975-08-05 06:00:00,74.7968,69.1268,72.25805
1975-08-06 06:00:00,70.8368,63.5468,66.959305
1975-08-07 06:00:00,72.0068,59.3168,66.37805
1975-08-08 06:00:00,79.566795,59.3168,69.88055
1975-08-09 06:00:00,85.416794,63.816795,75.10431
1975-08-10 06:00:00,86.0468,69.666794,75.715546
1975-08-11 06:00:00,85.6868,68.496796,76.75429
1975-08-12 06:00:00,87.3968,68.136795,77.87554
1975-08-13 06:00:00,81.0968,73.0868,77.841805
1975-08-14 06:00:00,78.1268,69.3968,73.29305
1975-08-15 06:00:00,76.8668,67.6868,72.01805
1975-08-16 06:00:00,81.3668,63.3668,73.964294
1975-08-17 06:00:00,81.4568,67.416794,74.21555
1975-08-18 06:00:00,78.5768,66.4268,71.25305
1975-08-19 06:00:00,76.0568,66.1568,70.12805
1975-08-20 06:00:00,83.2568,65.7968,74.6543
1975-08-21 06:00:00,91.2668,73.8968,80.73305
1975-08-22 06:00:00,77.0468,70.6568,73.81055
1975-08-23 06:00:00,90.006805,73.2668,81.17555
1975-08-24 06:00:00,88.566795,76.7768,82.60805
1975-08-25 06:00:00,82.1768,71.6468,78.0518
1975-08-26 06:00:00,81.0968,67.6868,74.02805
1975-08-27 06:00:00,78.666794,66.4268,72.303055
1975-08-28 06:00:00,83.4368,67.9568,75.44554
1975-08-29 06:00:00,77.4068,70.0268,71.94679
1975-08-30 06:00:00,70.2068,67.8668,69.16431
1975-08-31 06:00:00,71.6468,64.5368,68.48554
1975-09-01 06:00:00,79.9268,58.686802,70.2218
1975-09-02 06:00:00,72.816795,62.736797,69.8093
1975-09-03 06:00:00,84.066795,62.466797,72.786804
1975-09-04 06:00:00,70.1168,60.6668,66.198044
1975-09-05 06:00:00,64.3568,58.2368,61.641796
1975-09-06 06:00:00,68.9468,54.8168,61.4318
1975-09-07 06:00:00,75.1568,54.5468,64.72055
1975-09-08 06:00:00,66.6068,55.2668,60.38555
1975-09-09 06:00:00,63.1868,54.3668,58.810555
1975-09-10 06:00:00,79.8368,57.2468,68.1893
1975-09-11 06:00:00,70.1168,62.3768,66.79805
1975-09-12 06:00:00,61.4768,51.1268,55.128048
1975-09-13 06:00:00,59.6768,45.4568,52.060555
1975-09-14 06:00:00,64.3568,44.1068,55.0718
1975-09-15 06:00:00,62.916798,53.1968,58.38305
1975-09-16 06:00:00,67.9568,55.9868,61.69805
1975-09-17 06:00:00,69.2168,58.0568,64.2518
1975-09-18 06:00:00,74.3468,60.1268,67.154305
1975-09-19 06:00:00,67.5068,56.886803,63.138046
1975-09-20 06:00:00,58.4168,51.3968,54.97055
1975-09-21 06:00:00,57.4268,51.756798,54.074303
1975-09-22 06:00:00,61.4768,48.8768,54.475548
1975-09-23 06:00:00,65.166794,44.7368,56.763046
1975-09-24 06:00:00,59.9468,54.636803,56.6918
1975-09-25 06:00:00,55.7168,52.5668,54.14555
1975-09-26 06:00:00,60.3068,46.9868,53.7743
1975-09-27 06:00:00,64.4468,45.0968,54.2693
1975-09-28 06:00:00,66.7868,43.1168,55.9868
1975-09-29 06:00:00,60.3068,51.8468,55.5368
1975-09-30 06:00:00,69.7568,51.1268,60.074303
1975-10-01 06:00:00,56.526802,48.6068,52.154305
1975-10-02 06:00:00,51.1268,42.576797,46.581802
1975-10-03 06:00:00,64.3568,42.2168,52.4243
1975-10-04 06:00:00,68.7668,46.8968,56.7668
1975-10-05 06:00:00,69.4868,49.1468,59.41055
1975-10-06 06:00:00,67.5968,50.6768,57.77555
1975-10-07 06:00:00,68.136795,49.506798,57.809303
1975-10-08 06:00:00,68.136795,52.2968,59.6468
1975-10-09 06:00:00,70.8368,49.1468,59.9468
1975-10-10 06:00:00,66.8768,49.9568,56.86055
1975-10-11 06:00:00,61.2068,45.7268,52.8368
1975-10-12 06:00:00,69.9368,46.7168,57.974297
1975-10-13 06:00:00,82.7168,61.026802,70.66055
1975-10-14 06:00:00,80.6468,62.8268,70.559296
1975-10-15 06:00:00,65.0768,49.2368,59.00555
1975-10-16 06:00:00,54.3668,41.9468,48.94055
1975-10-17 06:00:00,53.6468,49.4168,51.831802
1975-10-18 06:00:00,50.9468,47.526802,49.07555
1975-10-19 06:00:00,53.6468,47.7068,50.6168
1975-10-20 06:00:00,67.416794,44.0168,55.923046
1975-10-21 06:00:00,70.0268,51.3968,59.0768
1975-10-22 06:00:00,76.3268,53.0168,63.76055
1975-10-23 06:00:00,73.4468,59.9468,66.303055
1975-10-24 06:00:00,73.9868,52.6568,65.9243
1975-10-25 06:00:00,52.5668,41.5868,46.97555
1975-10-26 06:00:00,55.3568,38.6168,46.51805
1975-10-27 06:00:00,64.3568,43.386803,52.93055
1975-10-28 06:00:00,62.286797,51.1268,55.548054
1975-10-29 06:00:00,51.936802,43.7468,48.46055
1975-10-30 06:00:00,48.9668,40.4168,44.77055
1975-10-31 06:00:00,59.3168,41.8568,50.1743
1975-11-01 06:00:00,58.9568,51.0368,54.61055
1975-11-02 06:00:00,68.9468,53.5568,59.901802
1975-11-03 06:00:00,62.1068,56.436802,59.14055
1975-11-04 06:00:00,67.416794,54.4568,59.988052
1975-11-05 06:00:00,69.0368,53.0168,60.71555
1975-11-06 06:00:00,71.916794,58.596798,64.308044
1975-11-07 06:00:00,67.5068,59.9468,63.0968
1975-11-08 06:00:00,62.736797,53.6468,58.218052
1975-11-09 06:00:00,68.9468,53.5568,61.683052
1975-11-10 06:00:00,63.276802,43.7468,49.92305
1975-11-11 06:00:00,55.1768,38.2568,47.98805
1975-11-12 06:00:00,52.9268,37.4468,42.43055
1975-11-13 06:00:00,40.0568,33.3068,36.0593
1975-11-14 06:00:00,38.7068,28.2668,32.9468
1975-11-15 06:00:00,54.006798,32.1368,42.3218
1975-11-16 06:00:00,61.9268,37.8968,48.94805
1975-11-17 06:00:00,64.9868,46.9868,54.3818
1975-11-18 06:00:00,64.5368,48.6968,55.113052
1975-11-19 06:00:00,61.7468,43.5668,51.498055
1975-11-20 06:00:00,57.2468,39.3368,49.60805
1975-11-21 06:00:00,41.2268,34.2968,37.43555
1975-11-22 06:00:00,39.6968,29.2568,33.49805
1975-11-23 06:00:00,38.9768,24.1268,32.2043
1975-11-24 06:00:00,38.7968,30.8768,34.57805
1975-11-25 06:00:00,34.2968,26.8268,31.0268
1975-11-26 06:00:00,34.2068,26.3768,30.5243
1975-11-27 06:00:00,34.6568,25.0268,31.58555
1975-11-28 06:00:00,32.6768,22.6868,28.10555
1975-11-29 06:00:00,56.3468,33.3968,45.11555
1975-11-30 06:00:00,60.1268,22.956799,41.0018
1975-12-01 06:00:00,28.2668,18.5468,23.99555
1975-12-02 06:00:00,35.7368,25.0268,29.4968
1975-12-03 06:00:00,31.7768,24.396801,27.9893
1975-12-04 06:00:00,49.1468,28.9868,38.36555
1975-12-05 06:00:00,60.396797,43.5668,52.394302
1975-12-06 06:00:00,42.3968,32.0468,34.50305
1975-12-07 06:00:00,34.6568,25.7468,31.10555
1975-12-08 06:00:00,34.8368,27.2768,31.2818
1975-12-09 06:00:00,34.9268,26.5568,30.5543
1975-12-10 06:00:00,33.9368,22.956799,29.0168
1975-12-11 06:00:00,36.9068,32.5868,34.9043
1975-12-12 06:00:00,36.8168,33.6668,35.3918
1975-12-13 06:00:00,59.136803,35.7368,49.683052
1975-12-14 06:00:00,62.3768,43.5668,56.2868
1975-12-15 06:00:00,42.1268,27.3668,33.3368
1975-12-16 06:00:00,34.5668,22.956799,27.494299
1975-12-17 06:00:00,21.6068,9.726801,14.350552
1975-12-18 06:00:00,14.8568,5.136801,10.48805
1975-12-19 06:00:00,33.9368,15.0368,26.58305
1975-12-20 06:00:00,34.2968,30.0668,32.41055
1975-12-21 06:00:00,31.5068,24.1268,28.04555
1975-12-22 06:00:00,34.9268,20.4368,27.15305
1975-12-23 06:00:00,32.8568,25.6568,29.20055
1975-12-24 06:00:00,33.4868,24.9368,29.29805
1975-12-25 06:00:00,34.4768,28.5368,31.0043
1975-12-26 06:00:00,33.8468,25.476799,30.66305
1975-12-27 06:00:00,27.0968,21.6068,24.5168
1975-12-28 06:00:00,30.6068,21.4268,25.758049
1975-12-29 06:00:00,32.2268,22.5968,28.75055
1975-12-30 06:00:00,34.9268,20.6168,30.00305
1975-12-31 06:00:00,35.5568,15.486801,28.3268
1976-01-01 06:00:00,35.8268,30.6068,33.04055
1976-01-02 06:00:00,38.0768,26.916801,32.41805
1976-01-03 06:00:00,25.9268,9.726801,17.1818
1976-01-04 06:00:00,12.246799,2.5268002,7.1317997
1976-01-05 06:00:00,26.2868,-0.26320267,14.264301
1976-01-06 06:00:00,34.9268,20.706799,28.05305
1976-01-07 06:00:00,29.7968,-0.80319977,14.924301
1976-01-08 06:00:00,7.0268,-7.733204,0.021800995
1976-01-09 06:00:00,14.226801,-0.5332031,5.954296
1976-01-10 06:00:00,28.7168,-1.3432007,14.75555
1976-01-11 06:00:00,31.1468,18.2768,25.480549
1976-01-12 06:00:00,36.9068,15.306799,26.196798
1976-01-13 06:00:00,31.7768,23.1368,28.2593
1976-01-14 06:00:00,22.5968,14.9468,19.326803
1976-01-15 06:00:00,34.1168,3.6967983,21.8843
1976-01-16 06:00:00,32.5868,6.6667995,19.1843
1976-01-17 06:00:00,12.6968,0.63679886,5.77055
1976-01-18 06:00:00,16.2968,-5.7532005,6.865549
1976-01-19 06:00:00,33.3068,17.1968,26.9918
1976-01-20 06:00:00,26.1068,12.876801,19.300549
1976-01-21 06:00:00,25.9268,16.6568,20.86805
1976-01-22 06:00:00,20.6168,11.6168,16.8893
1976-01-23 06:00:00,31.8668,8.376801,22.03055
1976-01-24 06:00:00,32.7668,20.6168,25.90055
1976-01-25 06:00:00,29.6168,15.396801,24.80555
1976-01-26 06:00:00,28.0868,6.6667995,20.684301
1976-01-27 06:00:00,14.8568,-2.8731995,4.683054
1976-01-28 06:00:00,36.1868,-0.71320343,20.965551
1976-01-29 06:00:00,33.6668,17.2868,23.18555
1976-01-30 06:00:00,27.9968,19.4468,24.2018
1976-01-31 06:00:00,30.8768,16.0268,23.03555
1976-02-01 06:00:00,33.3068,-1.7032013,18.4268
1976-02-02 06:00:00,8.1968,-10.253201,-1.6619492
1976-02-03 06:00:00,31.9568,-3.773201,12.539303
1976-02-04 06:00:00,28.9868,13.956799,17.249302
1976-02-05 06:00:00,23.7668,15.306799,20.3993
1976-02-06 06:00:00,17.4668,7.1168003,12.306801
1976-02-07 06:00:00,29.4368,8.1068,18.6518
1976-02-08 06:00:00,35.5568,15.216801,29.3543
1976-02-09 06:00:00,40.326797,13.5068,29.3843
1976-02-10 06:00:00,54.0968,35.1068,42.06305
1976-02-11 06:00:00,35.1968,27.0068,31.1993
1976-02-12 06:00:00,53.6468,32.4968,42.738052
1976-02-13 06:00:00,44.2868,25.2068,34.93055
1976-02-14 06:00:00,41.136803,22.236801,31.6718
1976-02-15 06:00:00,60.9368,37.6268,50.8643
1976-02-16 06:00:00,40.8668,30.3368,35.95805
1976-02-17 06:00:00,38.5268,30.6968,34.6193
1976-02-18 06:00:00,48.0668,35.9168,41.11805
1976-02-19 06:00:00,43.1168,30.6068,36.68555
1976-02-20 06:00:00,45.3668,26.646801,35.9768
1976-02-21 06:00:00,36.6368,26.1068,32.4443
1976-02-22 06:00:00,27.4568,20.2568,23.3843
1976-02-23 06:00:00,39.2468,7.1168003,26.601799
1976-02-24 06:00:00,57.7868,35.2868,44.79305
1976-02-25 06:00:00,62.016796,40.326797,51.3668
1976-02-26 06:00:00,55.8968,32.7668,43.308052
1976-02-27 06:00:00,64.2668,33.3968,49.7393
1976-02-28 06:00:00,47.436802,34.2068,38.8643
1976-02-29 06:00:00,52.1168,30.5168,42.666798
1976-03-01 06:00:00,40.8668,29.7068,33.2393
1976-03-02 06:00:00,41.4968,33.5768,35.8193
1976-03-03 06:00:00,43.1168,33.7568,39.32555
1976-03-04 06:00:00,59.0468,31.1468,39.39305
1976-03-05 06:00:00,57.6968,23.7668,35.22305
1976-03-06 06:00:00,40.1468,18.456799,28.4468
1976-03-07 06:00:00,38.6168,26.736801,31.33805
1976-03-08 06:00:00,34.9268,23.3168,28.60055
1976-03-09 06:00:00,43.5668,27.1868,35.60555
1976-03-10 06:00:00,41.5868,29.6168,36.449303
1976-03-11 06:00:00,42.9368,25.5668,35.256798
1976-03-12 06:00:00,58.0568,28.7168,44.8643
1976-03-13 06:00:00,35.7368,23.7668,28.79555
1976-03-14 06:00:00,45.006798,28.8068,36.4418
1976-03-15 06:00:00,32.4968,26.3768,29.0918
1976-03-16 06:00:00,32.7668,22.3268,28.3643
1976-03-17 06:00:00,36.0068,19.6268,27.5918
1976-03-18 06:00:00,60.5768,30.1568,44.9468
1976-03-19 06:00:00,68.0468,48.5168,58.0643
1976-03-20 06:00:00,63.276802,49.8668,58.69055
1976-03-21 06:00:00,48.6068,28.1768,36.636803
1976-03-22 06:00:00,43.1168,23.7668,33.26555
1976-03-23 06:00:00,56.256798,30.4268,43.56305
1976-03-24 06:00:00,66.4268,44.7368,53.613052
1976-03-25 06:00:00,58.3268,37.5368,49.43555
1976-03-26 06:00:00,70.0268,52.1168,61.120552
1976-03-27 06:00:00,56.6168,36.6368,43.941803
1976-03-28 06:00:00,53.4668,29.9768,43.8593
1976-03-29 06:00:00,59.3168,45.3668,51.655552
1976-03-30 06:00:00,57.2468,41.4068,50.8193
1976-03-31 06:00:00,47.7068,36.2768,40.74305
1976-04-01 06:00:00,42.756798,34.3868,38.45555
1976-04-02 06:00:00,55.4468,33.4868,44.18555
1976-04-03 06:00:00,65.3468,40.6868,50.238052
1976-04-04 06:00:00,43.2968,33.0368,37.7543
1976-04-05 06:00:00,58.2368,27.1868,44.714302
1976-04-06 06:00:00,55.5368,39.0668,47.3093
1976-04-07 06:00:00,46.3568,36.0068,40.38305
1976-04-08 06:00:00,43.2968,31.9568,37.214302
1976-04-09 06:00:00,51.3968,30.3368,41.27555
1976-04-10 06:00:00,63.9968,38.5268,50.95055
1976-04-11 06:00:00,39.0668,31.0568,33.46055
1976-04-12 06:00:00,46.1768,29.4368,37.30055
1976-04-13 06:00:00,61.3868,29.5268,46.9943
1976-04-14 06:00:00,72.816795,45.636803,60.528046
1976-04-15 06:00:00,76.8668,61.2968,69.04054
1976-04-16 06:00:00,78.2168,63.4568,70.776794
1976-04-17 06:00:00,77.8568,63.3668,69.7568
1976-04-18 06:00:00,76.416794,58.0568,66.39305
1976-04-19 06:00:00,62.016796,51.4868,56.32055
1976-04-20 06:00:00,57.2468,48.6068,51.58055
1976-04-21 06:00:00,66.3368,50.3168,58.671803
1976-04-22 06:00:00,67.5968,47.256798,55.690548
1976-04-23 06:00:00,56.0768,44.3768,50.523052
1976-04-24 06:00:00,61.3868,43.8368,53.08055
1976-04-25 06:00:00,43.2968,35.4668,38.733047
1976-04-26 06:00:00,45.006798,34.6568,38.2418
1976-04-27 06:00:00,44.1068,33.0368,38.14055
1976-04-28 06:00:00,51.3068,31.5068,42.5918
1976-04-29 06:00:00,55.9868,33.9368,46.668053
1976-04-30 06:00:00,60.396797,43.4768,52.7693
1976-05-01 06:00:00,60.9368,45.4568,53.1743
1976-05-02 06:00:00,51.3968,38.7968,44.7893
1976-05-03 06:00:00,48.7868,35.7368,42.52805
1976-05-04 06:00:00,61.2968,36.5468,50.6318
1976-05-05 06:00:00,74.4368,39.8768,61.379303
1976-05-06 06:00:00,41.8568,38.6168,39.831802
1976-05-07 06:00:00,48.1568,36.5468,42.31805
1976-05-08 06:00:00,60.0368,31.0568,48.153053
1976-05-09 06:00:00,72.1868,49.4168,60.003044
1976-05-10 06:00:00,71.4668,52.6568,62.09555
1976-05-11 06:00:00,57.0668,42.4868,48.7793
1976-05-12 06:00:00,58.8668,40.506798,50.1143
1976-05-13 06:00:00,63.6368,49.8668,57.1493
1976-05-14 06:00:00,61.026802,49.776802,55.5668
1976-05-15 06:00:00,62.736797,54.006798,59.71055
1976-05-16 06:00:00,67.6868,50.7668,59.605553
1976-05-17 06:00:00,54.3668,45.4568,50.433052
1976-05-18 06:00:00,61.7468,43.026802,51.580547
1976-05-19 06:00:00,69.3968,43.2968,57.36305
1976-05-20 06:00:00,78.5768,57.1568,68.3468
1976-05-21 06:00:00,64.5368,49.5968,57.01055
1976-05-22 06:00:00,55.0868,46.4468,50.83805
1976-05-23 06:00:00,54.636803,47.0768,50.1593
1976-05-24 06:00:00,53.3768,45.006798,49.026802
1976-05-25 06:00:00,58.506798,44.9168,51.561802
1976-05-26 06:00:00,65.2568,44.7368,55.6343
1976-05-27 06:00:00,70.746796,48.6068,61.09805
1976-05-28 06:00:00,63.276802,57.8768,60.10055
1976-05-29 06:00:00,68.5868,58.3268,62.845547
1976-05-30 06:00:00,70.746796,57.3368,63.7493
1976-05-31 06:00:00,66.6968,56.526802,62.34305
1976-06-01 06:00:00,64.3568,55.9868,59.93555
1976-06-02 06:00:00,64.1768,54.006798,58.686802
1976-06-03 06:00:00,66.9668,53.6468,60.423054
1976-06-04 06:00:00,72.7268,57.6068,65.03555
1976-06-05 06:00:00,75.066795,60.0368,67.30805
1976-06-06 06:00:00,77.136795,56.1668,68.13305
1976-06-07 06:00:00,82.7168,58.4168,71.98805
1976-06-08 06:00:00,83.886795,64.3568,74.37679
1976-06-09 06:00:00,85.1468,65.7068,75.61055
1976-06-10 06:00:00,84.7868,66.066795,75.76055
1976-06-11 06:00:00,87.7568,66.9668,77.83055
1976-06-12 06:00:00,89.3768,70.6568,80.7968
1976-06-13 06:00:00,90.4568,67.3268,78.98555
1976-06-14 06:00:00,87.3068,67.9568,77.170555
1976-06-15 06:00:00,81.0968,66.8768,74.7893
1976-06-16 06:00:00,69.4868,59.2268,64.334305
1976-06-17 06:00:00,79.2968,56.3468,69.24305
1976-06-18 06:00:00,81.636795,63.816795,71.32805
1976-06-19 06:00:00,69.7568,60.9368,64.87805
1976-06-20 06:00:00,74.0768,55.2668,66.5693
1976-06-21 06:00:00,73.8068,59.3168,68.08805
1976-06-22 06:00:00,73.3568,63.816795,68.47055
1976-06-23 06:00:00,74.9768,60.5768,67.653046
1976-06-24 06:00:00,72.3668,63.4568,68.10305
1976-06-25 06:00:00,78.9368,60.4868,70.521805
1976-06-26 06:00:00,84.4268,64.6268,74.6093
1976-06-27 06:00:00,85.1468,67.1468,76.9793
1976-06-28 06:00:00,84.3368,69.5768,76.39805
1976-06-29 06:00:00,77.6768,61.566795,69.0593
1976-06-30 06:00:00,70.6568,59.6768,64.52556
1976-07-01 06:00:00,74.3468,59.136803,66.97055
1976-07-02 06:00:00,78.2168,56.3468,68.99179
1976-07-03 06:00:00,72.2768,59.3168,68.23805
1976-07-04 06:00:00,76.0568,63.7268,69.95555
1976-07-05 06:00:00,78.8468,64.6268,71.8118
1976-07-06 06:00:00,83.6168,60.396797,74.32805
1976-07-07 06:00:00,81.0968,67.1468,73.52555
1976-07-08 06:00:00,77.9468,65.2568,72.6818
1976-07-09 06:00:00,88.386795,64.3568,77.740555
1976-07-10 06:00:00,94.146805,77.316795,85.5818
1976-07-11 06:00:00,91.6268,72.996796,84.28805
1976-07-12 06:00:00,73.5368,62.466797,68.898056
1976-07-13 06:00:00,80.7368,61.1168,71.6018
1976-07-14 06:00:00,93.6968,72.5468,82.51055
1976-07-15 06:00:00,87.3968,72.636795,78.411804
1976-07-16 06:00:00,73.3568,64.6268,70.72806
1976-07-17 06:00:00,75.7868,59.4068,68.12555
1976-07-18 06:00:00,83.7968,61.7468,73.38305
1976-07-19 06:00:00,82.8968,66.5168,74.96555
1976-07-20 06:00:00,88.0268,73.2668,78.6743
1976-07-21 06:00:00,75.4268,69.0368,71.89055
1976-07-22 06:00:00,77.6768,67.9568,72.3068
1976-07-23 06:00:00,87.3968,70.2068,78.61055
1976-07-24 06:00:00,79.0268,70.386795,75.7118
1976-07-25 06:00:00,84.066795,62.5568,74.714294
1976-07-26 06:00:00,86.316795,67.5968,76.83306
1976-07-27 06:00:00,83.7068,69.8468,76.716805
1976-07-28 06:00:00,82.3568,69.7568,74.5043
1976-07-29 06:00:00,77.0468,64.7168,72.23556
1976-07-30 06:00:00,83.2568,62.646797,73.69806
1976-07-31 06:00:00,71.8268,63.9068,68.6093
1976-08-01 06:00:00,71.1968,60.3068,66.1118
1976-08-02 06:00:00,68.9468,61.2968,65.2568
1976-08-03 06:00:00,74.5268,52.6568,65.3618
1976-08-04 06:00:00,78.3968,59.5868,69.20555
1976-08-05 06:00:00,79.2068,65.7968,69.53555
1976-08-06 06:00:00,68.0468,62.5568,65.6093
1976-08-07 06:00:00,68.2268,59.136803,63.97805
1976-08-08 06:00:00,73.9868,57.7868,66.24305
1976-08-09 06:00:00,78.0368,54.4568,68.18179
1976-08-10 06:00:00,81.0968,63.276802,71.8343
1976-08-11 06:00:00,84.3368,67.7768,74.78555
1976-08-12 06:00:00,79.2968,69.7568,74.253044
1976-08-13 06:00:00,82.0868,67.7768,73.67555
1976-08-14 06:00:00,72.1868,65.2568,68.7968
1976-08-15 06:00:00,69.3068,60.9368,65.36555
1976-08-16 06:00:00,69.666794,58.2368,63.83555
1976-08-17 06:00:00,75.246796,58.2368,67.6043
1976-08-18 06:00:00,79.9268,57.4268,69.850555
1976-08-19 06:00:00,82.1768,62.1968,72.3743
1976-08-20 06:00:00,82.1768,60.6668,73.2368
1976-08-21 06:00:00,83.166794,64.0868,74.23805
1976-08-22 06:00:00,85.2368,65.9768,75.8693
1976-08-23 06:00:00,79.2068,70.2068,74.0993
1976-08-24 06:00:00,78.7568,67.6868,73.28555
1976-08-25 06:00:00,83.6168,69.3968,75.873055
1976-08-26 06:00:00,84.1568,67.7768,75.8243
1976-08-27 06:00:00,90.90681,72.0068,80.9093
1976-08-28 06:00:00,81.2768,63.9968,73.405556
1976-08-29 06:00:00,67.0568,58.2368,63.5243
1976-08-30 06:00:00,76.0568,55.7168,65.98055
1976-08-31 06:00:00,85.416794,63.9968,74.144295
1976-09-01 06:00:00,72.0968,60.0368,66.57305
1976-09-02 06:00:00,69.3968,56.6168,62.82305
1976-09-03 06:00:00,82.7168,61.7468,72.25055
1976-09-04 06:00:00,78.1268,66.3368,72.021805
1976-09-05 06:00:00,67.5968,58.686802,63.73805
1976-09-06 06:00:00,78.9368,54.3668,67.206795
1976-09-07 06:00:00,84.246796,61.6568,72.5318
1976-09-08 06:00:00,86.2268,61.8368,74.8568
1976-09-09 06:00:00,72.636795,61.3868,65.9243
1976-09-10 06:00:00,68.0468,54.7268,61.240547
1976-09-11 06:00:00,79.566795,55.8068,66.573044
1976-09-12 06:00:00,78.3068,58.4168,68.185555
1976-09-13 06:00:00,81.0068,60.0368,70.4243
1976-09-14 06:00:00,80.2868,65.166794,70.60055
1976-09-15 06:00:00,66.3368,60.3068,63.756805
1976-09-16 06:00:00,66.6968,56.886803,61.90805
1976-09-17 06:00:00,70.386795,58.4168,64.4543
1976-09-18 06:00:00,72.9068,54.5468,64.5743
1976-09-19 06:00:00,77.9468,56.436802,67.116806
1976-09-20 06:00:00,65.5268,56.0768,61.304302
1976-09-21 06:00:00,60.756798,51.2168,55.6193
1976-09-22 06:00:00,67.0568,45.8168,56.97305
1976-09-23 06:00:00,66.6068,50.3168,57.715553
1976-09-24 06:00:00,62.5568,44.1968,53.7368
1976-09-25 06:00:00,63.6368,47.7068,56.20805
1976-09-26 06:00:00,58.506798,52.386803,56.6018
1976-09-27 06:00:00,63.1868,53.8268,57.850548
1976-09-28 06:00:00,61.2068,52.6568,56.399303
1976-09-29 06:00:00,65.886795,51.3968,57.92555
1976-09-30 06:00:00,70.746796,49.8668,59.740547
1976-10-01 06:00:00,75.6068,50.6768,62.7218
1976-10-02 06:00:00,75.6968,55.1768,63.97805
1976-10-03 06:00:00,75.246796,56.7968,65.4818
1976-10-04 06:00:00,76.416794,59.2268,67.5593
1976-10-05 06:00:00,64.3568,47.3468,54.59555
1976-10-06 06:00:00,53.7368,46.5368,49.33805
1976-10-07 06:00:00,50.7668,46.8068,48.8843
1976-10-08 06:00:00,53.2868,43.6568,48.69305
1976-10-09 06:00:00,52.7468,41.5868,47.71805
1976-10-10 06:00:00,60.396797,44.1068,51.44555
1976-10-11 06:00:00,64.5368,43.8368,54.25055
1976-10-12 06:00:00,71.8268,54.9968,62.200546
1976-10-13 06:00:00,62.286797,49.506798,57.066803
1976-10-14 06:00:00,64.8068,43.2068,55.40555
1976-10-15 06:00:00,61.566795,45.276802,53.11055
1976-10-16 06:00:00,46.8968,39.7868,43.23305
1976-10-17 06:00:00,44.4668,35.9168,39.95555
1976-10-18 06:00:00,45.0968,35.1968,40.40555
1976-10-19 06:00:00,44.1068,39.1568,41.32055
1976-10-20 06:00:00,45.3668,36.1868,40.27805
1976-10-21 06:00:00,44.8268,35.5568,39.5318
1976-10-22 06:00:00,42.756798,29.8868,35.73305
1976-10-23 06:00:00,45.9968,31.9568,40.53305
1976-10-24 06:00:00,49.1468,44.1968,46.33055
1976-10-25 06:00:00,45.5468,38.5268,42.843052
1976-10-26 06:00:00,41.9468,35.4668,38.5043
1976-10-27 06:00:00,39.2468,27.2768,34.6268
1976-10-28 06:00:00,45.0968,27.4568,36.34055
1976-10-29 06:00:00,52.4768,34.9268,43.02305
1976-10-30 06:00:00,45.0968,40.506798,42.4418
1976-10-31 06:00:00,47.886803,35.0168,42.97055
1976-11-01 06:00:00,48.7868,29.4368,39.5543
1976-11-02 06:00:00,56.3468,41.2268,47.609303
1976-11-03 06:00:00,44.5568,34.5668,39.97805
1976-11-04 06:00:00,40.8668,30.9668,35.8043
1976-11-05 06:00:00,41.8568,29.0768,35.7068
1976-11-06 06:00:00,49.9568,32.5868,40.4093
1976-11-07 06:00:00,37.0868,28.7168,32.9918
1976-11-08 06:00:00,32.6768,22.956799,28.74305
1976-11-09 06:00:00,49.1468,31.0568,38.92055
1976-11-10 06:00:00,38.8868,32.2268,34.8593
1976-11-11 06:00:00,32.8568,27.2768,30.1793
1976-11-12 06:00:00,34.9268,25.2068,29.695549
1976-11-13 06:00:00,36.3668,23.5868,28.896801
1976-11-14 06:00:00,35.5568,21.9668,27.813051
1976-11-15 06:00:00,39.7868,22.6868,30.8393
1976-11-16 06:00:00,44.5568,27.1868,34.6418
1976-11-17 06:00:00,44.6468,32.2268,37.45805
1976-11-18 06:00:00,51.936802,30.3368,41.418053
1976-11-19 06:00:00,45.636803,32.9468,38.8343
1976-11-20 06:00:00,42.8468,29.0768,35.0018
1976-11-21 06:00:00,36.0968,28.896801,32.42555
1976-11-22 06:00:00,32.4968,27.636799,29.7968
1976-11-23 06:00:00,30.0668,22.6868,25.8593
1976-11-24 06:00:00,36.7268,21.4268,28.634298
1976-11-25 06:00:00,53.1068,31.6868,42.4268
1976-11-26 06:00:00,52.8368,37.4468,44.92055
1976-11-27 06:00:00,35.4668,20.4368,29.98805
1976-11-28 06:00:00,19.1768,12.5168,15.46805
1976-11-29 06:00:00,16.2968,8.646801,12.820551
1976-11-30 06:00:00,19.7168,11.886801,16.038052
1976-12-01 06:00:00,25.7468,18.5468,21.768051
1976-12-02 06:00:00,19.1768,8.556799,12.846802
1976-12-03 06:00:00,20.6168,10.1768,16.214304
1976-12-04 06:00:00,24.7568,13.956799,18.03305
1976-12-05 06:00:00,28.9868,13.5068,22.1843
1976-12-06 06:00:00,31.0568,21.2468,27.50555
1976-12-07 06:00:00,19.2668,8.646801,13.30055
1976-12-08 06:00:00,18.2768,10.1768,13.450552
1976-12-09 06:00:00,36.2768,13.056799,24.306799
1976-12-10 06:00:00,38.2568,11.436802,29.9243
1976-12-11 06:00:00,22.146801,3.4267998,14.838049
1976-12-12 06:00:00,31.5968,12.336802,22.3868
1976-12-13 06:00:00,18.7268,6.5768013,12.963053
1976-12-14 06:00:00,40.326797,19.5368,30.9818
1976-12-15 06:00:00,40.9568,21.6968,31.1318
1976-12-16 06:00:00,34.5668,27.726799,30.2768
1976-12-17 06:00:00,39.2468,26.2868,32.50055
1976-12-18 06:00:00,43.026802,24.8468,33.4868
1976-12-19 06:00:00,48.3368,32.7668,39.77555
1976-12-20 06:00:00,32.4068,12.5168,23.89805
1976-12-21 06:00:00,18.456799,7.566799,12.46055
1976-12-22 06:00:00,32.2268,13.236801,23.1218
1976-12-23 06:00:00,26.1068,11.3468,16.7693
1976-12-24 06:00:00,38.4368,12.246799,25.78055
1976-12-25 06:00:00,33.7568,27.726799,29.57555
1976-12-26 06:00:00,31.4168,15.0368,24.50555
1976-12-27 06:00:00,40.1468,14.8568,25.72055
1976-12-28 06:00:00,21.6068,8.1068,16.36805
1976-12-29 06:00:00,11.796801,0.99679947,7.08305
1976-12-30 06:00:00,9.3668,0.99679947,6.3330574
1976-12-31 06:00:00,11.436802,-4.0432014,3.2468014
1977-01-01 06:00:00,17.2868,1.7167969,8.361803
1977-01-02 06:00:00,19.1768,6.306799,13.255554
1977-01-03 06:00:00,26.3768,15.486801,20.4443
1977-01-04 06:00:00,25.1168,14.6768,20.459301
1977-01-05 06:00:00,26.5568,19.086802,22.21805
1977-01-06 06:00:00,25.0268,17.1968,20.69555
1977-01-07 06:00:00,16.6568,3.8768005,10.023052
1977-01-08 06:00:00,16.5668,3.2467995,11.125553
1977-01-09 06:00:00,6.5768013,0.006799698,3.6630516
1977-01-10 06:00:00,9.546801,-1.1632004,4.8780518
1977-01-11 06:00:00,4.7768,-8.273201,-1.3994522
1977-01-12 06:00:00,7.0268,-8.183205,-0.13569641
1977-01-13 06:00:00,24.306799,-10.703201,8.459301
1977-01-14 06:00:00,24.306799,10.806799,15.734301
1977-01-15 06:00:00,14.136801,-3.9532013,8.680552
1977-01-16 06:00:00,-1.4332047,-12.1432,-6.911949
1977-01-17 06:00:00,5.9467983,-12.4132,-3.5819473
1977-01-18 06:00:00,13.8668,-0.44319916,8.466801
1977-01-19 06:00:00,19.986801,5.6768,12.546799
1977-01-20 06:00:00,23.7668,10.986801,17.1968
1977-01-21 06:00:00,24.0368,16.0268,20.32055
1977-01-22 06:00:00,19.986801,7.2067986,12.243052
1977-01-23 06:00:00,26.1968,9.996799,20.241802
1977-01-24 06:00:00,30.7868,25.7468,27.80555
1977-01-25 06:00:00,27.9068,18.9068,24.72305
1977-01-26 06:00:00,28.2668,2.436798,16.461802
1977-01-27 06:00:00,12.6968,-4.853203,3.2168007
1977-01-28 06:00:00,16.1168,-10.343201,-2.5131989
1977-01-29 06:00:00,6.486801,-3.5032005,1.9867973
1977-01-30 06:00:00,9.2768,-3.233204,2.7743034
1977-01-31 06:00:00,16.5668,3.4267998,9.501801
1977-02-01 06:00:00,22.5068,5.5868015,12.3668
1977-02-02 06:00:00,27.9068,3.9668007,16.289299
1977-02-03 06:00:00,28.8068,24.486801,26.515549
1977-02-04 06:00:00,29.2568,15.126801,24.5168
1977-02-05 06:00:00,12.876801,-0.35320282,6.37055
1977-02-06 06:00:00,11.5268,-8.993202,1.2143002
1977-02-07 06:00:00,16.5668,-11.243202,1.7167969
1977-02-08 06:00:00,22.056799,2.6167965,12.83555
1977-02-09 06:00:00,37.8968,22.4168,30.57305
1977-02-10 06:00:00,42.6668,27.3668,35.1818
1977-02-11 06:00:00,45.0968,27.9068,36.5168
1977-02-12 06:00:00,42.4868,27.9068,37.00055
1977-02-13 06:00:00,37.6268,28.7168,33.44555
1977-02-14 06:00:00,29.6168,22.236801,27.34055
1977-02-15 06:00:00,20.976799,11.5268,16.5743
1977-02-16 06:00:00,23.4068,9.546801,16.623055
1977-02-17 06:00:00,33.9368,16.1168,25.37555
1977-02-18 06:00:00,45.4568,26.736801,34.495552
1977-02-19 06:00:00,28.896801,24.8468,27.58805
1977-02-20 06:00:00,29.3468,19.1768,23.9618
1977-02-21 06:00:00,32.1368,17.0168,25.2668
1977-02-22 06:00:00,47.436802,30.6968,35.9543
1977-02-23 06:00:00,55.7168,36.4568,49.3493
1977-02-24 06:00:00,48.6068,34.2968,39.4643
1977-02-25 06:00:00,42.1268,31.9568,36.25805
1977-02-26 06:00:00,33.1268,25.2068,28.6718
1977-02-27 06:00:00,32.6768,23.3168,27.53555
1977-02-28 06:00:00,36.9968,22.056799,28.8218
1977-03-01 06:00:00,33.9368,21.3368,26.8793
1977-03-02 06:00:00,39.1568,20.706799,30.1868
1977-03-03 06:00:00,43.7468,31.3268,38.3618
1977-03-04 06:00:00,44.5568,35.5568,40.428047
1977-03-05 06:00:00,37.7168,31.4168,34.3718
1977-03-06 06:00:00,38.0768,27.1868,32.41805
1977-03-07 06:00:00,45.186802,27.1868,35.47805
1977-03-08 06:00:00,62.466797,34.2068,47.59055
1977-03-09 06:00:00,63.006798,47.886803,53.905552
1977-03-10 06:00:00,60.2168,42.9368,51.9068
1977-03-11 06:00:00,61.1168,47.1668,54.1418
1977-03-12 06:00:00,63.096798,46.1768,55.2818
1977-03-13 06:00:00,51.1268,41.6768,46.401802
1977-03-14 06:00:00,56.256798,42.576797,48.5093
1977-03-15 06:00:00,66.246796,44.1068,53.110554
1977-03-16 06:00:00,50.9468,35.3768,42.723053
1977-03-17 06:00:00,39.9668,28.896801,34.9868
1977-03-18 06:00:00,34.2068,27.9968,32.1143
1977-03-19 06:00:00,37.6268,24.8468,32.00555
1977-03-20 06:00:00,42.756798,30.4268,35.53055
1977-03-21 06:00:00,36.2768,29.9768,32.7818
1977-03-22 06:00:00,38.3468,25.1168,31.2368
1977-03-23 06:00:00,38.5268,24.306799,33.1418
1977-03-24 06:00:00,33.7568,17.826801,28.88555
1977-03-25 06:00:00,48.2468,27.9968,37.61555
1977-03-26 06:00:00,59.6768,35.4668,47.1443
1977-03-27 06:00:00,56.886803,48.6068,52.25555
1977-03-28 06:00:00,59.4068,48.6968,53.17055
1977-03-29 06:00:00,63.1868,50.4068,58.278053
1977-03-30 06:00:00,59.5868,44.4668,50.92805
1977-03-31 06:00:00,44.2868,33.6668,40.214302
1977-04-01 06:00:00,53.5568,32.5868,42.9818
1977-04-02 06:00:00,65.4368,40.326797,50.718052
1977-04-03 06:00:00,41.3168,33.7568,37.510548
1977-04-04 06:00:00,53.6468,34.8368,42.363052
1977-04-05 06:00:00,43.026802,31.5068,35.6018
1977-04-06 06:00:00,41.2268,29.0768,34.3418
1977-04-07 06:00:00,57.5168,32.3168,42.7493
1977-04-08 06:00:00,38.2568,28.896801,32.92805
1977-04-09 06:00:00,55.7168,28.8068,42.88805
1977-04-10 06:00:00,74.7068,45.8168,61.45805
1977-04-11 06:00:00,75.8768,58.4168,66.2468
1977-04-12 06:00:00,76.3268,55.6268,65.41055
1977-04-13 06:00:00,72.1868,43.386803,60.010548
1977-04-14 06:00:00,56.526802,44.7368,49.653053
1977-04-15 06:00:00,68.5868,47.436802,56.781807
1977-04-16 06:00:00,75.246796,52.2068,61.308052
1977-04-17 06:00:00,78.1268,49.4168,64.4543
1977-04-18 06:00:00,80.0168,60.2168,69.1493
1977-04-19 06:00:00,67.9568,60.4868,64.0793
1977-04-20 06:00:00,73.7168,59.4068,65.89805
1977-04-21 06:00:00,66.7868,59.9468,63.4793
1977-04-22 06:00:00,54.5468,43.1168,45.4118
1977-04-23 06:00:00,56.6168,44.4668,49.93055
1977-04-24 06:00:00,53.5568,42.2168,46.82555
1977-04-25 06:00:00,51.2168,40.8668,45.45305
1977-04-26 06:00:00,57.5168,34.9268,47.718052
1977-04-27 06:00:00,74.9768,46.6268,61.949303
1977-04-28 06:00:00,44.1068,36.9068,40.060547
1977-04-29 06:00:00,55.9868,33.0368,45.8918
1977-04-30 06:00:00,63.9968,38.3468,52.9793
1977-05-01 06:00:00,71.6468,48.6968,60.6668
1977-05-02 06:00:00,59.3168,49.0568,54.3968
1977-05-03 06:00:00,63.096798,48.9668,55.44305
1977-05-04 06:00:00,66.6968,49.776802,57.655552
1977-05-05 06:00:00,80.1968,60.6668,70.12055
1977-05-06 06:00:00,67.5968,53.2868,62.350548
1977-05-07 06:00:00,51.756798,42.3068,47.2493
1977-05-08 06:00:00,64.4468,37.5368,47.9393
1977-05-09 06:00:00,49.0568,39.1568,43.679302
1977-05-10 06:00:00,57.5168,38.4368,48.47555
1977-05-11 06:00:00,69.0368,42.756798,57.509296
1977-05-12 06:00:00,74.0768,51.936802,63.9068
1977-05-13 06:00:00,81.2768,58.506798,69.96306
1977-05-14 06:00:00,78.2168,57.8768,67.84805
1977-05-15 06:00:00,80.4668,54.9068,69.52055
1977-05-16 06:00:00,85.1468,65.166794,75.576805
1977-05-17 06:00:00,85.8668,67.6868,75.8918
1977-05-18 06:00:00,84.7868,65.4368,75.5768
1977-05-19 06:00:00,85.0568,63.1868,74.6618
1977-05-20 06:00:00,86.2268,64.5368,76.96805
1977-05-21 06:00:00,85.596794,66.1568,76.709305
1977-05-22 06:00:00,85.1468,71.7368,77.718056
1977-05-23 06:00:00,85.2368,65.7968,75.34805
1977-05-24 06:00:00,82.4468,65.0768,73.84055
1977-05-25 06:00:00,80.7368,62.286797,70.45429
1977-05-26 06:00:00,76.416794,62.736797,68.6993
1977-05-27 06:00:00,76.5968,59.0468,68.5643
1977-05-28 06:00:00,86.7668,60.6668,73.76555
1977-05-29 06:00:00,78.666794,65.7068,70.6943
1977-05-30 06:00:00,76.5968,64.2668,69.2843
1977-05-31 06:00:00,82.0868,64.2668,71.68805
1977-06-01 06:00:00,67.5968,59.4968,64.39055
1977-06-02 06:00:00,61.026802,53.8268,57.53555
1977-06-03 06:00:00,73.3568,51.5768,63.1043
1977-06-04 06:00:00,88.2968,60.4868,75.850555
1977-06-05 06:00:00,80.6468,66.6968,73.4843
1977-06-06 06:00:00,68.496796,54.0968,61.953053
1977-06-07 06:00:00,67.7768,52.026802,58.281803
1977-06-08 06:00:00,66.8768,52.7468,58.154297
1977-06-09 06:00:00,62.1968,50.4968,56.3543
1977-06-10 06:00:00,71.916794,50.8568,62.575554
1977-06-11 06:00:00,80.3768,60.9368,67.34555
1977-06-12 06:00:00,62.466797,58.146797,60.276802
1977-06-13 06:00:00,65.9768,58.3268,61.439304
1977-06-14 06:00:00,69.4868,56.886803,63.3593
1977-06-15 06:00:00,77.6768,56.436802,68.1668
1977-06-16 06:00:00,87.846794,63.816795,76.44681
1977-06-17 06:00:00,86.7668,71.1968,76.458046
1977-06-18 06:00:00,81.0068,68.136795,74.81555
1977-06-19 06:00:00,80.916794,62.646797,72.419304
1977-06-20 06:00:00,76.2368,63.006798,68.7818
1977-06-21 06:00:00,73.7168,59.7668,67.30055
1977-06-22 06:00:00,74.0768,62.016796,67.889305
1977-06-23 06:00:00,80.2868,60.2168,71.5493
1977-06-24 06:00:00,86.7668,68.136795,76.24429
1977-06-25 06:00:00,77.7668,66.246796,72.67805
1977-06-26 06:00:00,82.8968,67.1468,75.22055
1977-06-27 06:00:00,86.496796,67.7768,77.71805
1977-06-28 06:00:00,87.9368,69.8468,78.2993
1977-06-29 06:00:00,81.636795,65.0768,73.428055
1977-06-30 06:00:00,79.8368,65.166794,70.6943
1977-07-01 06:00:00,78.4868,63.7268,71.0768
1977-07-02 06:00:00,80.7368,60.0368,71.958046
1977-07-03 06:00:00,87.4868,68.2268,77.98805
1977-07-04 06:00:00,93.15681,73.2668,83.32055
1977-07-05 06:00:00,93.966805,76.416794,85.3268
1977-07-06 06:00:00,95.4968,77.6768,86.33555
1977-07-07 06:00:00,88.2968,72.4568,80.639305
1977-07-08 06:00:00,86.136795,68.4068,77.03931
1977-07-09 06:00:00,75.1568,65.886795,71.1818
1977-07-10 06:00:00,79.746796,65.5268,73.49555
1977-07-11 06:00:00,83.166794,68.2268,76.72806
1977-07-12 06:00:00,89.9168,72.3668,79.8443
1977-07-13 06:00:00,82.8968,68.2268,75.99305
1977-07-14 06:00:00,96.0368,73.7168,85.3268
1977-07-15 06:00:00,94.5968,78.0368,84.715546
1977-07-16 06:00:00,85.416794,75.4268,79.57806
1977-07-17 06:00:00,87.2168,73.1768,78.4943
1977-07-18 06:00:00,87.2168,75.6968,81.64805
1977-07-19 06:00:00,92.616806,77.496796,85.06055
1977-07-20 06:00:00,92.1668,77.0468,84.05554
1977-07-21 06:00:00,79.566795,70.386795,75.9218
1977-07-22 06:00:00,76.6868,67.416794,71.8568
1977-07-23 06:00:00,81.636795,64.5368,73.61929
1977-07-24 06:00:00,80.3768,68.5868,74.2193
1977-07-25 06:00:00,73.5368,63.9968,70.53305
1977-07-26 06:00:00,70.746796,61.6568,66.303055
1977-07-27 06:00:00,73.6268,60.396797,67.6718
1977-07-28 06:00:00,82.2668,62.1968,72.9518
1977-07-29 06:00:00,80.916794,68.136795,73.71305
1977-07-30 06:00:00,85.8668,66.1568,77.3468
1977-07-31 06:00:00,84.5168,68.316795,75.89555
1977-08-01 06:00:00,78.666794,62.466797,71.020546
1977-08-02 06:00:00,79.4768,65.2568,70.89305
1977-08-03 06:00:00,81.816795,63.5468,72.82805
1977-08-04 06:00:00,85.1468,69.4868,75.036804
1977-08-05 06:00:00,80.5568,68.7668,73.233055
1977-08-06 06:00:00,76.5068,69.1268,72.06305
1977-08-07 06:00:00,85.416794,70.1168,76.6193
1977-08-08 06:00:00,79.0268,70.2968,73.956795
1977-08-09 06:00:00,76.9568,67.1468,72.54305
1977-08-10 06:00:00,82.8068,69.4868,75.209305
1977-08-11 06:00:00,71.1968,61.1168,66.9668
1977-08-12 06:00:00,75.246796,56.526802,66.25055
1977-08-13 06:00:00,81.4568,61.1168,71.15555
1977-08-14 06:00:00,73.8968,64.8068,69.16055
1977-08-15 06:00:00,75.246796,61.8368,69.61805
1977-08-16 06:00:00,79.1168,69.7568,74.3243
1977-08-17 06:00:00,74.3468,63.006798,68.2643
1977-08-18 06:00:00,68.2268,58.686802,63.880547
1977-08-19 06:00:00,70.4768,57.7868,64.323044
1977-08-20 06:00:00,71.4668,59.3168,65.699295
1977-08-21 06:00:00,73.3568,60.9368,66.074295
1977-08-22 06:00:00,76.5068,59.6768,68.50806
1977-08-23 06:00:00,71.6468,61.6568,65.740555
1977-08-24 06:00:00,68.9468,59.4068,63.7493
1977-08-25 06:00:00,74.5268,54.186802,65.6918
1977-08-26 06:00:00,81.5468,62.466797,72.76055
1977-08-27 06:00:00,87.5768,75.5168,81.014305
1977-08-28 06:00:00,83.7068,65.5268,75.7268
1977-08-29 06:00:00,74.4368,64.1768,68.5043
1977-08-30 06:00:00,78.1268,61.7468,70.6343
1977-08-31 06:00:00,85.6868,68.6768,76.6568
1977-09-01 06:00:00,76.8668,71.1068,73.5818
1977-09-02 06:00:00,78.7568,67.5068,72.28055
1977-09-03 06:00:00,70.386795,65.7068,67.78805
1977-09-04 06:00:00,80.1068,65.166794,71.9018
1977-09-05 06:00:00,72.4568,62.8268,68.44055
1977-09-06 06:00:00,73.5368,58.776802,67.176796
1977-09-07 06:00:00,77.316795,63.4568,68.5643
1977-09-08 06:00:00,77.8568,62.016796,69.948044
1977-09-09 06:00:00,75.4268,62.466797,70.334305
1977-09-10 06:00:00,68.9468,57.7868,62.95055
1977-09-11 06:00:00,72.2768,55.0868,64.20305
1977-09-12 06:00:00,62.466797,59.136803,60.734303
1977-09-13 06:00:00,65.7068,59.2268,62.2268
1977-09-14 06:00:00,67.9568,57.6968,62.890545
1977-09-15 06:00:00,63.5468,59.6768,61.469296
1977-09-16 06:00:00,70.1168,62.646797,65.9543
1977-09-17 06:00:00,76.5968,62.5568,68.7743
1977-09-18 06:00:00,78.9368,66.7868,71.16681
1977-09-19 06:00:00,69.3068,62.646797,66.25805
1977-09-20 06:00:00,62.3768,57.0668,59.2193
1977-09-21 06:00:00,65.2568,54.276802,60.5543
1977-09-22 06:00:00,69.9368,57.3368,63.273052
1977-09-23 06:00:00,69.8468,56.526802,64.6418
1977-09-24 06:00:00,72.5468,62.286797,68.11055
1977-09-25 06:00:00,74.3468,57.6068,65.050545
1977-09-26 06:00:00,70.2968,57.6068,63.7868
1977-09-27 06:00:00,62.3768,54.636803,59.391804
1977-09-28 06:00:00,66.3368,53.7368,59.406803
1977-09-29 06:00:00,68.316795,50.5868,59.489296
1977-09-30 06:00:00,67.416794,57.5168,61.93055
1977-10-01 06:00:00,61.9268,56.3468,58.30805
1977-10-02 06:00:00,56.7068,49.2368,53.2718
1977-10-03 06:00:00,59.6768,45.006798,52.50305
1977-10-04 06:00:00,63.3668,44.8268,54.1268
1977-10-05 06:00:00,63.4568,51.3968,56.92805
1977-10-06 06:00:00,55.9868,44.8268,50.5418
1977-10-07 06:00:00,52.2068,47.526802,49.58555
1977-10-08 06:00:00,56.886803,46.7168,52.16555
1977-10-09 06:00:00,52.5668,44.3768,47.500553
1977-10-10 06:00:00,61.3868,42.2168,51.494305
1977-10-11 06:00:00,50.136803,40.9568,45.27305
1977-10-12 06:00:00,51.2168,38.0768,44.91305
1977-10-13 06:00:00,54.9968,34.3868,45.2243
1977-10-14 06:00:00,62.1068,40.9568,50.920547
1977-10-15 06:00:00,55.3568,42.9368,49.97555
1977-10-16 06:00:00,49.506798,39.2468,43.95305
1977-10-17 06:00:00,60.1268,38.0768,48.71555
1977-10-18 06:00:00,53.1068,47.7068,49.4693
1977-10-19 06:00:00,54.7268,42.8468,49.188053
1977-10-20 06:00:00,60.846798,42.4868,51.3593
1977-10-21 06:00:00,68.5868,47.7068,57.115547
1977-10-22 06:00:00,57.2468,47.886803,52.0418
1977-10-23 06:00:00,50.8568,45.9968,49.131798
1977-10-24 06:00:00,66.6968,47.7068,56.79305
1977-10-25 06:00:00,63.1868,55.6268,58.300552
1977-10-26 06:00:00,61.3868,47.0768,54.726803
1977-10-27 06:00:00,64.3568,45.636803,54.6293
1977-10-28 06:00:00,58.9568,51.936802,54.966805
1977-10-29 06:00:00,56.886803,48.1568,51.933052
1977-10-30 06:00:00,55.8968,45.5468,51.093052
1977-10-31 06:00:00,61.2068,50.3168,56.403053
1977-11-01 06:00:00,59.8568,57.6968,58.60805
1977-11-02 06:00:00,67.7768,54.4568,60.190544
1977-11-03 06:00:00,69.5768,56.436802,62.219303
1977-11-04 06:00:00,58.146797,51.756798,55.465553
1977-11-05 06:00:00,54.8168,50.0468,52.7318
1977-11-06 06:00:00,59.4068,54.4568,56.5868
1977-11-07 06:00:00,59.0468,55.8068,56.9993
1977-11-08 06:00:00,62.8268,56.1668,59.14805
1977-11-09 06:00:00,63.9968,39.8768,57.175552
1977-11-10 06:00:00,38.7068,35.0168,37.07555
1977-11-11 06:00:00,38.6168,32.9468,35.4893
1977-11-12 06:00:00,35.1968,28.896801,31.7618
1977-11-13 06:00:00,40.506798,28.5368,34.8968
1977-11-14 06:00:00,50.2268,35.4668,41.6468
1977-11-15 06:00:00,57.9668,44.1068,51.438053
1977-11-16 06:00:00,51.756798,40.1468,45.8618
1977-11-17 06:00:00,42.8468,34.9268,39.5243
1977-11-18 06:00:00,41.8568,35.1068,37.57805
1977-11-19 06:00:00,42.8468,30.1568,38.07305
1977-11-20 06:00:00,59.136803,42.4868,51.156803
1977-11-21 06:00:00,40.326797,27.4568,31.32305
1977-11-22 06:00:00,36.0068,27.5468,32.2118
1977-11-23 06:00:00,38.7968,32.3168,34.9268
1977-11-24 06:00:00,36.4568,30.4268,32.6918
1977-11-25 06:00:00,32.2268,14.226801,24.22805
1977-11-26 06:00:00,19.6268,5.4967995,12.3105545
1977-11-27 06:00:00,26.1968,14.6768,22.2218
1977-11-28 06:00:00,23.4068,13.5068,18.321798
1977-11-29 06:00:00,32.4068,12.156799,22.2668
1977-11-30 06:00:00,36.0968,15.7568,28.701801
1977-12-01 06:00:00,37.4468,30.6968,33.4643
1977-12-02 06:00:00,33.8468,26.2868,30.205551
1977-12-03 06:00:00,26.916801,19.7168,23.178051
1977-12-04 06:00:00,32.1368,13.8668,24.29555
1977-12-05 06:00:00,33.7568,30.5168,32.01305
1977-12-06 06:00:00,29.7968,6.1268005,12.284302
1977-12-07 06:00:00,17.9168,4.236801,9.689304
1977-12-08 06:00:00,23.8568,11.076801,18.7793
1977-12-09 06:00:00,16.206799,-2.9632034,4.5893
1977-12-10 06:00:00,10.716801,1.1767998,4.6980476
1977-12-11 06:00:00,15.936802,-1.9731979,7.12805
1977-12-12 06:00:00,39.4268,19.086802,33.843052
1977-12-13 06:00:00,40.776802,34.5668,38.2193
1977-12-14 06:00:00,35.5568,30.9668,33.12305
1977-12-15 06:00:00,41.136803,29.6168,34.5593
1977-12-16 06:00:00,48.4268,33.2168,40.3643
1977-12-17 06:00:00,53.1968,39.5168,46.6493
1977-12-18 06:00:00,41.2268,32.7668,37.12805
1977-12-19 06:00:00,39.9668,34.2968,36.7493
1977-12-20 06:00:00,37.4468,22.956799,30.6518
1977-12-21 06:00:00,34.5668,21.8768,28.473051
1977-12-22 06:00:00,31.9568,12.336802,23.3918
1977-12-23 06:00:00,32.7668,18.6368,28.8818
1977-12-24 06:00:00,39.2468,15.576801,28.049301
1977-12-25 06:00:00,14.046801,-1.8832016,6.42305
1977-12-26 06:00:00,10.2668,-3.0531998,3.4567986
1977-12-27 06:00:00,5.136801,-3.5032005,1.1242981
1977-12-28 06:00:00,25.5668,2.0768013,16.626802
1977-12-29 06:00:00,35.0168,18.5468,24.5618
1977-12-30 06:00:00,34.2968,19.896801,28.0943
1977-12-31 06:00:00,33.2168,26.0168,30.070549
1978-01-01 06:00:00,30.9668,8.556799,25.3568
1978-01-02 06:00:00,15.396801,-0.71320343,8.841801
1978-01-03 06:00:00,16.3868,4.3268013,10.889301
1978-01-04 06:00:00,34.2068,16.206799,26.1668
1978-01-05 06:00:00,34.6568,19.806799,27.3893
1978-01-06 06:00:00,34.7468,19.086802,29.6693
1978-01-07 06:00:00,37.3568,34.3868,35.151802
1978-01-08 06:00:00,34.3868,4.8668003,19.023052
1978-01-09 06:00:00,4.596798,-5.1231995,-0.93444824
1978-01-10 06:00:00,7.1168003,-8.363201,-1.7257004
1978-01-11 06:00:00,14.406799,-6.9231987,2.3055515
1978-01-12 06:00:00,15.306799,0.45679855,8.733053
1978-01-13 06:00:00,27.0068,11.076801,22.2668
1978-01-14 06:00:00,24.306799,8.1968,19.4393
1978-01-15 06:00:00,15.936802,0.81679726,7.9080524
1978-01-16 06:00:00,17.2868,4.686802,12.318052
1978-01-17 06:00:00,22.056799,16.836802,19.6793
1978-01-18 06:00:00,26.0168,16.3868,20.628052
1978-01-19 06:00:00,25.476799,18.0968,21.775549
1978-01-20 06:00:00,23.4968,11.5268,20.050552
1978-01-21 06:00:00,20.976799,5.316799,11.946802
1978-01-22 06:00:00,18.2768,-1.1632004,8.4218025
1978-01-23 06:00:00,28.1768,12.7868,20.991798
1978-01-24 06:00:00,32.8568,20.1668,27.100552
1978-01-25 06:00:00,30.3368,24.2168,26.793049
1978-01-26 06:00:00,23.7668,12.966801,18.5918
1978-01-27 06:00:00,14.9468,9.2768,11.680553
1978-01-28 06:00:00,17.736801,9.0968,12.250553
1978-01-29 06:00:00,15.396801,3.1567993,8.226801
1978-01-30 06:00:00,12.876801,-4.5832024,5.0092964
1978-01-31 06:00:00,16.6568,6.2168007,10.5368
1978-02-01 06:00:00,17.0168,4.7768,11.0093
1978-02-02 06:00:00,14.6768,3.6967983,9.8805485
1978-02-03 06:00:00,17.2868,3.6967983,11.23805
1978-02-04 06:00:00,19.6268,-0.26320267,12.42305
1978-02-05 06:00:00,20.0768,3.7868004,13.240551
1978-02-06 06:00:00,7.6567993,-1.4332047,2.369299
1978-02-07 06:00:00,12.7868,-0.80319977,5.549305
1978-02-08 06:00:00,19.4468,6.6667995,12.535549
1978-02-09 06:00:00,21.2468,7.9268,13.9568
1978-02-10 06:00:00,25.5668,-0.08320236,11.973049
1978-02-11 06:00:00,27.9068,5.5868015,15.74555
1978-02-12 06:00:00,28.2668,13.5068,19.02305
1978-02-13 06:00:00,24.1268,15.7568,20.8418
1978-02-14 06:00:00,25.2968,11.886801,18.1568
1978-02-15 06:00:00,21.5168,13.5068,16.9943
1978-02-16 06:00:00,16.2968,10.3568,12.813049
1978-02-17 06:00:00,19.2668,4.146799,11.181801
1978-02-18 06:00:00,20.976799,-1.0732002,9.603054
1978-02-19 06:00:00,20.6168,4.7768,13.5443
1978-02-20 06:00:00,22.6868,8.556799,15.250555
1978-02-21 06:00:00,22.236801,12.4268,16.15055
1978-02-22 06:00:00,24.0368,-3.4132004,11.961802
1978-02-23 06:00:00,28.7168,15.7568,22.6418
1978-02-24 06:00:00,35.7368,18.6368,28.18805
1978-02-25 06:00:00,33.8468,23.9468,30.2168
1978-02-26 06:00:00,26.4668,12.6068,20.088049
1978-02-27 06:00:00,28.0868,9.2768,19.2743
1978-02-28 06:00:00,28.1768,17.3768,23.16305
1978-03-01 06:00:00,22.5068,9.186802,17.129303
1978-03-02 06:00:00,23.0468,6.396799,16.2968
1978-03-03 06:00:00,24.306799,14.6768,19.870552
1978-03-04 06:00:00,21.0668,5.5868015,12.850552
1978-03-05 06:00:00,21.2468,-0.71320343,11.58305
1978-03-06 06:00:00,27.9068,9.456799,19.94555
1978-03-07 06:00:00,27.9068,19.806799,23.856798
1978-03-08 06:00:00,27.0068,17.9168,23.01305
1978-03-09 06:00:00,38.2568,15.8468,26.86805
1978-03-10 06:00:00,40.506798,20.4368,31.08305
1978-03-11 06:00:00,37.2668,27.8168,31.87055
1978-03-12 06:00:00,40.776802,26.916801,33.0368
1978-03-13 06:00:00,38.8868,27.726799,33.374302
1978-03-14 06:00:00,38.6168,33.3968,35.163048
1978-03-15 06:00:00,38.8868,28.9868,34.0118
1978-03-16 06:00:00,35.1968,25.1168,29.96555
1978-03-17 06:00:00,31.0568,14.7668,25.139301
1978-03-18 06:00:00,41.0468,13.056799,28.9793
1978-03-19 06:00:00,45.636803,27.0968,36.7868
1978-03-20 06:00:00,50.5868,25.9268,39.88055
1978-03-21 06:00:00,45.9968,34.6568,40.4318
1978-03-22 06:00:00,55.2668,35.3768,43.9118
1978-03-23 06:00:00,43.6568,29.9768,36.5993
1978-03-24 06:00:00,30.0668,21.7868,26.8793
1978-03-25 06:00:00,29.2568,23.226799,26.425549
1978-03-26 06:00:00,32.0468,28.2668,30.10805
1978-03-27 06:00:00,44.0168,27.9068,35.3018
1978-03-28 06:00:00,56.0768,36.1868,44.5868
1978-03-29 06:00:00,40.4168,28.2668,35.0843
1978-03-30 06:00:00,52.5668,26.1068,39.35555
1978-03-31 06:00:00,73.1768,41.136803,58.2443
1978-04-01 06:00:00,63.9968,28.3568,50.55305
1978-04-02 06:00:00,36.0968,25.6568,31.4018
1978-04-03 06:00:00,65.9768,37.3568,47.136803
1978-04-04 06:00:00,60.2168,41.7668,52.491802
1978-04-05 06:00:00,54.5468,33.3968,43.70555
1978-04-06 06:00:00,55.5368,42.6668,48.1493
1978-04-07 06:00:00,66.9668,40.1468,51.16055
1978-04-08 06:00:00,40.5968,32.8568,36.71555
1978-04-09 06:00:00,57.6968,37.7168,47.339302
1978-04-10 06:00:00,69.4868,43.5668,55.608047
1978-04-11 06:00:00,54.3668,38.8868,47.1743
1978-04-12 06:00:00,63.006798,37.1768,52.2668
1978-04-13 06:00:00,52.2968,37.7168,45.363052
1978-04-14 06:00:00,53.1968,36.8168,45.081802
1978-04-15 06:00:00,50.136803,33.2168,39.8468
1978-04-16 06:00:00,44.1968,29.0768,36.6293
1978-04-17 06:00:00,49.5968,30.6068,40.86305
1978-04-18 06:00:00,56.886803,40.2368,46.13555
1978-04-19 06:00:00,47.256798,38.4368,42.2993
1978-04-20 06:00:00,41.0468,34.2068,38.3768
1978-04-21 06:00:00,44.5568,31.5068,36.52055
1978-04-22 06:00:00,51.0368,26.646801,40.0493
1978-04-23 06:00:00,56.886803,42.3068,47.53055
1978-04-24 06:00:00,59.4068,41.4068,48.741802
1978-04-25 06:00:00,51.1268,39.3368,44.043053
1978-04-26 06:00:00,53.9168,38.3468,45.2318
1978-04-27 06:00:00,57.3368,37.3568,46.1018
1978-04-28 06:00:00,63.9968,34.6568,50.31305
1978-04-29 06:00:00,63.276802,39.2468,48.089302
1978-04-30 06:00:00,44.0168,34.5668,38.6168
1978-05-01 06:00:00,44.1068,30.8768,37.0493
1978-05-02 06:00:00,49.0568,33.6668,40.7093
1978-05-03 06:00:00,54.636803,32.7668,44.249302
1978-05-04 06:00:00,48.6068,39.9668,43.6718
1978-05-05 06:00:00,42.756798,38.5268,40.64555
1978-05-06 06:00:00,55.4468,35.9168,45.05555
1978-05-07 06:00:00,49.0568,40.5968,46.19555
1978-05-08 06:00:00,67.9568,48.9668,58.1018
1978-05-09 06:00:00,58.8668,48.0668,53.08055
1978-05-10 06:00:00,65.3468,43.8368,56.1818
1978-05-11 06:00:00,66.9668,57.1568,62.05055
1978-05-12 06:00:00,74.5268,56.436802,64.514305
1978-05-13 06:00:00,57.6968,42.9368,49.023052
1978-05-14 06:00:00,47.886803,42.9368,45.370552
1978-05-15 06:00:00,52.2968,43.386803,47.4143
1978-05-16 06:00:00,57.1568,45.276802,51.108047
1978-05-17 06:00:00,64.1768,44.7368,54.3968
1978-05-18 06:00:00,75.1568,48.1568,62.56805
1978-05-19 06:00:00,76.6868,52.026802,66.97805
1978-05-20 06:00:00,76.5968,47.0768,64.7993
1978-05-21 06:00:00,51.936802,42.3968,46.82555
1978-05-22 06:00:00,61.6568,41.8568,52.7993
1978-05-23 06:00:00,63.1868,51.0368,56.1968
1978-05-24 06:00:00,66.6068,49.506798,57.895554
1978-05-25 06:00:00,75.6068,49.1468,64.263054
1978-05-26 06:00:00,81.9068,62.5568,72.3743
1978-05-27 06:00:00,84.1568,64.4468,74.388054
1978-05-28 06:00:00,84.246796,63.9068,74.81555
1978-05-29 06:00:00,82.8068,66.246796,74.1518
1978-05-30 06:00:00,76.416794,65.166794,70.83681
1978-05-31 06:00:00,77.7668,59.4968,68.7293
1978-06-01 06:00:00,80.7368,66.5168,73.278046
1978-06-02 06:00:00,69.8468,55.5368,63.453053
1978-06-03 06:00:00,71.4668,49.686802,62.804302
1978-06-04 06:00:00,77.4068,51.756798,67.2818
1978-06-05 06:00:00,68.496796,53.5568,61.833046
1978-06-06 06:00:00,80.6468,58.596798,70.49555
1978-06-07 06:00:00,81.0968,65.4368,72.655556
1978-06-08 06:00:00,64.8068,51.936802,56.06555
1978-06-09 06:00:00,75.3368,48.6068,60.57305
1978-06-10 06:00:00,80.3768,51.6668,68.583046
1978-06-11 06:00:00,86.6768,64.2668,76.28929
1978-06-12 06:00:00,78.5768,51.8468,67.3718
1978-06-13 06:00:00,60.846798,48.6968,54.3143
1978-06-14 06:00:00,66.4268,50.3168,59.646797
1978-06-15 06:00:00,76.9568,60.396797,69.6893
1978-06-16 06:00:00,85.5068,62.466797,74.148056
1978-06-17 06:00:00,87.4868,71.916794,78.288055
1978-06-18 06:00:00,78.2168,64.6268,71.80805
1978-06-19 06:00:00,78.0368,57.2468,69.70055
1978-06-20 06:00:00,82.8968,64.7168,72.96305
1978-06-21 06:00:00,73.9868,60.6668,67.40555
1978-06-22 06:00:00,77.8568,54.7268,67.94556
1978-06-23 06:00:00,74.0768,61.6568,68.39555
1978-06-24 06:00:00,82.9868,63.9968,73.3643
1978-06-25 06:00:00,84.5168,71.916794,77.13305
1978-06-26 06:00:00,89.7368,71.0168,80.68805
1978-06-27 06:00:00,86.0468,71.1968,78.37055
1978-06-28 06:00:00,82.0868,67.7768,75.5543
1978-06-29 06:00:00,84.9668,67.6868,77.53055
1978-06-30 06:00:00,82.2668,68.2268,75.8618
1978-07-01 06:00:00,83.5268,69.2168,74.57555
1978-07-02 06:00:00,74.9768,65.3468,69.809296
1978-07-03 06:00:00,71.7368,63.5468,67.2818
1978-07-04 06:00:00,75.6068,61.566795,68.67305
1978-07-05 06:00:00,82.0868,60.3068,72.87305
1978-07-06 06:00:00,88.2068,66.246796,77.68055
1978-07-07 06:00:00,85.9568,71.6468,77.86805
1978-07-08 06:00:00,76.2368,64.8968,70.6568
1978-07-09 06:00:00,81.636795,64.5368,72.8993
1978-07-10 06:00:00,70.746796,60.756798,65.56055
1978-07-11 06:00:00,68.8568,55.3568,63.09305
1978-07-12 06:00:00,79.1168,57.5168,68.71055
1978-07-13 06:00:00,83.5268,67.8668,74.55305
1978-07-14 06:00:00,82.2668,64.4468,74.19679
1978-07-15 06:00:00,79.746796,64.4468,71.47805
1978-07-16 06:00:00,73.8968,63.6368,68.714294
1978-07-17 06:00:00,83.886795,62.286797,74.08429
1978-07-18 06:00:00,86.7668,71.916794,79.80305
1978-07-19 06:00:00,88.1168,75.066795,79.92304
1978-07-20 06:00:00,88.1168,72.7268,79.3268
1978-07-21 06:00:00,80.7368,73.9868,76.57805
1978-07-22 06:00:00,89.1068,72.0068,79.9268
1978-07-23 06:00:00,73.9868,65.4368,68.9618
1978-07-24 06:00:00,74.886795,60.6668,69.044304
1978-07-25 06:00:00,84.3368,62.3768,74.88305
1978-07-26 06:00:00,89.19679,68.9468,76.42055
1978-07-27 06:00:00,78.4868,65.3468,71.8718
1978-07-28 06:00:00,77.6768,62.286797,69.996796
1978-07-29 06:00:00,81.1868,61.2968,71.0168
1978-07-30 06:00:00,66.7868,60.846798,64.690544
1978-07-31 06:00:00,78.9368,61.2968,69.7268
1978-08-01 06:00:00,78.9368,62.736797,71.0018
1978-08-02 06:00:00,77.136795,67.9568,71.98805
1978-08-03 06:00:00,73.8068,62.466797,68.6993
1978-08-04 06:00:00,71.5568,57.1568,65.24555
1978-08-05 06:00:00,74.4368,54.3668,66.051796
1978-08-06 06:00:00,78.7568,58.8668,69.0818
1978-08-07 06:00:00,79.2968,59.4968,71.7518
1978-08-08 06:00:00,86.136795,63.5468,75.65555
1978-08-09 06:00:00,79.2068,67.416794,72.95555
1978-08-10 06:00:00,75.4268,67.1468,70.9943
1978-08-11 06:00:00,77.2268,64.7168,70.66055
1978-08-12 06:00:00,79.2968,66.6068,73.2668
1978-08-13 06:00:00,83.9768,65.5268,75.5693
1978-08-14 06:00:00,86.4068,68.496796,78.0293
1978-08-15 06:00:00,89.3768,70.1168,78.464294
1978-08-16 06:00:00,79.8368,68.2268,73.66431
1978-08-17 06:00:00,83.346794,65.9768,75.2468
1978-08-18 06:00:00,87.5768,72.636795,80.3168
1978-08-19 06:00:00,76.5068,66.5168,72.918045
1978-08-20 06:00:00,76.9568,61.2068,69.6518
1978-08-21 06:00:00,77.5868,58.596798,69.50555
1978-08-22 06:00:00,83.6168,63.5468,73.574295
1978-08-23 06:00:00,88.386795,69.0368,78.55805
1978-08-24 06:00:00,88.6568,72.3668,79.0043
1978-08-25 06:00:00,79.386795,67.1468,73.7468
1978-08-26 06:00:00,80.3768,66.6068,74.2493
1978-08-27 06:00:00,82.3568,69.9368,74.5043
1978-08-28 06:00:00,79.2068,68.8568,73.6643
1978-08-29 06:00:00,77.0468,64.3568,70.4843
1978-08-30 06:00:00,75.8768,61.9268,69.1718
1978-08-31 06:00:00,75.1568,64.2668,69.36305
1978-09-01 06:00:00,80.4668,61.8368,71.028046
1978-09-02 06:00:00,82.9868,63.816795,73.5818
1978-09-03 06:00:00,73.3568,61.3868,69.26555
1978-09-04 06:00:00,77.496796,60.0368,67.8443
1978-09-05 06:00:00,84.6068,58.596798,72.13055
1978-09-06 06:00:00,86.2268,65.6168,75.333046
1978-09-07 06:00:00,88.8368,66.3368,77.32805
1978-09-08 06:00:00,91.9868,70.386795,80.3993
1978-09-09 06:00:00,88.386795,70.8368,78.82805
1978-09-10 06:00:00,88.6568,70.1168,79.9868
1978-09-11 06:00:00,88.6568,71.5568,78.7043
1978-09-12 06:00:00,79.2968,68.496796,73.716805
1978-09-13 06:00:00,80.8268,68.0468,72.9668
1978-09-14 06:00:00,76.1468,66.3368,72.3668
1978-09-15 06:00:00,81.1868,60.0368,70.293045
1978-09-16 06:00:00,72.0968,66.066795,68.4518
1978-09-17 06:00:00,72.0968,65.5268,68.834305
1978-09-18 06:00:00,82.7168,68.9468,76.01555
1978-09-19 06:00:00,86.94679,73.2668,79.4543
1978-09-20 06:00:00,84.69679,66.3368,76.0793
1978-09-21 06:00:00,65.886795,57.9668,60.9668
1978-09-22 06:00:00,63.6368,54.636803,58.536804
1978-09-23 06:00:00,66.1568,48.6068,57.89555
1978-09-24 06:00:00,74.6168,52.026802,63.408054
1978-09-25 06:00:00,63.5468,52.2968,60.055553
1978-09-26 06:00:00,70.6568,50.2268,59.800552
1978-09-27 06:00:00,63.9068,53.3768,58.4618
1978-09-28 06:00:00,58.9568,50.7668,54.58055
1978-09-29 06:00:00,69.666794,49.506798,59.54555
1978-09-30 06:00:00,66.3368,56.436802,60.79805
1978-10-01 06:00:00,63.006798,52.4768,57.99305
1978-10-02 06:00:00,70.0268,53.6468,61.5743
1978-10-03 06:00:00,66.7868,53.9168,59.635548
1978-10-04 06:00:00,61.7468,48.9668,55.39805
1978-10-05 06:00:00,59.136803,51.0368,55.06055
1978-10-06 06:00:00,56.886803,50.4068,52.716805
1978-10-07 06:00:00,52.8368,45.006798,48.351803
1978-10-08 06:00:00,53.9168,39.6068,46.679302
1978-10-09 06:00:00,67.2368,44.6468,56.241806
1978-10-10 06:00:00,65.886795,53.0168,58.8218
1978-10-11 06:00:00,64.5368,53.5568,58.799297
1978-10-12 06:00:00,61.9268,50.2268,55.75055
1978-10-13 06:00:00,56.9768,45.186802,50.79305
1978-10-14 06:00:00,47.9768,39.6968,44.6693
1978-10-15 06:00:00,51.5768,37.6268,43.75055
1978-10-16 06:00:00,50.0468,42.3068,45.70805
1978-10-17 06:00:00,54.006798,36.9968,45.7118
1978-10-18 06:00:00,59.6768,45.006798,50.69555
1978-10-19 06:00:00,59.2268,42.3068,50.155552
1978-10-20 06:00:00,67.3268,40.8668,54.265545
1978-10-21 06:00:00,74.3468,52.7468,62.601803
1978-10-22 06:00:00,70.9268,52.1168,61.57055
1978-10-23 06:00:00,51.3968,39.9668,47.6093
1978-10-24 06:00:00,54.3668,38.5268,46.2218
1978-10-25 06:00:00,60.396797,46.8968,52.968052
1978-10-26 06:00:00,50.4968,44.3768,47.65055
1978-10-27 06:00:00,61.3868,43.026802,50.9618
1978-10-28 06:00:00,50.8568,42.1268,45.70805
1978-10-29 06:00:00,54.5468,41.6768,47.48555
1978-10-30 06:00:00,64.7168,42.6668,52.03055
1978-10-31 06:00:00,53.4668,43.1168,48.3443
1978-11-01 06:00:00,54.9068,38.0768,46.379303
1978-11-02 06:00:00,65.2568,43.8368,52.5893
1978-11-03 06:00:00,70.386795,41.9468,55.51055
1978-11-04 06:00:00,66.8768,51.3068,57.381798
1978-11-05 06:00:00,74.166794,51.2168,59.856804
1978-11-06 06:00:00,51.0368,42.3068,45.68555
1978-11-07 06:00:00,48.6968,36.8168,42.41555
1978-11-08 06:00:00,55.7168,37.3568,46.0868
1978-11-09 06:00:00,60.3068,43.7468,50.6468
1978-11-10 06:00:00,60.3068,42.756798,50.50055
1978-11-11 06:00:00,51.3068,43.8368,46.934303
1978-11-12 06:00:00,44.8268,43.8368,44.2493
1978-11-13 06:00:00,63.5468,43.6568,52.67555
1978-11-14 06:00:00,45.8168,32.6768,37.1843
1978-11-15 06:00:00,41.9468,31.7768,36.9593
1978-11-16 06:00:00,43.8368,35.0168,40.1018
1978-11-17 06:00:00,55.5368,38.1668,44.38055
1978-11-18 06:00:00,48.1568,36.3668,40.6793
1978-11-19 06:00:00,39.0668,29.7068,33.850548
1978-11-20 06:00:00,36.7268,31.1468,33.0593
1978-11-21 06:00:00,33.3068,29.0768,30.76055
1978-11-22 06:00:00,36.5468,28.6268,32.92055
1978-11-23 06:00:00,40.9568,33.1268,38.51555
1978-11-24 06:00:00,34.8368,28.7168,31.27055
1978-11-25 06:00:00,38.9768,26.4668,32.36555
1978-11-26 06:00:00,38.7068,32.6768,35.00555
1978-11-27 06:00:00,34.8368,29.6168,33.10805
1978-11-28 06:00:00,30.3368,17.9168,22.9643
1978-11-29 06:00:00,37.5368,23.8568,32.35805
1978-11-30 06:00:00,25.1168,14.586802,20.961802
1978-12-01 06:00:00,32.8568,24.6668,28.11305
1978-12-02 06:00:00,31.4168,21.2468,27.1343
1978-12-03 06:00:00,40.506798,18.6368,33.5543
1978-12-04 06:00:00,30.6068,12.246799,21.06305
1978-12-05 06:00:00,33.4868,26.646801,30.3818
1978-12-06 06:00:00,30.1568,17.1968,22.2518
1978-12-07 06:00:00,33.3068,20.1668,28.47305
1978-12-08 06:00:00,20.976799,11.796801,15.1418
1978-12-09 06:00:00,11.2568,2.0768013,6.160549
1978-12-10 06:00:00,11.796801,-5.3932,3.306799
1978-12-11 06:00:00,31.6868,12.5168,25.0868
1978-12-12 06:00:00,37.3568,30.1568,34.18805
1978-12-13 06:00:00,34.5668,18.3668,27.05555
1978-12-14 06:00:00,34.5668,17.736801,26.6918
1978-12-15 06:00:00,37.1768,27.3668,31.1843
1978-12-16 06:00:00,35.9168,23.9468,29.7293
1978-12-17 06:00:00,33.4868,22.6868,27.94055
1978-12-18 06:00:00,37.1768,27.8168,32.51555
1978-12-19 06:00:00,33.9368,30.6068,31.8518
1978-12-20 06:00:00,38.2568,29.9768,33.58055
1978-12-21 06:00:00,29.8868,22.6868,25.233051
1978-12-22 06:00:00,34.6568,23.6768,29.10305
1978-12-23 06:00:00,37.1768,18.8168,28.93805
1978-12-24 06:00:00,35.1068,25.1168,32.19305
1978-12-25 06:00:00,24.396801,14.6768,19.739302
1978-12-26 06:00:00,21.1568,11.1668,17.18555
1978-12-27 06:00:00,20.976799,5.7668,14.106802
1978-12-28 06:00:00,29.0768,9.726801,23.14805
1978-12-29 06:00:00,36.6368,27.0068,31.2068
1978-12-30 06:00:00,36.9068,27.1868,32.59055
1978-12-31 06:00:00,31.7768,26.2868,29.29805
1979-01-01 06:00:00,23.9468,6.396799,17.403051
1979-01-02 06:00:00,4.3268013,-11.873199,-7.5569534
1979-01-03 06:00:00,-0.8931999,-13.043201,-6.2819443
1979-01-04 06:00:00,1.5367985,-3.9532013,-1.0319443
1979-01-05 06:00:00,1.0867977,-8.723198,-3.4019547
1979-01-06 06:00:00,5.4067993,-9.443199,-2.4307022
1979-01-07 06:00:00,11.5268,-0.35320282,4.4318027
1979-01-08 06:00:00,0.9067993,-5.6632004,-1.9356956
1979-01-09 06:00:00,13.236801,0.63679886,6.445553
1979-01-10 06:00:00,1.2667961,-7.4632034,-2.86195
1979-01-11 06:00:00,9.816799,-16.8232,-2.7381973
1979-01-12 06:00:00,21.7868,9.726801,15.6143
1979-01-13 06:00:00,27.636799,17.9168,24.87305
1979-01-14 06:00:00,16.2968,-10.0732,3.4530525
1979-01-15 06:00:00,1.9867973,-17.0032,-8.149452
1979-01-16 06:00:00,16.836802,0.9067993,8.163048
1979-01-17 06:00:00,29.6168,11.5268,20.650553
1979-01-18 06:00:00,18.9068,3.5168,11.373051
1979-01-19 06:00:00,33.6668,14.046801,23.455551
1979-01-20 06:00:00,32.7668,29.0768,30.2693
1979-01-21 06:00:00,29.9768,22.7768,26.40305
1979-01-22 06:00:00,24.486801,21.3368,22.518051
1979-01-23 06:00:00,32.4068,23.4068,28.3193
1979-01-24 06:00:00,31.8668,16.4768,22.578049
1979-01-25 06:00:00,18.8168,6.8468,12.471802
1979-01-26 06:00:00,21.2468,7.9268,14.406801
1979-01-27 06:00:00,27.9968,17.2868,23.613049
1979-01-28 06:00:00,28.9868,25.6568,27.1718
1979-01-29 06:00:00,26.0168,21.1568,23.920551
1979-01-30 06:00:00,24.306799,17.4668,20.5868
1979-01-31 06:00:00,21.4268,16.9268,19.26305
1979-02-01 06:00:00,18.456799,11.076801,14.264301
1979-02-02 06:00:00,17.736801,9.3668,13.090549
1979-02-03 06:00:00,22.236801,9.816799,15.441801
1979-02-04 06:00:00,8.826801,-0.26320267,5.054302
1979-02-05 06:00:00,3.6967983,-8.363201,-2.95195
1979-02-06 06:00:00,20.5268,-4.5832024,9.92555
1979-02-07 06:00:00,17.826801,4.7768,13.866802
1979-02-08 06:00:00,5.4967995,-0.1731987,3.4267998
1979-02-09 06:00:00,8.736801,-7.0132027,0.6630497
1979-02-10 06:00:00,5.5868015,-3.1432,1.6305504
1979-02-11 06:00:00,17.9168,4.7768,12.265549
1979-02-12 06:00:00,18.5468,10.2668,16.090551
1979-02-13 06:00:00,19.5368,9.0968,13.795553
1979-02-14 06:00:00,28.3568,14.496799,21.929298
1979-02-15 06:00:00,27.4568,21.2468,25.63805
1979-02-16 06:00:00,20.4368,1.7167969,9.595549
1979-02-17 06:00:00,5.136801,-0.35320282,2.5830498
1979-02-18 06:00:00,9.816799,2.8867989,6.179302
1979-02-19 06:00:00,13.5068,-1.7032013,6.771799
1979-02-20 06:00:00,33.9368,11.3468,23.2043
1979-02-21 06:00:00,34.9268,27.8168,32.2193
1979-02-22 06:00:00,38.9768,25.1168,30.9068
1979-02-23 06:00:00,44.1968,26.5568,37.060547
1979-02-24 06:00:00,30.5168,20.5268,26.26805
1979-02-25 06:00:00,20.3468,14.586802,18.4343
1979-02-26 06:00:00,25.386799,11.3468,17.853048
1979-02-27 06:00:00,34.9268,10.626801,23.605549
1979-02-28 06:00:00,34.1168,18.2768,27.636799
1979-03-01 06:00:00,40.0568,22.7768,32.3843
1979-03-02 06:00:00,36.0968,22.236801,30.0443
1979-03-03 06:00:00,49.0568,31.2368,41.5943
1979-03-04 06:00:00,46.5368,31.1468,37.4318
1979-03-05 06:00:00,33.4868,28.4468,30.6293
1979-03-06 06:00:00,38.1668,24.396801,32.1968
1979-03-07 06:00:00,37.7168,30.9668,34.00805
1979-03-08 06:00:00,40.5968,30.3368,33.8393
1979-03-09 06:00:00,35.5568,24.1268,31.9568
1979-03-10 06:00:00,22.236801,6.5768013,13.098049
1979-03-11 06:00:00,26.8268,1.4467983,13.795549
1979-03-12 06:00:00,35.7368,10.806799,25.540548
1979-03-13 06:00:00,50.4968,31.4168,39.56555
1979-03-14 06:00:00,32.2268,15.6668,27.4043
1979-03-15 06:00:00,25.1168,8.826801,16.7918
1979-03-16 06:00:00,42.1268,16.0268,29.429298
1979-03-17 06:00:00,46.3568,27.726799,38.335552
1979-03-18 06:00:00,63.7268,39.1568,50.2718
1979-03-19 06:00:00,59.9468,49.9568,54.348053
1979-03-20 06:00:00,52.2968,35.9168,46.544304
1979-03-21 06:00:00,45.4568,29.7068,36.0143
1979-03-22 06:00:00,57.8768,28.6268,42.8693
1979-03-23 06:00:00,60.2168,48.8768,54.43055
1979-03-24 06:00:00,48.2468,18.456799,30.64055
1979-03-25 06:00:00,23.6768,15.306799,19.3493
1979-03-26 06:00:00,34.4768,13.5968,24.5093
1979-03-27 06:00:00,33.1268,14.6768,25.47305
1979-03-28 06:00:00,55.4468,23.9468,40.44305
1979-03-29 06:00:00,58.4168,38.9768,48.760548
1979-03-30 06:00:00,65.7968,43.2968,59.0993
1979-03-31 06:00:00,40.8668,30.0668,35.20055
1979-04-01 06:00:00,41.4068,29.7068,35.8343
1979-04-02 06:00:00,40.1468,34.5668,37.00805
1979-04-03 06:00:00,43.9268,28.7168,35.90555
1979-04-04 06:00:00,39.6968,30.2468,35.7893
1979-04-05 06:00:00,53.1068,23.226799,37.79555
1979-04-06 06:00:00,36.0968,20.706799,27.88805
1979-04-07 06:00:00,34.3868,24.6668,31.1543
1979-04-08 06:00:00,46.7168,31.2368,37.6868
1979-04-09 06:00:00,37.8068,28.896801,32.2943
1979-04-10 06:00:00,40.8668,26.2868,33.82055
1979-04-11 06:00:00,47.3468,34.8368,39.8993
1979-04-12 06:00:00,72.7268,48.8768,63.8318
1979-04-13 06:00:00,58.776802,43.6568,51.0743
1979-04-14 06:00:00,56.7068,40.0568,47.9543
1979-04-15 06:00:00,55.2668,37.9868,45.15305
1979-04-16 06:00:00,53.3768,35.5568,43.2293
1979-04-17 06:00:00,52.9268,33.0368,42.40055
1979-04-18 06:00:00,50.9468,33.0368,41.886803
1979-04-19 06:00:00,59.4068,32.0468,47.68055
1979-04-20 06:00:00,66.6068,46.9868,56.97305
1979-04-21 06:00:00,57.4268,39.9668,51.51305
1979-04-22 06:00:00,62.5568,37.2668,50.43305
1979-04-23 06:00:00,64.5368,43.1168,55.15055
1979-04-24 06:00:00,64.2668,54.186802,58.9418
1979-04-25 06:00:00,70.0268,58.8668,63.3968
1979-04-26 06:00:00,61.9268,39.4268,49.593052
1979-04-27 06:00:00,43.7468,35.4668,38.98805
1979-04-28 06:00:00,44.9168,34.4768,38.78555
1979-04-29 06:00:00,47.436802,31.0568,41.1143
1979-04-30 06:00:00,50.0468,36.6368,42.4943
1979-05-01 06:00:00,55.1768,32.7668,44.5418
1979-05-02 06:00:00,70.8368,45.006798,57.430553
1979-05-03 06:00:00,56.7068,39.9668,49.566795
1979-05-04 06:00:00,50.4968,39.1568,44.5943
1979-05-05 06:00:00,61.9268,34.026802,50.0843
1979-05-06 06:00:00,70.9268,52.026802,61.02305
1979-05-07 06:00:00,76.3268,55.7168,66.7793
1979-05-08 06:00:00,82.4468,65.9768,74.208046
1979-05-09 06:00:00,81.996796,67.3268,74.45555
1979-05-10 06:00:00,79.566795,66.1568,73.293045
1979-05-11 06:00:00,69.7568,54.0968,64.28555
1979-05-12 06:00:00,55.0868,46.2668,50.703053
1979-05-13 06:00:00,65.7968,43.6568,55.3343
1979-05-14 06:00:00,65.9768,49.4168,57.771797
1979-05-15 06:00:00,62.8268,48.4268,56.2118
1979-05-16 06:00:00,65.7068,43.2068,55.64555
1979-05-17 06:00:00,72.3668,53.6468,63.183052
1979-05-18 06:00:00,79.4768,61.4768,70.09805
1979-05-19 06:00:00,70.2968,49.686802,63.1118
1979-05-20 06:00:00,74.4368,49.2368,61.8968
1979-05-21 06:00:00,54.5468,47.0768,50.6243
1979-05-22 06:00:00,68.4068,45.4568,57.216797
1979-05-23 06:00:00,63.9968,46.3568,54.7793
1979-05-24 06:00:00,56.0768,45.4568,50.29055
1979-05-25 06:00:00,57.4268,45.9968,51.70805
1979-05-26 06:00:00,66.6068,46.3568,54.374302
1979-05-27 06:00:00,63.096798,43.5668,54.6218
1979-05-28 06:00:00,63.816795,49.686802,56.87555
1979-05-29 06:00:00,75.066795,52.7468,61.731804
1979-05-30 06:00:00,70.386795,54.186802,62.8343
1979-05-31 06:00:00,76.416794,60.0368,68.6018
1979-06-01 06:00:00,70.0268,55.8968,63.453053
1979-06-02 06:00:00,77.5868,53.8268,67.184296
1979-06-03 06:00:00,81.9068,58.4168,71.013054
1979-06-04 06:00:00,84.8768,65.886795,75.24306
1979-06-05 06:00:00,69.7568,55.8968,63.381798
1979-06-06 06:00:00,80.8268,54.9968,69.76805
1979-06-07 06:00:00,79.566795,70.0268,73.319305
1979-06-08 06:00:00,84.4268,67.0568,76.3793
1979-06-09 06:00:00,84.3368,69.1268,76.7243
1979-06-10 06:00:00,76.2368,58.0568,66.85805
1979-06-11 06:00:00,74.9768,56.436802,66.05556
1979-06-12 06:00:00,69.9368,56.3468,64.1168
1979-06-13 06:00:00,72.816795,59.2268,66.58055
1979-06-14 06:00:00,85.416794,64.4468,75.2768
1979-06-15 06:00:00,87.5768,71.6468,79.326805
1979-06-16 06:00:00,86.5868,69.3968,78.59555
1979-06-17 06:00:00,76.2368,60.846798,70.61555
1979-06-18 06:00:00,63.096798,57.8768,60.25055
1979-06-19 06:00:00,81.0068,61.4768,70.57056
1979-06-20 06:00:00,88.386795,69.8468,75.48679
1979-06-21 06:00:00,82.6268,67.5968,75.59555
1979-06-22 06:00:00,74.886795,58.8668,67.949295
1979-06-23 06:00:00,59.8568,54.4568,57.370552
1979-06-24 06:00:00,63.816795,53.7368,58.236794
1979-06-25 06:00:00,72.996796,51.3068,63.978046
1979-06-26 06:00:00,80.8268,58.0568,70.4543
1979-06-27 06:00:00,82.9868,64.3568,71.18555
1979-06-28 06:00:00,77.9468,62.736797,71.2793
1979-06-29 06:00:00,72.1868,64.1768,67.521805
1979-06-30 06:00:00,76.9568,62.3768,69.0368
1979-07-01 06:00:00,76.6868,62.1068,68.49304
1979-07-02 06:00:00,74.6168,59.4968,67.4543
1979-07-03 06:00:00,82.9868,61.7468,72.0518
1979-07-04 06:00:00,69.666794,59.9468,66.43055
1979-07-05 06:00:00,66.6968,56.3468,61.881798
1979-07-06 06:00:00,71.5568,56.9768,64.9118
1979-07-07 06:00:00,76.5968,58.4168,69.295555
1979-07-08 06:00:00,78.3068,63.7268,70.9793
1979-07-09 06:00:00,77.7668,64.1768,71.6393
1979-07-10 06:00:00,84.6068,63.6368,75.201805
1979-07-11 06:00:00,85.1468,68.7668,78.0518
1979-07-12 06:00:00,84.6068,70.566795,78.03305
1979-07-13 06:00:00,88.1168,71.4668,79.86305
1979-07-14 06:00:00,86.4068,72.0068,78.45305
1979-07-15 06:00:00,86.316795,70.2068,78.85054
1979-07-16 06:00:00,74.886795,65.2568,71.42555
1979-07-17 06:00:00,69.666794,61.566795,65.6018
1979-07-18 06:00:00,74.9768,58.2368,67.00055
1979-07-19 06:00:00,79.8368,57.4268,70.270546
1979-07-20 06:00:00,81.0068,63.1868,73.146805
1979-07-21 06:00:00,84.066795,61.4768,74.5793
1979-07-22 06:00:00,85.596794,64.7168,77.29805
1979-07-23 06:00:00,87.3068,71.6468,80.208046
1979-07-24 06:00:00,83.7068,72.7268,76.95305
1979-07-25 06:00:00,80.8268,68.136795,73.949295
1979-07-26 06:00:00,74.7068,64.1768,69.9968
1979-07-27 06:00:00,86.0468,63.9068,75.6743
1979-07-28 06:00:00,77.496796,68.2268,72.70055
1979-07-29 06:00:00,80.1968,64.1768,73.07555
1979-07-30 06:00:00,86.0468,70.8368,76.8143
1979-07-31 06:00:00,78.666794,68.0468,73.16555
1979-08-01 06:00:00,73.3568,66.9668,70.0193
1979-08-02 06:00:00,81.996796,63.7268,72.82056
1979-08-03 06:00:00,84.3368,68.5868,76.44679
1979-08-04 06:00:00,88.386795,68.496796,78.8768
1979-08-05 06:00:00,88.6568,73.4468,78.51305
1979-08-06 06:00:00,79.2068,72.0968,75.40805
1979-08-07 06:00:00,92.7968,75.5168,83.7518
1979-08-08 06:00:00,82.6268,74.166794,78.059296
1979-08-09 06:00:00,88.386795,68.2268,77.65055
1979-08-10 06:00:00,81.3668,66.066795,73.63805
1979-08-11 06:00:00,68.316795,62.736797,65.373055
1979-08-12 06:00:00,73.5368,58.8668,67.00805
1979-08-13 06:00:00,76.0568,62.736797,67.896805
1979-08-14 06:00:00,66.8768,60.3068,63.04805
1979-08-15 06:00:00,65.5268,57.6068,60.959297
1979-08-16 06:00:00,71.3768,53.8268,64.214294
1979-08-17 06:00:00,72.3668,61.6568,66.6068
1979-08-18 06:00:00,77.0468,68.7668,72.224304
1979-08-19 06:00:00,77.496796,65.9768,71.26804
1979-08-20 06:00:00,76.8668,68.5868,71.943054
1979-08-21 06:00:00,75.6068,66.9668,71.77055
1979-08-22 06:00:00,79.566795,67.8668,72.0068
1979-08-23 06:00:00,79.1168,68.5868,72.85805
1979-08-24 06:00:00,72.0968,64.5368,68.38055
1979-08-25 06:00:00,77.316795,60.2168,68.538055
1979-08-26 06:00:00,76.6868,63.6368,70.31555
1979-08-27 06:00:00,75.5168,64.9868,68.85304
1979-08-28 06:00:00,77.8568,63.4568,70.58555
1979-08-29 06:00:00,81.5468,67.9568,73.83305
1979-08-30 06:00:00,83.2568,66.9668,74.80055
1979-08-31 06:00:00,83.886795,67.416794,75.88805
1979-09-01 06:00:00,82.8068,69.4868,75.52805
1979-09-02 06:00:00,83.6168,70.746796,76.32305
1979-09-03 06:00:00,76.6868,64.2668,70.3643
1979-09-04 06:00:00,72.3668,61.3868,66.846794
1979-09-05 06:00:00,81.636795,63.1868,72.621796
1979-09-06 06:00:00,81.0068,67.7768,72.959305
1979-09-07 06:00:00,67.0568,59.7668,63.419304
1979-09-08 06:00:00,61.3868,55.1768,58.63805
1979-09-09 06:00:00,72.7268,54.636803,63.543053
1979-09-10 06:00:00,82.8068,63.6368,71.2643
1979-09-11 06:00:00,84.6068,67.3268,74.60181
1979-09-12 06:00:00,83.7068,66.1568,75.186806
1979-09-13 06:00:00,72.9068,63.6368,66.86929
1979-09-14 06:00:00,64.8068,56.7968,60.5168
1979-09-15 06:00:00,66.9668,51.1268,59.1068
1979-09-16 06:00:00,72.816795,52.6568,62.9318
1979-09-17 06:00:00,75.246796,56.256798,65.496796
1979-09-18 06:00:00,75.5168,60.4868,66.71555
1979-09-19 06:00:00,63.5468,55.5368,59.39555
1979-09-20 06:00:00,75.5168,52.9268,64.2143
1979-09-21 06:00:00,64.6268,57.0668,61.3943
1979-09-22 06:00:00,61.7468,53.1968,57.629303
1979-09-23 06:00:00,65.166794,50.2268,58.06805
1979-09-24 06:00:00,71.2868,53.0168,60.235558
1979-09-25 06:00:00,74.5268,54.636803,63.4793
1979-09-26 06:00:00,76.9568,49.5968,64.42805
1979-09-27 06:00:00,78.7568,59.9468,69.0518
1979-09-28 06:00:00,78.8468,58.8668,69.24305
1979-09-29 06:00:00,80.0168,61.3868,70.81805
1979-09-30 06:00:00,73.8068,60.396797,67.2218
1979-10-01 06:00:00,74.5268,53.1068,63.70805
1979-10-02 06:00:00,64.8068,57.3368,61.570545
1979-10-03 06:00:00,60.6668,51.2168,56.5043
1979-10-04 06:00:00,56.1668,47.9768,51.8018
1979-10-05 06:00:00,57.1568,43.386803,50.249302
1979-10-06 06:00:00,56.7968,47.6168,51.19805
1979-10-07 06:00:00,56.3468,43.6568,49.56305
1979-10-08 06:00:00,67.416794,49.506798,56.444298
1979-10-09 06:00:00,52.4768,43.2968,48.108047
1979-10-10 06:00:00,53.9168,38.3468,46.4093
1979-10-11 06:00:00,57.1568,45.0968,50.339302
1979-10-12 06:00:00,50.0468,39.4268,45.456802
1979-10-13 06:00:00,49.1468,37.9868,42.35555
1979-10-14 06:00:00,54.8168,33.5768,44.2643
1979-10-15 06:00:00,60.3068,42.3968,51.576797
1979-10-16 06:00:00,58.596798,50.9468,54.92555
1979-10-17 06:00:00,62.646797,51.6668,56.208054
1979-10-18 06:00:00,67.3268,51.6668,59.76305
1979-10-19 06:00:00,67.0568,62.3768,64.9643
1979-10-20 06:00:00,76.1468,65.7068,70.6118
1979-10-21 06:00:00,77.9468,69.5768,73.52555
1979-10-22 06:00:00,73.4468,47.526802,64.2218
1979-10-23 06:00:00,45.5468,40.2368,43.154297
1979-10-24 06:00:00,47.436802,37.8968,42.145554
1979-10-25 06:00:00,43.6568,36.4568,39.9218
1979-10-26 06:00:00,46.8068,33.8468,40.6343
1979-10-27 06:00:00,60.9368,41.136803,49.7243
1979-10-28 06:00:00,62.016796,44.5568,52.01555
1979-10-29 06:00:00,61.026802,42.1268,51.865547
1979-10-30 06:00:00,59.9468,47.886803,54.25055
1979-10-31 06:00:00,69.666794,54.4568,61.349297
1979-11-01 06:00:00,56.6168,41.136803,48.07055
1979-11-02 06:00:00,46.4468,34.7468,40.566803
1979-11-03 06:00:00,45.0968,34.2068,39.4193
1979-11-04 06:00:00,48.1568,29.5268,39.4793
1979-11-05 06:00:00,56.256798,41.5868,47.2193
1979-11-06 06:00:00,47.7968,36.9968,43.24805
1979-11-07 06:00:00,41.2268,32.8568,37.4693
1979-11-08 06:00:00,40.4168,32.0468,37.5368
1979-11-09 06:00:00,44.5568,30.5168,38.63555
1979-11-10 06:00:00,33.5768,28.896801,31.06055
1979-11-11 06:00:00,35.3768,22.3268,29.99555
1979-11-12 06:00:00,39.5168,29.0768,34.2068
1979-11-13 06:00:00,39.1568,29.8868,34.4018
1979-11-14 06:00:00,39.7868,27.9068,33.9818
1979-11-15 06:00:00,47.0768,35.9168,40.6868
1979-11-16 06:00:00,45.9068,30.6068,39.3668
1979-11-17 06:00:00,59.9468,40.326797,48.85055
1979-11-18 06:00:00,62.8268,43.9268,52.5218
1979-11-19 06:00:00,62.8268,52.2068,56.744305
1979-11-20 06:00:00,53.1068,41.8568,46.97555
1979-11-21 06:00:00,58.146797,45.5468,53.79305
1979-11-22 06:00:00,56.9768,44.9168,52.315548
1979-11-23 06:00:00,43.9268,35.1968,39.3143
1979-11-24 06:00:00,49.1468,31.2368,39.75305
1979-11-25 06:00:00,44.8268,38.1668,41.38055
1979-11-26 06:00:00,44.4668,35.7368,40.8818
1979-11-27 06:00:00,39.3368,33.6668,35.4593
1979-11-28 06:00:00,33.2168,24.2168,28.65305
1979-11-29 06:00:00,33.6668,23.4968,27.76805
1979-11-30 06:00:00,28.0868,22.956799,25.454302
1979-12-01 06:00:00,26.4668,23.3168,24.9668
1979-12-02 06:00:00,29.2568,17.3768,22.78055
1979-12-03 06:00:00,34.4768,21.1568,27.80555
1979-12-04 06:00:00,39.8768,27.5468,33.52805
1979-12-05 06:00:00,52.9268,35.5568,45.00305
1979-12-06 06:00:00,40.8668,31.0568,35.706802
1979-12-07 06:00:00,42.3068,30.1568,38.83805
1979-12-08 06:00:00,30.5168,26.1968,28.1693
1979-12-09 06:00:00,43.5668,27.0068,35.00555
1979-12-10 06:00:00,52.8368,32.8568,42.9368
1979-12-11 06:00:00,54.0968,34.7468,48.1193
1979-12-12 06:00:00,32.8568,26.5568,29.0468
1979-12-13 06:00:00,35.1968,26.646801,30.164299
1979-12-14 06:00:00,34.3868,24.2168,28.39055
1979-12-15 06:00:00,41.2268,27.8168,33.6593
1979-12-16 06:00:00,35.1068,10.1768,23.18555
1979-12-17 06:00:00,20.4368,8.0168,13.728048
1979-12-18 06:00:00,31.5968,16.2968,24.14555
1979-12-19 06:00:00,39.2468,28.6268,32.4593
1979-12-20 06:00:00,39.5168,30.1568,33.5393
1979-12-21 06:00:00,45.276802,30.8768,38.2718
1979-12-22 06:00:00,47.526802,44.5568,46.14305
1979-12-23 06:00:00,55.0868,45.4568,50.2493
1979-12-24 06:00:00,48.8768,35.1968,43.71305
1979-12-25 06:00:00,36.5468,28.4468,33.40805
1979-12-26 06:00:00,38.2568,27.4568,31.8218
1979-12-27 06:00:00,37.4468,28.1768,31.17305
1979-12-28 06:00:00,39.9668,25.9268,31.1243
1979-12-29 06:00:00,41.7668,24.8468,30.93305
1979-12-30 06:00:00,39.3368,24.9368,31.146801
1979-12-31 06:00:00,38.1668,26.1968,32.9318
1980-01-01 06:00:00,36.2768,23.7668,29.2343
1980-01-02 06:00:00,33.2168,28.8068,30.7868
1980-01-03 06:00:00,32.4968,27.8168,29.5343
1980-01-04 06:00:00,31.0568,25.5668,27.88055
1980-01-05 06:00:00,30.2468,23.5868,26.66555
1980-01-06 06:00:00,36.8168,24.5768,29.97305
1980-01-07 06:00:00,27.9068,9.456799,14.766802
1980-01-08 06:00:00,17.9168,7.566799,12.730549
1980-01-09 06:00:00,16.0268,7.6567993,11.181803
1980-01-10 06:00:00,46.7168,16.7468,30.34805
1980-01-11 06:00:00,51.936802,16.4768,35.08805
1980-01-12 06:00:00,24.6668,8.736801,16.795551
1980-01-13 06:00:00,37.9868,25.386799,31.6418
1980-01-14 06:00:00,39.0668,25.386799,31.5968
1980-01-15 06:00:00,40.1468,31.5068,35.51555
1980-01-16 06:00:00,48.6968,36.7268,43.1243
1980-01-17 06:00:00,43.9268,32.9468,36.82055
1980-01-18 06:00:00,35.5568,27.1868,30.69305
1980-01-19 06:00:00,35.9168,24.486801,29.0768
1980-01-20 06:00:00,32.3168,21.1568,26.1368
1980-01-21 06:00:00,34.6568,21.4268,27.28805
1980-01-22 06:00:00,32.7668,16.9268,28.27055
1980-01-23 06:00:00,17.1068,10.1768,13.810551
1980-01-24 06:00:00,32.0468,11.796801,22.394299
1980-01-25 06:00:00,33.6668,19.4468,26.8043
1980-01-26 06:00:00,18.186802,9.0968,14.065552
1980-01-27 06:00:00,15.306799,5.136801,10.079304
1980-01-28 06:00:00,13.4168,1.4467983,7.645548
1980-01-29 06:00:00,12.246799,1.4467983,7.094301
1980-01-30 06:00:00,20.0768,8.1068,14.211802
1980-01-31 06:00:00,17.2868,6.1268005,11.9918
1980-02-01 06:00:00,17.9168,3.5168,10.3643
1980-02-02 06:00:00,21.5168,1.1767998,12.209301
1980-02-03 06:00:00,22.056799,1.4467983,12.749302
1980-02-04 06:00:00,23.4068,7.6567993,14.9168
1980-02-05 06:00:00,25.2068,18.0068,22.1843
1980-02-06 06:00:00,26.1068,18.186802,24.0968
1980-02-07 06:00:00,25.1168,13.956799,19.69055
1980-02-08 06:00:00,26.3768,20.2568,22.84805
1980-02-09 06:00:00,24.6668,17.4668,21.921803
1980-02-10 06:00:00,22.5968,13.056799,18.156801
1980-02-11 06:00:00,19.806799,11.2568,17.339298
1980-02-12 06:00:00,23.6768,7.566799,15.674301
1980-02-13 06:00:00,29.7968,14.226801,22.45805
1980-02-14 06:00:00,31.1468,24.5768,26.8118
1980-02-15 06:00:00,25.476799,18.9068,22.96805
1980-02-16 06:00:00,17.556799,1.5367985,9.483051
1980-02-17 06:00:00,14.316799,-3.6832047,5.6580467
1980-02-18 06:00:00,30.7868,6.7567997,20.556799
1980-02-19 06:00:00,38.0768,28.896801,33.57305
1980-02-20 06:00:00,39.9668,32.3168,35.37305
1980-02-21 06:00:00,39.8768,28.896801,34.870552
1980-02-22 06:00:00,37.9868,33.1268,35.2343
1980-02-23 06:00:00,39.3368,30.2468,34.9493
1980-02-24 06:00:00,41.5868,25.386799,31.45055
1980-02-25 06:00:00,24.8468,8.1068,18.4043
1980-02-26 06:00:00,24.306799,-7.193199,11.973049
1980-02-27 06:00:00,27.2768,21.4268,24.44555
1980-02-28 06:00:00,25.2068,8.826801,19.8068
1980-02-29 06:00:00,6.8468,-3.5932007,0.7493038
1980-03-01 06:00:00,7.386801,-1.9731979,2.3655453
1980-03-02 06:00:00,20.6168,-16.9132,5.320547
1980-03-03 06:00:00,29.5268,8.556799,19.634302
1980-03-04 06:00:00,36.2768,24.7568,30.21305
1980-03-05 06:00:00,30.0668,13.5068,23.125551
1980-03-06 06:00:00,24.8468,1.5367985,16.12055
1980-03-07 06:00:00,29.1668,18.6368,25.210548
1980-03-08 06:00:00,33.9368,17.2868,28.7393
1980-03-09 06:00:00,40.9568,11.796801,27.734299
1980-03-10 06:00:00,41.6768,17.736801,30.96305
1980-03-11 06:00:00,28.8068,12.6068,19.54055
1980-03-12 06:00:00,28.4468,13.8668,20.493052
1980-03-13 06:00:00,28.6268,22.956799,25.503048
1980-03-14 06:00:00,37.9868,21.6068,28.97555
1980-03-15 06:00:00,47.436802,19.2668,35.2043
1980-03-16 06:00:00,56.7968,39.5168,47.74805
1980-03-17 06:00:00,48.6968,29.0768,37.2893
1980-03-18 06:00:00,49.5968,25.2068,37.4168
1980-03-19 06:00:00,52.2068,35.6468,43.398052
1980-03-20 06:00:00,56.7068,38.2568,44.74055
1980-03-21 06:00:00,42.3968,31.4168,36.76055
1980-03-22 06:00:00,34.2068,25.386799,29.549301
1980-03-23 06:00:00,47.7068,26.4668,38.2043
1980-03-24 06:00:00,38.0768,28.6268,32.8118
1980-03-25 06:00:00,35.8268,26.0168,29.9168
1980-03-26 06:00:00,38.1668,27.636799,32.18555
1980-03-27 06:00:00,51.1268,30.6968,40.57055
1980-03-28 06:00:00,43.2968,35.3768,38.16305
1980-03-29 06:00:00,42.0368,31.8668,36.30305
1980-03-30 06:00:00,40.4168,32.1368,36.0593
1980-03-31 06:00:00,39.7868,31.8668,35.6543
1980-04-01 06:00:00,45.276802,29.4368,37.63055
1980-04-02 06:00:00,46.2668,35.4668,40.019302
1980-04-03 06:00:00,59.5868,35.1968,45.2393
1980-04-04 06:00:00,45.7268,33.2168,40.5593
1980-04-05 06:00:00,57.0668,33.7568,45.749302
1980-04-06 06:00:00,60.756798,42.4868,51.2393
1980-04-07 06:00:00,65.886795,45.186802,54.246803
1980-04-08 06:00:00,59.2268,47.1668,54.123055
1980-04-09 06:00:00,46.2668,34.9268,37.6118
1980-04-10 06:00:00,47.436802,33.7568,40.15805
1980-04-11 06:00:00,45.186802,31.3268,37.9193
1980-04-12 06:00:00,47.9768,34.9268,40.9718
1980-04-13 06:00:00,41.8568,28.896801,35.12555
1980-04-14 06:00:00,35.9168,32.4068,34.14305
1980-04-15 06:00:00,46.1768,33.4868,38.09555
1980-04-16 06:00:00,41.7668,29.1668,34.7843
1980-04-17 06:00:00,57.0668,28.8068,43.25555
1980-04-18 06:00:00,66.7868,39.8768,53.64305
1980-04-19 06:00:00,69.3068,45.276802,57.92555
1980-04-20 06:00:00,61.566795,44.2868,53.905544
1980-04-21 06:00:00,71.6468,39.1568,56.6918
1980-04-22 06:00:00,81.7268,53.9168,68.560555
1980-04-23 06:00:00,66.1568,44.5568,50.29055
1980-04-24 06:00:00,43.7468,32.6768,38.20805
1980-04-25 06:00:00,45.3668,34.8368,40.011803
1980-04-26 06:00:00,47.886803,32.1368,41.20055
1980-04-27 06:00:00,43.8368,39.7868,41.9018
1980-04-28 06:00:00,44.2868,39.7868,42.32555
1980-04-29 06:00:00,48.9668,41.9468,44.31305
1980-04-30 06:00:00,52.6568,43.2968,46.5293
1980-05-01 06:00:00,59.6768,42.576797,49.72805
1980-05-02 06:00:00,62.8268,42.1268,51.464302
1980-05-03 06:00:00,66.9668,41.8568,55.56305
1980-05-04 06:00:00,79.2068,48.3368,64.6868
1980-05-05 06:00:00,81.636795,50.7668,65.965546
1980-05-06 06:00:00,70.746796,46.8068,58.1393
1980-05-07 06:00:00,51.6668,39.0668,46.105553
1980-05-08 06:00:00,51.2168,37.8068,45.561802
1980-05-09 06:00:00,59.8568,36.5468,50.00555
1980-05-10 06:00:00,68.6768,47.7068,56.403053
1980-05-11 06:00:00,60.5768,48.7868,55.08305
1980-05-12 06:00:00,59.4968,46.8068,52.458054
1980-05-13 06:00:00,64.6268,46.2668,51.8693
1980-05-14 06:00:00,56.526802,47.6168,51.47555
1980-05-15 06:00:00,58.3268,47.0768,51.9968
1980-05-16 06:00:00,61.2968,46.3568,53.95055
1980-05-17 06:00:00,60.756798,50.7668,55.026794
1980-05-18 06:00:00,60.846798,49.686802,54.7193
1980-05-19 06:00:00,58.776802,47.6168,52.03055
1980-05-20 06:00:00,65.886795,48.1568,56.639297
1980-05-21 06:00:00,72.3668,45.636803,60.306797
1980-05-22 06:00:00,74.3468,56.1668,65.05055
1980-05-23 06:00:00,71.1968,56.526802,64.02305
1980-05-24 06:00:00,71.1968,58.0568,63.711803
1980-05-25 06:00:00,72.9068,56.256798,62.98055
1980-05-26 06:00:00,66.5168,51.936802,59.3543
1980-05-27 06:00:00,77.7668,48.5168,65.10305
1980-05-28 06:00:00,84.066795,60.9368,72.5393
1980-05-29 06:00:00,82.8968,65.2568,74.35055
1980-05-30 06:00:00,82.0868,68.496796,73.855545
1980-05-31 06:00:00,76.8668,62.736797,69.04805
1980-06-01 06:00:00,74.7968,59.4968,65.7968
1980-06-02 06:00:00,77.7668,59.3168,69.37055
1980-06-03 06:00:00,65.166794,56.256798,60.940548
1980-06-04 06:00:00,67.8668,55.3568,61.4618
1980-06-05 06:00:00,79.8368,59.8568,69.948044
1980-06-06 06:00:00,81.9068,65.886795,73.1543
1980-06-07 06:00:00,78.2168,59.4968,70.78805
1980-06-08 06:00:00,66.066795,52.1168,59.4968
1980-06-09 06:00:00,67.5068,52.2968,61.3268
1980-06-10 06:00:00,58.506798,49.4168,53.605553
1980-06-11 06:00:00,69.8468,44.1968,59.316803
1980-06-12 06:00:00,75.9668,54.4568,66.24304
1980-06-13 06:00:00,76.5068,59.7668,68.999306
1980-06-14 06:00:00,80.4668,65.3468,72.25806
1980-06-15 06:00:00,69.7568,54.006798,59.28305
1980-06-16 06:00:00,60.3068,50.7668,56.1068
1980-06-17 06:00:00,69.7568,44.1968,59.83805
1980-06-18 06:00:00,76.0568,55.3568,65.538055
1980-06-19 06:00:00,67.9568,52.9268,61.0118
1980-06-20 06:00:00,72.636795,51.0368,62.9543
1980-06-21 06:00:00,76.5068,56.3468,67.37556
1980-06-22 06:00:00,82.6268,60.6668,72.3218
1980-06-23 06:00:00,81.2768,67.0568,73.08305
1980-06-24 06:00:00,79.2968,67.3268,73.02305
1980-06-25 06:00:00,84.1568,66.6968,76.84431
1980-06-26 06:00:00,90.4568,70.0268,80.9543
1980-06-27 06:00:00,78.9368,69.5768,74.14805
1980-06-28 06:00:00,88.9268,69.8468,80.958046
1980-06-29 06:00:00,79.566795,66.3368,72.32555
1980-06-30 06:00:00,74.7068,62.016796,68.57555
1980-07-01 06:00:00,84.7868,65.2568,74.0468
1980-07-02 06:00:00,72.7268,63.1868,68.96555
1980-07-03 06:00:00,77.496796,61.9268,69.944305
1980-07-04 06:00:00,82.7168,64.2668,74.2193
1980-07-05 06:00:00,89.19679,66.246796,76.55555
1980-07-06 06:00:00,75.066795,62.736797,69.0818
1980-07-07 06:00:00,92.0768,65.9768,77.90555
1980-07-08 06:00:00,83.4368,69.4868,76.09055
1980-07-09 06:00:00,79.4768,66.7868,71.93555
1980-07-10 06:00:00,83.7968,70.746796,76.33805
1980-07-11 06:00:00,91.5368,71.2868,81.7493
1980-07-12 06:00:00,86.4068,72.9068,78.5468
1980-07-13 06:00:00,83.886795,71.7368,76.96805
1980-07-14 06:00:00,91.9868,72.7268,82.3793
1980-07-15 06:00:00,93.966805,81.3668,87.5843
1980-07-16 06:00:00,91.1768,76.3268,83.4068
1980-07-17 06:00:00,85.1468,71.1068,77.365555
1980-07-18 06:00:00,84.9668,71.7368,78.18305
1980-07-19 06:00:00,87.3068,74.7068,81.73805
1980-07-20 06:00:00,95.4968,78.7568,86.444305
1980-07-21 06:00:00,79.8368,71.6468,75.94055
1980-07-22 06:00:00,75.8768,67.5968,71.68055
1980-07-23 06:00:00,72.7268,64.6268,69.1193
1980-07-24 06:00:00,81.0068,63.9068,72.929306
1980-07-25 06:00:00,85.1468,65.7068,76.07555
1980-07-26 06:00:00,74.886795,68.496796,71.4368
1980-07-27 06:00:00,74.166794,67.3268,70.31555
1980-07-28 06:00:00,79.2068,64.8968,72.2543
1980-07-29 06:00:00,79.9268,67.0568,73.15055
1980-07-30 06:00:00,80.5568,62.736797,73.6193
1980-07-31 06:00:00,87.3068,74.166794,80.4893
1980-08-01 06:00:00,89.19679,70.6568,79.94555
1980-08-02 06:00:00,82.3568,69.2168,75.6443
1980-08-03 06:00:00,80.2868,65.3468,73.29305
1980-08-04 06:00:00,87.7568,68.2268,78.145546
1980-08-05 06:00:00,85.416794,70.746796,77.60555
1980-08-06 06:00:00,84.1568,68.5868,76.6868
1980-08-07 06:00:00,91.1768,74.166794,82.89305
1980-08-08 06:00:00,91.5368,78.2168,84.25054
1980-08-09 06:00:00,81.0068,73.6268,77.09555
1980-08-10 06:00:00,81.4568,71.8268,75.03305
1980-08-11 06:00:00,75.246796,68.316795,71.43305
1980-08-12 06:00:00,76.5968,65.7968,71.00555
1980-08-13 06:00:00,81.636795,64.8968,70.96805
1980-08-14 06:00:00,79.4768,68.8568,73.480545
1980-08-15 06:00:00,72.3668,67.416794,69.62555
1980-08-16 06:00:00,66.9668,61.8368,65.12555
1980-08-17 06:00:00,77.5868,60.396797,67.889305
1980-08-18 06:00:00,82.0868,67.5068,74.121796
1980-08-19 06:00:00,87.5768,68.8568,78.5018
1980-08-20 06:00:00,89.19679,73.9868,81.636795
1980-08-21 06:00:00,82.0868,71.5568,77.52305
1980-08-22 06:00:00,78.3068,67.0568,72.5693
1980-08-23 06:00:00,79.386795,64.2668,72.06305
1980-08-24 06:00:00,81.0968,64.4468,73.02305
1980-08-25 06:00:00,82.9868,66.4268,74.78555
1980-08-26 06:00:00,86.94679,67.5968,77.27555
1980-08-27 06:00:00,89.4668,70.1168,79.3043
1980-08-28 06:00:00,88.9268,72.4568,79.8218
1980-08-29 06:00:00,85.9568,71.8268,78.24306
1980-08-30 06:00:00,83.7968,70.6568,76.13555
1980-08-31 06:00:00,80.3768,69.1268,72.52055
1980-09-01 06:00:00,77.9468,69.9368,73.045555
1980-09-02 06:00:00,78.0368,63.276802,71.46305
1980-09-03 06:00:00,80.3768,60.2168,71.69556
1980-09-04 06:00:00,82.6268,67.8668,73.60805
1980-09-05 06:00:00,79.0268,61.8368,71.684296
1980-09-06 06:00:00,77.9468,65.6168,71.4593
1980-09-07 06:00:00,81.996796,64.8068,71.32805
1980-09-08 06:00:00,82.8068,67.1468,74.28305
1980-09-09 06:00:00,76.3268,63.3668,72.021805
1980-09-10 06:00:00,70.4768,58.3268,63.95555
1980-09-11 06:00:00,72.0068,55.9868,64.0268
1980-09-12 06:00:00,73.8968,63.1868,67.4543
1980-09-13 06:00:00,81.996796,66.246796,73.2218
1980-09-14 06:00:00,72.2768,63.7268,67.5293
1980-09-15 06:00:00,66.6068,60.4868,63.546806
1980-09-16 06:00:00,71.8268,56.436802,62.845547
1980-09-17 06:00:00,62.5568,53.3768,57.99305
1980-09-18 06:00:00,71.7368,51.936802,61.4243
1980-09-19 06:00:00,77.0468,59.136803,67.82555
1980-09-20 06:00:00,82.7168,65.9768,74.49305
1980-09-21 06:00:00,77.8568,68.4068,74.271805
1980-09-22 06:00:00,78.3968,59.9468,70.48805
1980-09-23 06:00:00,61.3868,51.4868,57.179302
1980-09-24 06:00:00,66.4268,47.9768,58.2218
1980-09-25 06:00:00,68.7668,51.3068,59.25305
1980-09-26 06:00:00,56.1668,45.3668,50.38055
1980-09-27 06:00:00,65.7968,50.2268,56.84555
1980-09-28 06:00:00,67.2368,49.8668,58.9043
1980-09-29 06:00:00,73.2668,54.006798,63.006798
1980-09-30 06:00:00,75.6968,54.3668,65.2268
1980-10-01 06:00:00,74.9768,59.3168,66.1343
1980-10-02 06:00:00,65.7968,49.3268,55.9418
1980-10-03 06:00:00,50.6768,43.9268,46.83305
1980-10-04 06:00:00,50.4068,40.776802,45.269302
1980-10-05 06:00:00,51.936802,39.7868,45.6143
1980-10-06 06:00:00,64.9868,41.6768,52.22555
1980-10-07 06:00:00,68.9468,48.1568,57.8843
1980-10-08 06:00:00,72.3668,55.8068,61.626804
1980-10-09 06:00:00,59.3168,51.2168,55.4618
1980-10-10 06:00:00,64.3568,47.3468,55.593052
1980-10-11 06:00:00,54.3668,45.8168,50.1218
1980-10-12 06:00:00,50.9468,40.1468,45.074303
1980-10-13 06:00:00,52.5668,36.0068,44.9768
1980-10-14 06:00:00,58.506798,45.7268,51.78305
1980-10-15 06:00:00,55.7168,51.1268,53.016804
1980-10-16 06:00:00,70.4768,53.1968,62.81555
1980-10-17 06:00:00,71.2868,53.1968,64.6868
1980-10-18 06:00:00,54.8168,45.006798,50.41805
1980-10-19 06:00:00,50.4068,42.1268,46.47305
1980-10-20 06:00:00,56.256798,44.8268,50.20805
1980-10-21 06:00:00,54.0968,42.1268,49.73555
1980-10-22 06:00:00,53.1968,39.0668,47.155552
1980-10-23 06:00:00,59.9468,44.9168,51.8693
1980-10-24 06:00:00,56.886803,43.8368,50.200554
1980-10-25 06:00:00,43.4768,36.9968,40.030552
1980-10-26 06:00:00,41.2268,31.4168,36.13805
1980-10-27 06:00:00,39.5168,29.7068,34.95305
1980-10-28 06:00:00,39.6068,33.1268,37.1093
1980-10-29 06:00:00,42.2168,29.2568,34.6568
1980-10-30 06:00:00,47.3468,29.2568,38.148052
1980-10-31 06:00:00,55.8968,37.5368,45.89555
1980-11-01 06:00:00,44.8268,36.9968,40.91555
1980-11-02 06:00:00,50.136803,29.8868,40.7318
1980-11-03 06:00:00,62.286797,46.2668,54.029305
1980-11-04 06:00:00,51.8468,43.7468,47.774303
1980-11-05 06:00:00,45.8168,35.6468,40.89305
1980-11-06 06:00:00,60.2168,35.5568,48.70805
1980-11-07 06:00:00,59.4968,41.7668,50.0918
1980-11-08 06:00:00,57.6068,41.2268,47.6393
1980-11-09 06:00:00,59.0468,48.6968,53.9318
1980-11-10 06:00:00,45.9968,34.2068,38.3468
1980-11-11 06:00:00,41.136803,33.2168,36.5768
1980-11-12 06:00:00,46.3568,37.0868,41.0843
1980-11-13 06:00:00,58.146797,44.2868,50.646797
1980-11-14 06:00:00,43.386803,38.4368,40.7993
1980-11-15 06:00:00,39.6968,36.2768,37.3793
1980-11-16 06:00:00,41.4968,35.4668,37.51055
1980-11-17 06:00:00,39.6068,34.5668,36.51305
1980-11-18 06:00:00,36.7268,28.8068,33.3143
1980-11-19 06:00:00,42.756798,27.3668,33.70805
1980-11-20 06:00:00,47.1668,30.2468,38.3018
1980-11-21 06:00:00,42.1268,31.9568,36.4868
1980-11-22 06:00:00,50.5868,33.3968,40.62305
1980-11-23 06:00:00,41.0468,34.8368,38.95805
1980-11-24 06:00:00,39.0668,31.1468,34.98305
1980-11-25 06:00:00,35.7368,28.8068,31.289299
1980-11-26 06:00:00,36.0068,24.0368,30.69305
1980-11-27 06:00:00,35.1068,33.7568,34.42055
1980-11-28 06:00:00,34.4768,30.2468,32.99555
1980-11-29 06:00:00,39.6068,30.3368,34.35305
1980-11-30 06:00:00,48.3368,30.0668,38.94305
1980-12-01 06:00:00,43.6568,34.3868,38.8943
1980-12-02 06:00:00,36.8168,18.456799,27.4718
1980-12-03 06:00:00,30.4268,16.836802,23.73305
1980-12-04 06:00:00,36.5468,26.8268,32.2793
1980-12-05 06:00:00,47.256798,35.6468,41.71805
1980-12-06 06:00:00,57.7868,47.256798,52.75805
1980-12-07 06:00:00,55.8968,47.1668,52.83305
1980-12-08 06:00:00,47.0768,36.2768,39.940548
1980-12-09 06:00:00,35.6468,27.726799,32.38805
1980-12-10 06:00:00,29.7968,23.9468,27.254301
1980-12-11 06:00:00,26.736801,19.2668,22.9193
1980-12-12 06:00:00,45.8168,23.4068,34.54055
1980-12-13 06:00:00,36.3668,25.2068,29.084301
1980-12-14 06:00:00,30.8768,25.5668,28.06055
1980-12-15 06:00:00,33.5768,25.6568,29.44805
1980-12-16 06:00:00,33.5768,28.1768,30.4718
1980-12-17 06:00:00,36.9068,25.2068,30.7793
1980-12-18 06:00:00,36.7268,23.4068,30.37055
1980-12-19 06:00:00,21.6968,4.686802,8.646801
1980-12-20 06:00:00,12.066799,2.5268002,7.431801
1980-12-21 06:00:00,19.986801,7.7467995,14.0993
1980-12-22 06:00:00,28.2668,17.0168,23.234299
1980-12-23 06:00:00,36.0068,26.8268,30.47555
1980-12-24 06:00:00,29.4368,5.6768,18.303051
1980-12-25 06:00:00,13.5068,-0.8931999,6.2843018
1980-12-26 06:00:00,22.146801,14.496799,19.39805
1980-12-27 06:00:00,25.2068,18.9968,21.6518
1980-12-28 06:00:00,34.3868,19.2668,27.726799
1980-12-29 06:00:00,35.1968,29.3468,31.8218
1980-12-30 06:00:00,29.7968,26.8268,28.74305
1980-12-31 06:00:00,34.026802,30.3368,32.45555
1981-01-01 06:00:00,33.9368,23.7668,29.4443
1981-01-02 06:00:00,23.9468,13.5968,18.4943
1981-01-03 06:00:00,23.4068,0.1867981,8.763052
1981-01-04 06:00:00,5.7668,-4.853203,0.06679726
1981-01-05 06:00:00,20.6168,-7.733204,8.001801
1981-01-06 06:00:00,29.7068,19.896801,25.26305
1981-01-07 06:00:00,17.1068,1.1767998,6.486801
1981-01-08 06:00:00,18.0068,0.3667965,9.231796
1981-01-09 06:00:00,17.556799,-0.26320267,8.845551
1981-01-10 06:00:00,13.7768,-1.4332047,6.4755516
1981-01-11 06:00:00,8.736801,-2.063202,3.959299
1981-01-12 06:00:00,24.1268,2.976801,13.630552
1981-01-13 06:00:00,30.6968,13.5968,24.02555
1981-01-14 06:00:00,30.0668,26.4668,27.8393
1981-01-15 06:00:00,27.4568,16.9268,23.403051
1981-01-16 06:00:00,21.0668,11.3468,16.01555
1981-01-17 06:00:00,27.0968,6.486801,17.478052
1981-01-18 06:00:00,39.5168,24.8468,30.5543
1981-01-19 06:00:00,42.8468,28.9868,34.80305
1981-01-20 06:00:00,37.3568,28.3568,31.9868
1981-01-21 06:00:00,33.3068,27.1868,30.16805
1981-01-22 06:00:00,39.6068,20.3468,30.396801
1981-01-23 06:00:00,39.6068,20.8868,30.21305
1981-01-24 06:00:00,47.886803,25.386799,35.05055
1981-01-25 06:00:00,49.8668,34.026802,41.45555
1981-01-26 06:00:00,43.1168,34.1168,37.23305
1981-01-27 06:00:00,37.6268,28.896801,33.36305
1981-01-28 06:00:00,29.6168,19.986801,25.58555
1981-01-29 06:00:00,19.986801,12.5168,16.54805
1981-01-30 06:00:00,20.8868,14.6768,17.4818
1981-01-31 06:00:00,32.4068,14.046801,23.830551
1981-02-01 06:00:00,36.0968,22.5968,31.3193
1981-02-02 06:00:00,22.6868,4.7768,12.501799
1981-02-03 06:00:00,13.146801,-0.9832039,6.3217983
1981-02-04 06:00:00,11.436802,4.4167995,7.101799
1981-02-05 06:00:00,22.8668,1.9867973,13.293053
1981-02-06 06:00:00,27.8168,22.3268,25.06055
1981-02-07 06:00:00,34.3868,24.5768,29.47055
1981-02-08 06:00:00,22.8668,12.246799,17.830551
1981-02-09 06:00:00,25.2068,13.8668,19.326803
1981-02-10 06:00:00,31.5968,10.3568,22.5368
1981-02-11 06:00:00,9.546801,-12.233204,-0.54444885
1981-02-12 06:00:00,8.826801,-17.0932,-2.6369476
1981-02-13 06:00:00,24.0368,3.7868004,13.83305
1981-02-14 06:00:00,32.7668,14.046801,23.16305
1981-02-15 06:00:00,40.2368,27.5468,34.14305
1981-02-16 06:00:00,52.9268,38.7968,43.00805
1981-02-17 06:00:00,55.6268,37.7168,44.65055
1981-02-18 06:00:00,59.9468,42.9368,50.496803
1981-02-19 06:00:00,55.4468,35.8268,43.465553
1981-02-20 06:00:00,39.6068,29.4368,34.2818
1981-02-21 06:00:00,43.6568,28.9868,36.54305
1981-02-22 06:00:00,49.5968,39.3368,43.364304
1981-02-23 06:00:00,39.1568,34.5668,36.72305
1981-02-24 06:00:00,50.4968,33.7568,40.37555
1981-02-25 06:00:00,37.6268,27.0968,31.7018
1981-02-26 06:00:00,34.8368,25.0268,29.553051
1981-02-27 06:00:00,53.2868,29.1668,39.07805
1981-02-28 06:00:00,49.1468,35.7368,39.3668
1981-03-01 06:00:00,39.6068,32.9468,35.88305
1981-03-02 06:00:00,34.1168,25.2968,30.38555
1981-03-03 06:00:00,37.4468,21.6968,30.0968
1981-03-04 06:00:00,39.2468,26.916801,33.95555
1981-03-05 06:00:00,33.6668,22.5068,27.205551
1981-03-06 06:00:00,31.0568,22.056799,26.508049
1981-03-07 06:00:00,33.5768,20.3468,26.181799
1981-03-08 06:00:00,39.0668,23.226799,31.6943
1981-03-09 06:00:00,43.026802,29.8868,35.8793
1981-03-10 06:00:00,41.7668,28.896801,34.93055
1981-03-11 06:00:00,40.326797,27.0968,33.73805
1981-03-12 06:00:00,53.6468,31.2368,40.8593
1981-03-13 06:00:00,36.2768,24.396801,32.69555
1981-03-14 06:00:00,45.186802,23.226799,34.47305
1981-03-15 06:00:00,57.5168,26.646801,43.0868
1981-03-16 06:00:00,38.9768,20.7968,29.87555
1981-03-17 06:00:00,35.8268,22.5068,28.30055
1981-03-18 06:00:00,32.4968,21.0668,26.875551
1981-03-19 06:00:00,33.0368,22.5968,27.77555
1981-03-20 06:00:00,41.136803,26.646801,32.995552
1981-03-21 06:00:00,39.1568,24.5768,32.061802
1981-03-22 06:00:00,41.136803,28.6268,34.27055
1981-03-23 06:00:00,50.0468,27.9068,38.27555
1981-03-24 06:00:00,42.576797,29.6168,34.58555
1981-03-25 06:00:00,50.3168,26.8268,39.06305
1981-03-26 06:00:00,57.8768,37.1768,46.9718
1981-03-27 06:00:00,42.6668,31.1468,36.58805
1981-03-28 06:00:00,66.6968,38.7968,52.851803
1981-03-29 06:00:00,60.756798,55.8068,58.63805
1981-03-30 06:00:00,57.7868,48.2468,53.564304
1981-03-31 06:00:00,74.0768,40.8668,58.0193
1981-04-01 06:00:00,56.9768,45.5468,52.59305
1981-04-02 06:00:00,70.386795,35.3768,55.36055
1981-04-03 06:00:00,69.7568,57.5168,63.700554
1981-04-04 06:00:00,69.0368,38.4368,57.861794
1981-04-05 06:00:00,43.9268,33.4868,38.59805
1981-04-06 06:00:00,50.5868,31.1468,41.65805
1981-04-07 06:00:00,66.3368,41.9468,54.68555
1981-04-08 06:00:00,66.3368,40.326797,58.221798
1981-04-09 06:00:00,58.0568,39.6968,48.918053
1981-04-10 06:00:00,66.7868,46.2668,56.613052
1981-04-11 06:00:00,60.846798,44.6468,53.406803
1981-04-12 06:00:00,48.7868,43.2068,45.9218
1981-04-13 06:00:00,62.916798,47.1668,54.93305
1981-04-14 06:00:00,61.566795,36.1868,48.29555
1981-04-15 06:00:00,50.8568,34.4768,43.2818
1981-04-16 06:00:00,59.6768,40.0568,50.4068
1981-04-17 06:00:00,76.5968,54.006798,65.395546
1981-04-18 06:00:00,57.7868,39.7868,48.06305
1981-04-19 06:00:00,48.8768,37.7168,43.881798
1981-04-20 06:00:00,38.4368,33.0368,35.9168
1981-04-21 06:00:00,51.4868,33.4868,42.933052
1981-04-22 06:00:00,59.7668,46.3568,54.39305
1981-04-23 06:00:00,59.2268,42.3968,50.64305
1981-04-24 06:00:00,52.5668,39.6968,45.79805
1981-04-25 06:00:00,51.2168,36.3668,44.2943
1981-04-26 06:00:00,65.166794,41.0468,50.53805
1981-04-27 06:00:00,70.9268,44.4668,59.373055
1981-04-28 06:00:00,69.9368,44.1968,57.6818
1981-04-29 06:00:00,53.8268,44.5568,48.19055
1981-04-30 06:00:00,51.8468,45.4568,47.99555
1981-05-01 06:00:00,50.7668,40.6868,45.86555
1981-05-02 06:00:00,54.186802,38.2568,46.761803
1981-05-03 06:00:00,70.746796,46.7168,59.01305
1981-05-04 06:00:00,75.9668,56.1668,65.3468
1981-05-05 06:00:00,63.6368,42.6668,55.3418
1981-05-06 06:00:00,46.8068,39.5168,43.1318
1981-05-07 06:00:00,52.2068,39.3368,45.9443
1981-05-08 06:00:00,61.1168,39.6068,51.1868
1981-05-09 06:00:00,64.8068,42.1268,54.156803
1981-05-10 06:00:00,43.6568,41.0468,42.04055
1981-05-11 06:00:00,47.526802,41.7668,43.4768
1981-05-12 06:00:00,55.1768,37.4468,46.199303
1981-05-13 06:00:00,56.9768,39.7868,49.379303
1981-05-14 06:00:00,49.4168,45.5468,46.8218
1981-05-15 06:00:00,61.566795,44.4668,52.9193
1981-05-16 06:00:00,65.886795,42.3068,53.9168
1981-05-17 06:00:00,54.5468,47.6168,50.148052
1981-05-18 06:00:00,52.6568,47.526802,49.345554
1981-05-19 06:00:00,56.526802,47.0768,51.3143
1981-05-20 06:00:00,69.0368,43.8368,57.599297
1981-05-21 06:00:00,74.886795,49.776802,63.3368
1981-05-22 06:00:00,73.4468,53.9168,64.960556
1981-05-23 06:00:00,75.8768,59.6768,67.3643
1981-05-24 06:00:00,75.8768,63.5468,68.1593
1981-05-25 06:00:00,75.9668,54.186802,66.07805
1981-05-26 06:00:00,68.6768,57.6068,62.868053
1981-05-27 06:00:00,64.9868,53.2868,59.35055
1981-05-28 06:00:00,67.416794,51.6668,60.21305
1981-05-29 06:00:00,79.566795,61.2968,69.801796
1981-05-30 06:00:00,65.7968,50.5868,58.536804
1981-05-31 06:00:00,68.4068,46.1768,59.1218
1981-06-01 06:00:00,71.5568,56.0768,64.6118
1981-06-02 06:00:00,76.7768,60.0368,69.374306
1981-06-03 06:00:00,79.9268,64.8068,72.02555
1981-06-04 06:00:00,73.8968,58.4168,65.62805
1981-06-05 06:00:00,81.0068,60.6668,70.8893
1981-06-06 06:00:00,78.0368,60.6668,71.2793
1981-06-07 06:00:00,81.7268,56.7968,71.25305
1981-06-08 06:00:00,85.8668,66.4268,74.144295
1981-06-09 06:00:00,74.3468,60.5768,68.170555
1981-06-10 06:00:00,75.8768,63.006798,69.1493
1981-06-11 06:00:00,78.5768,57.6068,69.94055
1981-06-12 06:00:00,78.3068,61.9268,71.1068
1981-06-13 06:00:00,80.2868,69.1268,74.8643
1981-06-14 06:00:00,85.2368,75.1568,79.5368
1981-06-15 06:00:00,85.0568,73.3568,78.3593
1981-06-16 06:00:00,72.2768,62.466797,67.27055
1981-06-17 06:00:00,75.246796,54.3668,66.28055
1981-06-18 06:00:00,81.2768,60.9368,71.59805
1981-06-19 06:00:00,73.7168,64.4468,68.9543
1981-06-20 06:00:00,79.9268,62.1068,70.9118
1981-06-21 06:00:00,75.6068,62.5568,68.5793
1981-06-22 06:00:00,76.3268,60.4868,68.166794
1981-06-23 06:00:00,73.7168,59.9468,66.9218
1981-06-24 06:00:00,84.066795,66.9668,75.715546
1981-06-25 06:00:00,78.666794,62.3768,71.74429
1981-06-26 06:00:00,68.8568,58.4168,64.589294
1981-06-27 06:00:00,77.0468,54.9068,67.694305
1981-06-28 06:00:00,81.996796,64.8068,72.8993
1981-06-29 06:00:00,88.566795,72.0068,78.81305
1981-06-30 06:00:00,73.8068,63.6368,69.67055
1981-07-01 06:00:00,72.2768,64.7168,68.496796
1981-07-02 06:00:00,77.9468,66.6968,72.26555
1981-07-03 06:00:00,79.386795,64.9868,73.22555
1981-07-04 06:00:00,79.746796,68.4068,73.8293
1981-07-05 06:00:00,80.6468,67.416794,73.791794
1981-07-06 06:00:00,83.6168,66.066795,74.8568
1981-07-07 06:00:00,89.2868,65.0768,78.81679
1981-07-08 06:00:00,88.2068,74.5268,81.7868
1981-07-09 06:00:00,86.316795,68.8568,77.17805
1981-07-10 06:00:00,83.9768,61.2968,75.01805
1981-07-11 06:00:00,86.5868,65.9768,77.42555
1981-07-12 06:00:00,91.80681,71.3768,81.936806
1981-07-13 06:00:00,86.5868,75.066795,80.41055
1981-07-14 06:00:00,79.386795,72.816795,75.741806
1981-07-15 06:00:00,78.3968,71.5568,73.72805
1981-07-16 06:00:00,78.2168,68.4068,73.5593
1981-07-17 06:00:00,85.6868,65.3468,77.26805
1981-07-18 06:00:00,87.846794,69.8468,79.71304
1981-07-19 06:00:00,83.346794,72.816795,76.885544
1981-07-20 06:00:00,83.7968,70.0268,75.8468
1981-07-21 06:00:00,73.4468,65.166794,69.6293
1981-07-22 06:00:00,70.746796,61.566795,66.1568
1981-07-23 06:00:00,77.4068,59.9468,70.0493
1981-07-24 06:00:00,81.5468,65.7968,73.645546
1981-07-25 06:00:00,82.7168,69.4868,75.0668
1981-07-26 06:00:00,76.0568,67.416794,71.16305
1981-07-27 06:00:00,70.6568,63.006798,66.52055
1981-07-28 06:00:00,67.8668,60.756798,64.8143
1981-07-29 06:00:00,70.566795,57.3368,64.3043
1981-07-30 06:00:00,75.9668,56.436802,67.54805
1981-07-31 06:00:00,79.8368,61.8368,71.45555
1981-08-01 06:00:00,82.1768,59.6768,72.8768
1981-08-02 06:00:00,82.8068,65.9768,73.24431
1981-08-03 06:00:00,79.6568,69.1268,74.28305
1981-08-04 06:00:00,86.496796,68.0468,77.365555
1981-08-05 06:00:00,77.316795,72.7268,74.65805
1981-08-06 06:00:00,81.5468,70.0268,75.41555
1981-08-07 06:00:00,75.6068,66.246796,70.84055
1981-08-08 06:00:00,75.066795,65.5268,69.49805
1981-08-09 06:00:00,80.6468,62.8268,70.77305
1981-08-10 06:00:00,76.9568,64.9868,70.653046
1981-08-11 06:00:00,77.5868,63.006798,70.21805
1981-08-12 06:00:00,83.166794,64.8068,73.9643
1981-08-13 06:00:00,84.4268,69.2168,76.80679
1981-08-14 06:00:00,76.2368,70.1168,73.00055
1981-08-15 06:00:00,80.0168,70.4768,74.22305
1981-08-16 06:00:00,69.5768,65.166794,66.8543
1981-08-17 06:00:00,69.3968,60.1268,64.881805
1981-08-18 06:00:00,72.0068,57.3368,65.905556
1981-08-19 06:00:00,73.4468,59.8568,67.42805
1981-08-20 06:00:00,75.3368,61.566795,68.79305
1981-08-21 06:00:00,77.9468,64.4468,71.4743
1981-08-22 06:00:00,78.5768,63.9068,71.50806
1981-08-23 06:00:00,81.1868,63.7268,72.8168
1981-08-24 06:00:00,82.8068,65.3468,74.459305
1981-08-25 06:00:00,80.3768,69.5768,74.4368
1981-08-26 06:00:00,79.6568,67.9568,71.1818
1981-08-27 06:00:00,75.7868,67.2368,70.6343
1981-08-28 06:00:00,78.3968,68.4068,70.956795
1981-08-29 06:00:00,76.6868,67.0568,70.48805
1981-08-30 06:00:00,81.9068,65.4368,73.18055
1981-08-31 06:00:00,82.4468,69.0368,73.5143
1981-09-01 06:00:00,76.5968,68.4068,71.11805
1981-09-02 06:00:00,68.2268,66.066795,67.131805
1981-09-03 06:00:00,69.4868,66.4268,67.5068
1981-09-04 06:00:00,73.5368,64.7168,68.331795
1981-09-05 06:00:00,70.0268,63.7268,66.54681
1981-09-06 06:00:00,70.2068,62.3768,66.1643
1981-09-07 06:00:00,74.7968,61.8368,66.92181
1981-09-08 06:00:00,70.746796,58.3268,64.2143
1981-09-09 06:00:00,74.0768,55.1768,65.0318
1981-09-10 06:00:00,81.2768,63.276802,71.60181
1981-09-11 06:00:00,82.2668,66.1568,74.06555
1981-09-12 06:00:00,77.9468,68.4068,72.3593
1981-09-13 06:00:00,82.9868,65.9768,74.29055
1981-09-14 06:00:00,76.416794,63.7268,69.08555
1981-09-15 06:00:00,69.2168,57.6968,63.659298
1981-09-16 06:00:00,58.776802,52.026802,55.72805
1981-09-17 06:00:00,57.3368,50.136803,52.570553
1981-09-18 06:00:00,61.2068,48.7868,55.1093
1981-09-19 06:00:00,73.1768,52.026802,61.6343
1981-09-20 06:00:00,66.7868,54.9068,61.08305
1981-09-21 06:00:00,71.4668,56.1668,61.39805
1981-09-22 06:00:00,58.3268,52.4768,55.34555
1981-09-23 06:00:00,59.5868,47.9768,54.1268
1981-09-24 06:00:00,70.566795,52.2068,60.9968
1981-09-25 06:00:00,68.496796,58.8668,63.76055
1981-09-26 06:00:00,74.4368,63.1868,67.40555
1981-09-27 06:00:00,66.1568,53.6468,59.5718
1981-09-28 06:00:00,58.4168,46.4468,52.52555
1981-09-29 06:00:00,61.026802,49.5968,55.960552
1981-09-30 06:00:00,79.4768,56.436802,68.0243
1981-10-01 06:00:00,69.0368,44.5568,56.48555
1981-10-02 06:00:00,50.136803,41.136803,45.1043
1981-10-03 06:00:00,56.7068,38.7968,48.72305
1981-10-04 06:00:00,68.0468,49.1468,57.749306
1981-10-05 06:00:00,67.0568,54.4568,61.4768
1981-10-06 06:00:00,67.5068,48.9668,56.97305
1981-10-07 06:00:00,54.5468,45.186802,49.81055
1981-10-08 06:00:00,56.1668,45.0968,50.2943
1981-10-09 06:00:00,58.686802,45.4568,52.308052
1981-10-10 06:00:00,56.1668,49.5968,52.8818
1981-10-11 06:00:00,57.3368,45.276802,51.670547
1981-10-12 06:00:00,59.4968,49.776802,54.44555
1981-10-13 06:00:00,66.5168,49.506798,58.04555
1981-10-14 06:00:00,60.1268,54.006798,56.740555
1981-10-15 06:00:00,61.4768,51.2168,56.6393
1981-10-16 06:00:00,55.7168,47.3468,51.32555
1981-10-17 06:00:00,62.1968,48.3368,55.7768
1981-10-18 06:00:00,55.9868,40.6868,46.011803
1981-10-19 06:00:00,48.6068,37.4468,43.0868
1981-10-20 06:00:00,65.6168,46.2668,54.295555
1981-10-21 06:00:00,50.9468,42.756798,45.9143
1981-10-22 06:00:00,48.6968,38.0768,43.6568
1981-10-23 06:00:00,37.8968,29.4368,34.48805
1981-10-24 06:00:00,39.5168,26.1068,33.57305
1981-10-25 06:00:00,43.6568,34.6568,39.5918
1981-10-26 06:00:00,50.3168,41.5868,46.0643
1981-10-27 06:00:00,56.886803,42.756798,48.64055
1981-10-28 06:00:00,56.886803,39.9668,47.9693
1981-10-29 06:00:00,59.0468,45.0968,51.5618
1981-10-30 06:00:00,67.5968,48.0668,57.246803
1981-10-31 06:00:00,65.886795,54.0968,58.9343
1981-11-01 06:00:00,59.4068,51.756798,55.109303
1981-11-02 06:00:00,57.4268,51.1268,53.159298
1981-11-03 06:00:00,62.5568,49.3268,54.768047
1981-11-04 06:00:00,64.9868,52.1168,58.180553
1981-11-05 06:00:00,57.6968,45.4568,53.631798
1981-11-06 06:00:00,47.436802,40.4168,44.3093
1981-11-07 06:00:00,54.8168,35.2868,44.560555
1981-11-08 06:00:00,59.4068,41.7668,48.99305
1981-11-09 06:00:00,44.5568,34.8368,39.91805
1981-11-10 06:00:00,47.886803,30.2468,38.91305
1981-11-11 06:00:00,48.4268,37.1768,41.6243
1981-11-12 06:00:00,48.7868,36.1868,41.635548
1981-11-13 06:00:00,50.8568,34.2068,41.50805
1981-11-14 06:00:00,53.7368,31.3268,42.3143
1981-11-15 06:00:00,57.1568,34.1168,45.64055
1981-11-16 06:00:00,56.256798,42.3968,49.060555
1981-11-17 06:00:00,52.9268,40.8668,45.7343
1981-11-18 06:00:00,48.6068,36.6368,43.4993
1981-11-19 06:00:00,47.1668,40.9568,45.055553
1981-11-20 06:00:00,40.2368,30.2468,33.70805
1981-11-21 06:00:00,33.3968,26.3768,29.22305
1981-11-22 06:00:00,32.6768,18.7268,25.80305
1981-11-23 06:00:00,35.9168,19.896801,30.55055
1981-11-24 06:00:00,35.8268,25.1168,33.1343
1981-11-25 06:00:00,37.9868,24.5768,33.5318
1981-11-26 06:00:00,58.506798,36.3668,46.05305
1981-11-27 06:00:00,38.4368,30.3368,34.3043
1981-11-28 06:00:00,34.2068,26.916801,31.1318
1981-11-29 06:00:00,36.1868,25.2968,29.45555
1981-11-30 06:00:00,37.0868,26.1968,32.4143
1981-12-01 06:00:00,44.7368,34.3868,39.565548
1981-12-02 06:00:00,33.9368,29.6168,32.62055
1981-12-03 06:00:00,39.4268,23.8568,32.2493
1981-12-04 06:00:00,37.0868,30.1568,33.6593
1981-12-05 06:00:00,32.9468,25.2968,28.71305
1981-12-06 06:00:00,41.3168,27.2768,34.90805
1981-12-07 06:00:00,48.4268,35.7368,40.75055
1981-12-08 06:00:00,35.1968,29.7968,32.71805
1981-12-09 06:00:00,30.8768,26.5568,28.47305
1981-12-10 06:00:00,29.7968,22.236801,26.0543
1981-12-11 06:00:00,30.4268,23.3168,26.605549
1981-12-12 06:00:00,34.2968,25.0268,29.26805
1981-12-13 06:00:00,35.8268,29.3468,31.96055
1981-12-14 06:00:00,35.2868,27.4568,31.7318
1981-12-15 06:00:00,26.916801,20.706799,23.28305
1981-12-16 06:00:00,25.476799,17.1068,21.798052
1981-12-17 06:00:00,25.7468,18.8168,22.5668
1981-12-18 06:00:00,23.8568,12.4268,17.63555
1981-12-19 06:00:00,20.706799,9.456799,14.33555
1981-12-20 06:00:00,23.5868,7.2067986,14.549299
1981-12-21 06:00:00,32.7668,24.7568,30.41555
1981-12-22 06:00:00,33.7568,30.4268,31.9493
1981-12-23 06:00:00,31.7768,22.056799,24.9368
1981-12-24 06:00:00,30.6968,22.146801,24.8093
1981-12-25 06:00:00,33.3068,19.2668,25.04555
1981-12-26 06:00:00,32.4968,24.1268,29.29055
1981-12-27 06:00:00,30.6068,24.9368,28.098051
1981-12-28 06:00:00,29.3468,22.5068,24.52055
1981-12-29 06:00:00,22.236801,16.836802,19.4768
1981-12-30 06:00:00,29.7968,13.146801,20.3843
1981-12-31 06:00:00,34.1168,30.3368,32.55305
1982-01-01 06:00:00,30.1568,11.6168,20.66555
1982-01-02 06:00:00,38.6168,19.086802,27.681799
1982-01-03 06:00:00,38.7068,30.2468,33.4568
1982-01-04 06:00:00,35.9168,17.736801,27.2243
1982-01-05 06:00:00,35.8268,8.556799,22.855549
1982-01-06 06:00:00,30.4268,13.326801,22.8668
1982-01-07 06:00:00,12.336802,-6.563202,3.4230537
1982-01-08 06:00:00,19.2668,-7.3731995,9.175549
1982-01-09 06:00:00,10.2668,-16.3732,-3.8181992
1982-01-10 06:00:00,-8.903202,-23.1232,-16.744453
1982-01-11 06:00:00,6.0368004,-8.453201,-0.9269562
1982-01-12 06:00:00,12.246799,-2.8731995,5.39555
1982-01-13 06:00:00,20.976799,9.726801,13.791803
1982-01-14 06:00:00,12.4268,-3.1432,6.366802
1982-01-15 06:00:00,13.8668,-3.6832047,5.1480503
1982-01-16 06:00:00,10.896801,-21.503204,-10.129448
1982-01-17 06:00:00,2.5268002,-26.183197,-12.473198
1982-01-18 06:00:00,19.896801,1.1767998,9.153051
1982-01-19 06:00:00,27.8168,8.1968,16.008053
1982-01-20 06:00:00,24.486801,15.396801,21.5018
1982-01-21 06:00:00,23.7668,19.3568,21.34805
1982-01-22 06:00:00,38.7968,13.5068,21.640553
1982-01-23 06:00:00,41.6768,1.9867973,14.77055
1982-01-24 06:00:00,6.2168007,-0.08320236,2.1667995
1982-01-25 06:00:00,9.816799,-2.063202,4.3305473
1982-01-26 06:00:00,9.636801,-8.813202,0.27680397
1982-01-27 06:00:00,35.0168,7.566799,23.73305
1982-01-28 06:00:00,34.1168,12.6068,26.9168
1982-01-29 06:00:00,30.7868,8.646801,20.83805
1982-01-30 06:00:00,30.8768,18.456799,27.6518
1982-01-31 06:00:00,16.5668,6.396799,10.7843
1982-02-01 06:00:00,15.7568,-6.8332024,5.62055
1982-02-02 06:00:00,23.3168,1.8067989,13.5443
1982-02-03 06:00:00,18.456799,10.806799,16.071802
1982-02-04 06:00:00,11.076801,1.5367985,6.3293037
1982-02-05 06:00:00,13.4168,4.8668003,9.32555
1982-02-06 06:00:00,3.9668007,-11.243202,-1.9694519
1982-02-07 06:00:00,22.7768,3.6967983,13.754301
1982-02-08 06:00:00,21.6068,1.3568001,13.686798
1982-02-09 06:00:00,15.576801,-6.563202,7.1618023
1982-02-10 06:00:00,4.7768,-14.123199,-3.7131996
1982-02-11 06:00:00,22.3268,0.99679947,10.859299
1982-02-12 06:00:00,23.0468,9.0968,15.093052
1982-02-13 06:00:00,25.8368,0.7268009,15.0518
1982-02-14 06:00:00,36.8168,19.2668,28.8443
1982-02-15 06:00:00,42.4868,31.9568,37.323048
1982-02-16 06:00:00,34.6568,30.4268,32.9468
1982-02-17 06:00:00,33.3968,28.9868,31.17305
1982-02-18 06:00:00,32.8568,29.7968,31.2893
1982-02-19 06:00:00,37.0868,28.8068,33.2843
1982-02-20 06:00:00,47.256798,34.2968,40.0118
1982-02-21 06:00:00,37.0868,25.8368,33.8168
1982-02-22 06:00:00,43.9268,22.956799,34.65305
1982-02-23 06:00:00,37.0868,28.9868,32.2568
1982-02-24 06:00:00,30.5168,19.7168,25.7243
1982-02-25 06:00:00,21.3368,12.6968,17.928051
1982-02-26 06:00:00,31.9568,13.7768,22.056799
1982-02-27 06:00:00,31.7768,18.6368,25.2068
1982-02-28 06:00:00,37.8968,16.4768,27.9818
1982-03-01 06:00:00,42.4868,32.9468,36.72305
1982-03-02 06:00:00,33.2168,13.5968,24.5093
1982-03-03 06:00:00,19.806799,9.0068,14.913052
1982-03-04 06:00:00,20.2568,15.576801,18.1418
1982-03-05 06:00:00,26.2868,6.7567997,16.844303
1982-03-06 06:00:00,23.4068,0.1867981,11.5718
1982-03-07 06:00:00,21.5168,6.306799,15.55055
1982-03-08 06:00:00,29.5268,-4.0432014,14.144304
1982-03-09 06:00:00,22.3268,6.936802,16.578053
1982-03-10 06:00:00,43.7468,22.146801,34.92305
1982-03-11 06:00:00,43.2968,30.0668,36.550552
1982-03-12 06:00:00,58.2368,28.6268,42.6293
1982-03-13 06:00:00,51.0368,34.6568,42.84305
1982-03-14 06:00:00,42.9368,31.7768,36.4568
1982-03-15 06:00:00,39.8768,32.7668,36.7268
1982-03-16 06:00:00,56.7968,37.4468,46.13555
1982-03-17 06:00:00,40.5968,28.9868,35.4668
1982-03-18 06:00:00,51.756798,27.8168,38.163048
1982-03-19 06:00:00,34.3868,32.2268,33.3143
1982-03-20 06:00:00,43.1168,31.3268,36.9818
1982-03-21 06:00:00,42.8468,30.4268,36.42305
1982-03-22 06:00:00,45.0968,32.0468,37.870552
1982-03-23 06:00:00,51.6668,26.8268,40.3643
1982-03-24 06:00:00,53.2868,39.5168,45.55055
1982-03-25 06:00:00,42.0368,29.8868,37.0118
1982-03-26 06:00:00,33.5768,20.1668,28.2593
1982-03-27 06:00:00,28.896801,15.7568,21.816801
1982-03-28 06:00:00,41.3168,19.896801,30.89555
1982-03-29 06:00:00,54.4568,27.9968,41.6768
1982-03-30 06:00:00,59.7668,45.5468,52.701797
1982-03-31 06:00:00,56.886803,47.3468,51.4943
1982-04-01 06:00:00,54.3668,39.8768,46.16555
1982-04-02 06:00:00,62.016796,37.7168,50.29805
1982-04-03 06:00:00,57.7868,27.3668,37.990547
1982-04-04 06:00:00,36.0968,20.3468,28.1993
1982-04-05 06:00:00,29.6168,17.0168,24.1193
1982-04-06 06:00:00,26.8268,12.066799,19.195549
1982-04-07 06:00:00,29.5268,9.2768,21.0443
1982-04-08 06:00:00,31.5968,24.6668,27.88805
1982-04-09 06:00:00,37.0868,23.9468,30.4268
1982-04-10 06:00:00,40.776802,22.236801,31.240551
1982-04-11 06:00:00,41.136803,26.2868,32.86055
1982-04-12 06:00:00,55.8968,30.5168,43.95305
1982-04-13 06:00:00,54.5468,37.3568,47.200546
1982-04-14 06:00:00,51.756798,34.1168,42.33305
1982-04-15 06:00:00,68.0468,39.9668,54.05555
1982-04-16 06:00:00,68.2268,55.7168,61.998055
1982-04-17 06:00:00,60.3068,46.8968,52.60055
1982-04-18 06:00:00,60.0368,39.0668,50.609303
1982-04-19 06:00:00,63.1868,46.3568,54.67055
1982-04-20 06:00:00,54.186802,39.4268,47.18555
1982-04-21 06:00:00,51.8468,33.2168,43.285553
1982-04-22 06:00:00,55.1768,34.3868,46.3568
1982-04-23 06:00:00,62.1068,40.326797,51.7118
1982-04-24 06:00:00,67.2368,45.4568,56.21555
1982-04-25 06:00:00,63.5468,47.3468,54.839302
1982-04-26 06:00:00,61.4768,39.6068,48.985554
1982-04-27 06:00:00,47.3468,34.7468,41.01305
1982-04-28 06:00:00,52.1168,36.2768,44.050552
1982-04-29 06:00:00,53.2868,41.4068,47.868053
1982-04-30 06:00:00,61.1168,48.5168,52.7993
1982-05-01 06:00:00,62.5568,45.636803,53.466805
1982-05-02 06:00:00,69.0368,42.4868,57.280552
1982-05-03 06:00:00,71.6468,48.6068,60.2393
1982-05-04 06:00:00,76.1468,54.7268,65.9618
1982-05-05 06:00:00,80.2868,62.3768,71.433044
1982-05-06 06:00:00,77.7668,57.5168,68.7068
1982-05-07 06:00:00,65.0768,50.0468,56.29805
1982-05-08 06:00:00,64.9868,47.436802,54.22805
1982-05-09 06:00:00,67.8668,47.256798,57.865547
1982-05-10 06:00:00,79.6568,57.3368,68.646805
1982-05-11 06:00:00,81.816795,60.4868,71.740555
1982-05-12 06:00:00,74.6168,61.4768,67.0643
1982-05-13 06:00:00,82.2668,63.276802,72.93305
1982-05-14 06:00:00,83.4368,63.7268,74.74805
1982-05-15 06:00:00,80.0168,63.7268,71.1443
1982-05-16 06:00:00,79.1168,62.286797,69.86555
1982-05-17 06:00:00,81.7268,61.6568,72.021805
1982-05-18 06:00:00,79.746796,66.3368,71.7668
1982-05-19 06:00:00,79.8368,61.2068,70.3943
1982-05-20 06:00:00,64.1768,47.0768,57.651802
1982-05-21 06:00:00,61.2968,47.256798,56.44055
1982-05-22 06:00:00,68.9468,54.5468,61.2968
1982-05-23 06:00:00,58.506798,53.1068,55.3493
1982-05-24 06:00:00,62.016796,51.1268,56.350548
1982-05-25 06:00:00,61.8368,50.9468,56.44055
1982-05-26 06:00:00,63.7268,55.6268,60.903053
1982-05-27 06:00:00,66.3368,57.2468,62.05055
1982-05-28 06:00:00,71.3768,56.9768,63.610554
1982-05-29 06:00:00,72.2768,57.8768,64.38305
1982-05-30 06:00:00,74.166794,58.776802,65.928055
1982-05-31 06:00:00,76.7768,60.2168,67.2068
1982-06-01 06:00:00,68.0468,56.6168,61.70555
1982-06-02 06:00:00,65.4368,51.8468,57.715553
1982-06-03 06:00:00,56.256798,49.2368,52.34555
1982-06-04 06:00:00,59.9468,49.3268,54.648052
1982-06-05 06:00:00,65.2568,50.7668,57.9293
1982-06-06 06:00:00,70.0268,49.776802,62.485554
1982-06-07 06:00:00,81.816795,64.8968,70.7168
1982-06-08 06:00:00,73.0868,61.4768,66.9293
1982-06-09 06:00:00,78.1268,60.4868,67.77305
1982-06-10 06:00:00,72.3668,55.2668,64.4243
1982-06-11 06:00:00,72.996796,53.5568,64.84805
1982-06-12 06:00:00,73.3568,58.776802,66.636795
1982-06-13 06:00:00,72.9068,58.146797,65.459305
1982-06-14 06:00:00,77.9468,58.4168,69.21305
1982-06-15 06:00:00,72.816795,57.6968,65.6093
1982-06-16 06:00:00,61.2068,51.0368,57.085552
1982-06-17 06:00:00,74.7968,49.776802,63.888046
1982-06-18 06:00:00,68.0468,57.5168,62.538055
1982-06-19 06:00:00,65.7968,56.0768,60.9368
1982-06-20 06:00:00,73.3568,57.4268,64.4243
1982-06-21 06:00:00,71.7368,54.8168,64.1243
1982-06-22 06:00:00,67.416794,56.0768,61.2593
1982-06-23 06:00:00,71.0168,52.1168,63.231804
1982-06-24 06:00:00,78.2168,57.6968,68.71805
1982-06-25 06:00:00,81.2768,59.136803,67.521805
1982-06-26 06:00:00,68.9468,58.686802,63.3968
1982-06-27 06:00:00,79.2068,60.9368,69.3893
1982-06-28 06:00:00,74.3468,65.0768,69.40805
1982-06-29 06:00:00,73.2668,62.3768,65.91305
1982-06-30 06:00:00,67.3268,54.636803,62.59055
1982-07-01 06:00:00,74.2568,52.9268,65.170555
1982-07-02 06:00:00,74.2568,59.3168,68.14805
1982-07-03 06:00:00,77.496796,67.2368,71.55679
1982-07-04 06:00:00,75.9668,66.4268,71.6393
1982-07-05 06:00:00,88.0268,65.7068,77.67305
1982-07-06 06:00:00,89.2868,75.246796,82.48805
1982-07-07 06:00:00,82.9868,72.4568,77.62806
1982-07-08 06:00:00,77.136795,67.5968,72.2693
1982-07-09 06:00:00,83.346794,61.566795,74.3093
1982-07-10 06:00:00,79.9268,69.9368,74.24555
1982-07-11 06:00:00,76.5968,67.1468,70.979294
1982-07-12 06:00:00,82.0868,63.5468,73.371796
1982-07-13 06:00:00,82.8068,65.0768,73.93805
1982-07-14 06:00:00,83.9768,67.7768,75.60305
1982-07-15 06:00:00,86.4068,71.1068,78.95555
1982-07-16 06:00:00,88.1168,73.4468,79.3568
1982-07-17 06:00:00,89.4668,75.6968,82.791794
1982-07-18 06:00:00,83.9768,74.2568,78.6368
1982-07-19 06:00:00,77.496796,69.4868,73.4243
1982-07-20 06:00:00,79.8368,66.9668,73.285545
1982-07-21 06:00:00,84.5168,69.4868,76.2743
1982-07-22 06:00:00,76.5968,69.3068,72.0143
1982-07-23 06:00:00,77.316795,68.0468,72.636795
1982-07-24 06:00:00,83.2568,68.9468,76.28555
1982-07-25 06:00:00,87.5768,70.0268,79.2218
1982-07-26 06:00:00,84.066795,74.166794,78.32179
1982-07-27 06:00:00,84.7868,71.4668,75.903046
1982-07-28 06:00:00,76.1468,67.5968,71.7818
1982-07-29 06:00:00,78.9368,62.016796,71.676796
1982-07-30 06:00:00,79.2068,66.6968,72.61805
1982-07-31 06:00:00,80.0168,64.6268,73.1843
1982-08-01 06:00:00,85.6868,66.3368,76.709305
1982-08-02 06:00:00,81.636795,68.6768,75.31805
1982-08-03 06:00:00,91.716805,71.1968,81.68929
1982-08-04 06:00:00,88.6568,75.8768,81.01805
1982-08-05 06:00:00,80.7368,75.1568,76.92305
1982-08-06 06:00:00,78.8468,72.7268,74.97679
1982-08-07 06:00:00,83.0768,71.3768,76.120544
1982-08-08 06:00:00,84.9668,70.6568,76.491806
1982-08-09 06:00:00,74.4368,63.9968,68.6093
1982-08-10 06:00:00,68.4068,60.5768,64.88555
1982-08-11 06:00:00,71.4668,56.436802,64.87805
1982-08-12 06:00:00,72.3668,56.7068,65.5943
1982-08-13 06:00:00,76.416794,57.3368,67.83305
1982-08-14 06:00:00,79.2968,60.3068,70.89305
1982-08-15 06:00:00,81.9068,63.006798,73.1693
1982-08-16 06:00:00,81.5468,68.316795,75.0818
1982-08-17 06:00:00,78.1268,66.1568,72.37805
1982-08-18 06:00:00,81.996796,63.276802,73.3568
1982-08-19 06:00:00,85.3268,69.4868,76.75806
1982-08-20 06:00:00,81.5468,70.2968,75.59554
1982-08-21 06:00:00,74.5268,65.9768,69.89555
1982-08-22 06:00:00,77.2268,63.816795,70.12805
1982-08-23 06:00:00,78.8468,65.7068,71.65055
1982-08-24 06:00:00,79.9268,62.1968,71.1743
1982-08-25 06:00:00,76.2368,59.0468,67.7693
1982-08-26 06:00:00,77.496796,61.9268,69.411804
1982-08-27 06:00:00,69.4868,58.4168,64.01555
1982-08-28 06:00:00,67.6868,52.026802,60.40055
1982-08-29 06:00:00,75.5168,51.6668,65.26805
1982-08-30 06:00:00,78.9368,64.5368,70.24055
1982-08-31 06:00:00,78.8468,67.9568,72.4793
1982-09-01 06:00:00,81.1868,69.3968,73.57055
1982-09-02 06:00:00,77.4068,64.1768,70.4318
1982-09-03 06:00:00,71.6468,58.506798,64.9568
1982-09-04 06:00:00,74.7068,54.276802,65.3618
1982-09-05 06:00:00,81.5468,59.7668,70.5218
1982-09-06 06:00:00,68.136795,64.0868,65.62055
1982-09-07 06:00:00,67.8668,56.886803,63.629295
1982-09-08 06:00:00,72.996796,52.6568,64.35306
1982-09-09 06:00:00,80.0168,55.2668,69.08555
1982-09-10 06:00:00,83.4368,65.166794,73.9643
1982-09-11 06:00:00,84.69679,67.7768,76.0268
1982-09-12 06:00:00,82.8968,68.496796,76.10555
1982-09-13 06:00:00,84.4268,70.6568,77.78555
1982-09-14 06:00:00,78.7568,68.8568,72.67055
1982-09-15 06:00:00,77.7668,61.026802,69.19055
1982-09-16 06:00:00,62.3768,55.4468,58.829304
1982-09-17 06:00:00,70.386795,55.7168,61.9718
1982-09-18 06:00:00,64.3568,53.4668,59.1143
1982-09-19 06:00:00,68.5868,54.8168,61.26305
1982-09-20 06:00:00,59.3168,50.8568,55.15805
1982-09-21 06:00:00,57.4268,46.8968,52.6268
1982-09-22 06:00:00,59.8568,47.0768,54.0143
1982-09-23 06:00:00,67.416794,47.3468,56.920547
1982-09-24 06:00:00,67.5968,55.8968,61.098053
1982-09-25 06:00:00,60.846798,53.9168,57.4643
1982-09-26 06:00:00,66.4268,54.006798,59.6168
1982-09-27 06:00:00,65.5268,55.4468,59.691803
1982-09-28 06:00:00,71.5568,53.8268,62.620552
1982-09-29 06:00:00,77.8568,61.566795,68.44055
1982-09-30 06:00:00,79.0268,59.4068,68.89805
1982-10-01 06:00:00,76.3268,62.646797,67.116806
1982-10-02 06:00:00,77.316795,61.566795,69.16805
1982-10-03 06:00:00,71.0168,56.9768,64.56305
1982-10-04 06:00:00,72.2768,56.1668,63.94055
1982-10-05 06:00:00,80.2868,61.1168,69.9893
1982-10-06 06:00:00,81.4568,65.3468,72.14555
1982-10-07 06:00:00,66.5168,50.3168,59.35805
1982-10-08 06:00:00,71.4668,51.936802,61.6568
1982-10-09 06:00:00,68.2268,62.1968,65.151794
1982-10-10 06:00:00,65.2568,52.7468,58.803047
1982-10-11 06:00:00,56.0768,52.2968,53.92805
1982-10-12 06:00:00,61.8368,50.7668,55.491802
1982-10-13 06:00:00,56.436802,48.2468,52.36805
1982-10-14 06:00:00,59.136803,45.186802,52.653053
1982-10-15 06:00:00,60.2168,48.2468,53.980553
1982-10-16 06:00:00,49.5968,42.9368,46.484303
1982-10-17 06:00:00,56.1668,37.5368,47.73305
1982-10-18 06:00:00,66.1568,47.526802,56.076797
1982-10-19 06:00:00,63.096798,53.7368,57.779305
1982-10-20 06:00:00,58.8668,42.0368,45.22055
1982-10-21 06:00:00,44.2868,39.2468,41.3093
1982-10-22 06:00:00,46.3568,35.0168,41.15555
1982-10-23 06:00:00,49.776802,31.7768,40.07555
1982-10-24 06:00:00,52.2968,34.2968,42.115547
1982-10-25 06:00:00,57.1568,33.6668,45.00305
1982-10-26 06:00:00,60.6668,36.2768,48.21305
1982-10-27 06:00:00,61.1168,42.3968,52.0493
1982-10-28 06:00:00,65.5268,51.5768,58.4243
1982-10-29 06:00:00,56.436802,50.6768,53.980553
1982-10-30 06:00:00,62.646797,50.7668,55.480553
1982-10-31 06:00:00,64.5368,51.6668,57.69305
1982-11-01 06:00:00,66.246796,57.3368,62.50055
1982-11-02 06:00:00,61.8368,50.2268,56.729298
1982-11-03 06:00:00,49.776802,35.8268,43.9943
1982-11-04 06:00:00,35.4668,28.9868,32.0168
1982-11-05 06:00:00,36.0968,31.2368,33.26555
1982-11-06 06:00:00,43.8368,31.0568,36.62555
1982-11-07 06:00:00,58.776802,37.0868,47.793053
1982-11-08 06:00:00,54.186802,44.2868,48.666805
1982-11-09 06:00:00,46.1768,44.1068,44.90555
1982-11-10 06:00:00,61.4768,43.2068,52.2518
1982-11-11 06:00:00,59.4068,52.5668,56.508053
1982-11-12 06:00:00,59.6768,27.3668,44.31305
1982-11-13 06:00:00,30.6068,24.5768,27.4268
1982-11-14 06:00:00,32.7668,24.486801,28.27055
1982-11-15 06:00:00,33.0368,20.0768,26.646801
1982-11-16 06:00:00,39.3368,28.3568,32.56055
1982-11-17 06:00:00,46.6268,26.2868,35.94305
1982-11-18 06:00:00,52.9268,34.2968,44.0618
1982-11-19 06:00:00,55.9868,48.7868,52.6193
1982-11-20 06:00:00,62.016796,52.2068,58.4393
1982-11-21 06:00:00,49.776802,39.8768,43.6643
1982-11-22 06:00:00,48.7868,39.1568,43.8743
1982-11-23 06:00:00,45.0968,28.1768,37.698048
1982-11-24 06:00:00,28.7168,21.1568,24.67805
1982-11-25 06:00:00,34.026802,22.8668,28.24805
1982-11-26 06:00:00,37.2668,30.4268,33.3293
1982-11-27 06:00:00,37.9868,28.7168,32.4368
1982-11-28 06:00:00,41.9468,31.3268,37.5443
1982-11-29 06:00:00,40.4168,36.4568,38.26805
1982-11-30 06:00:00,55.9868,36.8168,46.03805
1982-12-01 06:00:00,57.3368,48.4268,53.0318
1982-12-02 06:00:00,66.7868,56.9768,62.763046
1982-12-03 06:00:00,64.4468,48.5168,58.626797
1982-12-04 06:00:00,48.2468,42.3968,44.44055
1982-12-05 06:00:00,59.3168,41.5868,50.5343
1982-12-06 06:00:00,42.3068,33.7568,37.82555
1982-12-07 06:00:00,36.2768,34.026802,34.98305
1982-12-08 06:00:00,36.0068,23.226799,30.8543
1982-12-09 06:00:00,28.0868,18.6368,23.6918
1982-12-10 06:00:00,33.8468,27.0968,29.95055
1982-12-11 06:00:00,29.1668,17.0168,21.6293
1982-12-12 06:00:00,23.0468,12.6068,17.6618
1982-12-13 06:00:00,32.8568,16.6568,25.09805
1982-12-14 06:00:00,41.0468,29.8868,35.1368
1982-12-15 06:00:00,39.1568,33.0368,36.3218
1982-12-16 06:00:00,32.7668,29.0768,30.84305
1982-12-17 06:00:00,34.2968,27.726799,31.06055
1982-12-18 06:00:00,43.6568,32.4968,36.8243
1982-12-19 06:00:00,35.7368,30.3368,32.9993
1982-12-20 06:00:00,31.1468,27.4568,29.89805
1982-12-21 06:00:00,32.6768,23.1368,27.70055
1982-12-22 06:00:00,42.8468,27.726799,36.57305
1982-12-23 06:00:00,55.9868,43.2968,51.554302
1982-12-24 06:00:00,57.3368,51.8468,54.434303
1982-12-25 06:00:00,59.9468,39.1568,54.093052
1982-12-26 06:00:00,38.7968,34.026802,36.9743
1982-12-27 06:00:00,53.7368,35.8268,41.5868
1982-12-28 06:00:00,57.6968,22.6868,39.4343
1982-12-29 06:00:00,24.396801,18.7268,21.378052
1982-12-30 06:00:00,29.7068,19.7168,24.38555
1982-12-31 06:00:00,36.0068,25.6568,29.68055
1983-01-01 06:00:00,38.8868,28.0868,31.379301
1983-01-02 06:00:00,31.4168,24.1268,28.21805
1983-01-03 06:00:00,28.8068,18.3668,23.189299
1983-01-04 06:00:00,37.9868,21.4268,29.19305
1983-01-05 06:00:00,37.8968,29.7068,32.3393
1983-01-06 06:00:00,41.8568,28.8068,34.499302
1983-01-07 06:00:00,35.6468,27.8168,31.0793
1983-01-08 06:00:00,35.5568,27.9068,31.12055
1983-01-09 06:00:00,39.1568,27.9068,33.9668
1983-01-10 06:00:00,42.6668,34.6568,39.24305
1983-01-11 06:00:00,34.3868,24.2168,31.4393
1983-01-12 06:00:00,25.0268,18.0068,22.371801
1983-01-13 06:00:00,35.7368,20.3468,27.0593
1983-01-14 06:00:00,36.3668,28.9868,32.63555
1983-01-15 06:00:00,28.2668,19.986801,22.8968
1983-01-16 06:00:00,27.0968,16.0268,21.67805
1983-01-17 06:00:00,22.8668,13.5968,18.501799
1983-01-18 06:00:00,20.6168,9.816799,15.381802
1983-01-19 06:00:00,23.4068,18.0068,20.631802
1983-01-20 06:00:00,27.3668,19.3568,23.89055
1983-01-21 06:00:00,35.1968,25.5668,30.40805
1983-01-22 06:00:00,34.4768,31.9568,33.34805
1983-01-23 06:00:00,36.5468,31.1468,33.4718
1983-01-24 06:00:00,35.6468,30.9668,32.7143
1983-01-25 06:00:00,30.5168,24.8468,28.0643
1983-01-26 06:00:00,24.5768,16.6568,22.03805
1983-01-27 06:00:00,27.0968,8.2868,19.623053
1983-01-28 06:00:00,35.3768,24.2168,29.44805
1983-01-29 06:00:00,39.5168,29.5268,34.04555
1983-01-30 06:00:00,34.2968,25.476799,30.7193
1983-01-31 06:00:00,32.8568,22.6868,27.1268
1983-02-01 06:00:00,34.1168,28.8068,31.74305
1983-02-02 06:00:00,37.6268,29.7968,34.5518
1983-02-03 06:00:00,28.3568,14.8568,21.2918
1983-02-04 06:00:00,18.9968,6.936802,12.344301
1983-02-05 06:00:00,26.4668,5.4967995,17.62055
1983-02-06 06:00:00,29.5268,23.4968,26.4368
1983-02-07 06:00:00,25.8368,9.816799,18.3743
1983-02-08 06:00:00,33.0368,9.456799,22.4693
1983-02-09 06:00:00,35.1968,25.5668,30.69305
1983-02-10 06:00:00,31.5068,26.8268,29.3618
1983-02-11 06:00:00,30.0668,21.5168,25.84055
1983-02-12 06:00:00,35.0168,17.736801,26.455551
1983-02-13 06:00:00,40.5968,19.4468,30.396801
1983-02-14 06:00:00,47.7968,28.3568,35.6993
1983-02-15 06:00:00,40.1468,30.2468,34.81805
1983-02-16 06:00:00,38.5268,32.7668,35.519302
1983-02-17 06:00:00,42.9368,30.5168,36.0293
1983-02-18 06:00:00,40.2368,29.0768,34.30055
1983-02-19 06:00:00,54.9068,31.7768,41.8643
1983-02-20 06:00:00,56.886803,34.9268,43.9793
1983-02-21 06:00:00,45.8168,33.8468,38.3168
1983-02-22 06:00:00,49.4168,34.4768,40.045547
1983-02-23 06:00:00,44.2868,30.8768,36.6218
1983-02-24 06:00:00,33.8468,26.916801,31.4768
1983-02-25 06:00:00,28.3568,23.1368,26.10305
1983-02-26 06:00:00,38.7968,22.236801,30.4043
1983-02-27 06:00:00,45.4568,29.7968,36.4418
1983-02-28 06:00:00,50.7668,30.4268,38.8793
1983-03-01 06:00:00,50.7668,30.6068,40.4243
1983-03-02 06:00:00,58.2368,32.9468,44.0543
1983-03-03 06:00:00,66.9668,35.2868,51.46055
1983-03-04 06:00:00,67.5068,53.0168,58.960552
1983-03-05 06:00:00,63.6368,55.4468,58.57805
1983-03-06 06:00:00,65.166794,52.386803,57.5843
1983-03-07 06:00:00,58.596798,48.3368,53.166798
1983-03-08 06:00:00,48.6068,31.5968,40.6043
1983-03-09 06:00:00,35.6468,27.9068,31.0868
1983-03-10 06:00:00,31.8668,24.8468,28.43555
1983-03-11 06:00:00,35.1068,26.916801,30.27305
1983-03-12 06:00:00,41.2268,25.8368,32.7293
1983-03-13 06:00:00,50.0468,25.476799,38.1668
1983-03-14 06:00:00,46.6268,33.0368,39.7868
1983-03-15 06:00:00,40.8668,30.8768,36.07805
1983-03-16 06:00:00,46.2668,35.1968,40.214302
1983-03-17 06:00:00,46.1768,37.6268,41.02805
1983-03-18 06:00:00,41.3168,35.5568,39.0143
1983-03-19 06:00:00,40.1468,31.6868,35.6843
1983-03-20 06:00:00,31.6868,27.726799,30.1343
1983-03-21 06:00:00,29.7068,18.9068,24.4193
1983-03-22 06:00:00,25.6568,10.2668,17.834301
1983-03-23 06:00:00,28.9868,5.316799,18.5093
1983-03-24 06:00:00,28.2668,21.2468,24.7868
1983-03-25 06:00:00,31.4168,22.5968,27.16055
1983-03-26 06:00:00,38.5268,28.2668,34.62305
1983-03-27 06:00:00,51.1268,33.1268,39.8243
1983-03-28 06:00:00,37.1768,31.5068,33.9293
1983-03-29 06:00:00,36.7268,28.5368,32.22305
1983-03-30 06:00:00,45.3668,31.3268,38.0918
1983-03-31 06:00:00,46.2668,35.7368,40.81055
1983-04-01 06:00:00,48.4268,37.6268,43.1093
1983-04-02 06:00:00,42.0368,39.8768,40.6793
1983-04-03 06:00:00,44.8268,36.2768,40.0943
1983-04-04 06:00:00,45.9068,31.5068,39.2318
1983-04-05 06:00:00,42.0368,36.9068,39.021797
1983-04-06 06:00:00,51.936802,40.6868,45.164303
1983-04-07 06:00:00,47.526802,38.0768,42.89555
1983-04-08 06:00:00,42.6668,35.2868,39.205547
1983-04-09 06:00:00,49.5968,37.4468,42.9743
1983-04-10 06:00:00,48.6068,38.7068,42.73055
1983-04-11 06:00:00,45.636803,37.6268,41.29055
1983-04-12 06:00:00,53.0168,34.026802,44.11055
1983-04-13 06:00:00,67.3268,47.526802,55.94555
1983-04-14 06:00:00,56.526802,36.9068,46.64555
1983-04-15 06:00:00,43.1168,33.9368,37.9643
1983-04-16 06:00:00,46.0868,29.0768,36.02555
1983-04-17 06:00:00,36.9068,28.6268,31.77305
1983-04-18 06:00:00,36.0968,27.0068,30.8093
1983-04-19 06:00:00,40.4168,26.646801,32.4443
1983-04-20 06:00:00,49.4168,25.1168,38.4218
1983-04-21 06:00:00,58.8668,35.0168,47.241802
1983-04-22 06:00:00,57.5168,38.6168,47.586803
1983-04-23 06:00:00,51.4868,38.7968,44.4143
1983-04-24 06:00:00,48.9668,35.1068,42.2618
1983-04-25 06:00:00,64.3568,32.9468,49.99055
1983-04-26 06:00:00,70.386795,45.186802,59.474297
1983-04-27 06:00:00,69.3068,51.1268,61.308052
1983-04-28 06:00:00,54.3668,44.8268,49.473053
1983-04-29 06:00:00,59.6768,41.5868,50.26055
1983-04-30 06:00:00,56.256798,43.9268,49.2743
1983-05-01 06:00:00,60.2168,43.5668,50.01305
1983-05-02 06:00:00,60.756798,44.6468,54.3893
1983-05-03 06:00:00,48.0668,36.9968,43.679302
1983-05-04 06:00:00,60.9368,37.0868,50.05805
1983-05-05 06:00:00,58.596798,39.1568,49.14305
1983-05-06 06:00:00,73.6268,50.9468,62.369297
1983-05-07 06:00:00,67.5068,43.2968,58.2443
1983-05-08 06:00:00,46.3568,38.7068,43.06805
1983-05-09 06:00:00,49.686802,36.5468,42.9068
1983-05-10 06:00:00,62.646797,36.8168,51.09305
1983-05-11 06:00:00,68.7668,46.2668,58.304302
1983-05-12 06:00:00,68.8568,53.9168,61.278053
1983-05-13 06:00:00,72.3668,58.146797,64.82179
1983-05-14 06:00:00,63.5468,50.6768,58.06055
1983-05-15 06:00:00,49.686802,43.386803,46.70555
1983-05-16 06:00:00,58.596798,41.7668,49.011803
1983-05-17 06:00:00,55.9868,42.1268,49.6418
1983-05-18 06:00:00,62.466797,50.0468,56.74055
1983-05-19 06:00:00,67.416794,56.0768,61.4318
1983-05-20 06:00:00,66.1568,54.186802,60.276802
1983-05-21 06:00:00,70.386795,53.9168,62.601795
1983-05-22 06:00:00,69.666794,59.4968,63.9968
1983-05-23 06:00:00,64.5368,54.3668,58.7168
1983-05-24 06:00:00,73.3568,50.6768,63.168053
1983-05-25 06:00:00,59.7668,45.9968,53.74805
1983-05-26 06:00:00,58.2368,42.2168,50.9618
1983-05-27 06:00:00,65.886795,45.8168,56.2118
1983-05-28 06:00:00,65.5268,55.7168,60.644302
1983-05-29 06:00:00,65.5268,49.1468,56.778053
1983-05-30 06:00:00,58.146797,47.0768,51.37805
1983-05-31 06:00:00,60.846798,45.276802,53.590553
1983-06-01 06:00:00,63.006798,48.6968,56.3918
1983-06-02 06:00:00,68.496796,53.1968,60.55055
1983-06-03 06:00:00,64.3568,55.6268,60.9443
1983-06-04 06:00:00,73.8968,54.9968,64.7393
1983-06-05 06:00:00,66.066795,54.636803,60.175545
1983-06-06 06:00:00,64.8968,53.3768,58.938046
1983-06-07 06:00:00,71.1968,52.7468,60.6593
1983-06-08 06:00:00,76.7768,50.4068,65.2568
1983-06-09 06:00:00,80.4668,61.026802,70.450554
1983-06-10 06:00:00,79.2068,60.756798,70.42805
1983-06-11 06:00:00,81.996796,63.7268,73.6793
1983-06-12 06:00:00,83.5268,66.6968,75.449295
1983-06-13 06:00:00,84.5168,67.1468,76.18806
1983-06-14 06:00:00,83.2568,66.246796,74.18555
1983-06-15 06:00:00,78.5768,61.8368,70.56305
1983-06-16 06:00:00,79.0268,61.4768,71.01305
1983-06-17 06:00:00,76.9568,60.396797,69.98555
1983-06-18 06:00:00,74.7068,63.276802,68.6993
1983-06-19 06:00:00,77.316795,63.3668,70.26305
1983-06-20 06:00:00,81.0068,65.4368,73.62305
1983-06-21 06:00:00,85.5068,69.4868,77.80805
1983-06-22 06:00:00,86.4068,67.0568,77.9918
1983-06-23 06:00:00,90.5468,69.2168,79.85179
1983-06-24 06:00:00,84.1568,72.4568,77.6543
1983-06-25 06:00:00,86.94679,66.8768,78.366806
1983-06-26 06:00:00,92.9768,71.6468,83.28305
1983-06-27 06:00:00,82.0868,71.5568,76.608055
1983-06-28 06:00:00,71.4668,68.8568,70.146805
1983-06-29 06:00:00,78.3968,67.5068,72.34805
1983-06-30 06:00:00,83.7068,70.0268,76.5293
1983-07-01 06:00:00,89.3768,73.9868,81.4193
1983-07-02 06:00:00,89.2868,71.7368,80.8643
1983-07-03 06:00:00,86.6768,75.5168,81.50929
1983-07-04 06:00:00,79.4768,69.4868,74.8493
1983-07-05 06:00:00,68.6768,58.9568,64.6043
1983-07-06 06:00:00,69.0368,56.886803,63.093056
1983-07-07 06:00:00,78.3968,54.4568,67.73555
1983-07-08 06:00:00,84.066795,61.7468,73.69055
1983-07-09 06:00:00,86.496796,68.9468,77.1968
1983-07-10 06:00:00,85.8668,71.1068,78.760544
1983-07-11 06:00:00,91.5368,71.5568,82.240555
1983-07-12 06:00:00,83.5268,71.0168,78.5468
1983-07-13 06:00:00,88.2068,65.4368,78.76055
1983-07-14 06:00:00,92.886795,73.7168,83.898056
1983-07-15 06:00:00,91.5368,74.7968,82.28556
1983-07-16 06:00:00,89.3768,74.6168,82.21805
1983-07-17 06:00:00,88.6568,75.066795,80.4293
1983-07-18 06:00:00,88.566795,74.7968,81.7643
1983-07-19 06:00:00,89.9168,72.3668,81.36305
1983-07-20 06:00:00,95.856804,77.9468,86.28305
1983-07-21 06:00:00,97.8368,79.2968,87.629295
1983-07-22 06:00:00,95.40681,79.1168,84.92555
1983-07-23 06:00:00,87.0368,76.7768,81.71179
1983-07-24 06:00:00,79.4768,69.5768,75.13429
1983-07-25 06:00:00,77.316795,67.6868,72.801796
1983-07-26 06:00:00,82.5368,69.3068,76.11305
1983-07-27 06:00:00,88.386795,69.3968,79.84805
1983-07-28 06:00:00,95.40681,76.1468,84.396805
1983-07-29 06:00:00,93.2468,77.316795,83.26805
1983-07-30 06:00:00,86.2268,74.9768,79.833046
1983-07-31 06:00:00,89.4668,73.3568,80.4443
1983-08-01 06:00:00,82.4468,68.7668,75.621796
1983-08-02 06:00:00,82.7168,65.5268,75.614296
1983-08-03 06:00:00,91.5368,69.1268,79.795555
1983-08-04 06:00:00,80.8268,71.1968,75.9893
1983-08-05 06:00:00,83.886795,69.1268,76.1093
1983-08-06 06:00:00,85.8668,69.5768,78.0218
1983-08-07 06:00:00,85.6868,72.816795,79.10555
1983-08-08 06:00:00,94.866806,72.0068,82.874306
1983-08-09 06:00:00,79.6568,71.0168,75.6443
1983-08-10 06:00:00,91.6268,67.0568,78.67055
1983-08-11 06:00:00,73.2668,66.1568,68.9093
1983-08-12 06:00:00,74.166794,63.096798,68.8568
1983-08-13 06:00:00,79.746796,59.5868,71.74805
1983-08-14 06:00:00,81.636795,65.0768,73.30805
1983-08-15 06:00:00,85.5068,66.9668,76.82555
1983-08-16 06:00:00,89.3768,69.4868,80.26805
1983-08-17 06:00:00,93.2468,73.1768,81.72681
1983-08-18 06:00:00,84.9668,75.4268,79.8893
1983-08-19 06:00:00,96.5768,76.2368,85.949295
1983-08-20 06:00:00,84.5168,75.4268,80.4968
1983-08-21 06:00:00,93.966805,73.4468,82.2743
1983-08-22 06:00:00,82.6268,72.9068,77.084305
1983-08-23 06:00:00,78.7568,68.9468,73.09055
1983-08-24 06:00:00,83.7968,70.566795,76.8743
1983-08-25 06:00:00,87.3068,72.2768,80.08055
1983-08-26 06:00:00,88.746796,72.4568,80.67305
1983-08-27 06:00:00,85.9568,74.2568,78.52055
1983-08-28 06:00:00,85.8668,73.0868,79.2293
1983-08-29 06:00:00,89.5568,70.9268,80.4893
1983-08-30 06:00:00,85.3268,72.7268,78.093056
1983-08-31 06:00:00,77.8568,70.6568,73.7693
1983-09-01 06:00:00,80.6468,67.1468,74.1818
1983-09-02 06:00:00,84.246796,66.5168,75.77554
1983-09-03 06:00:00,86.6768,67.5068,77.36179
1983-09-04 06:00:00,89.3768,69.2168,79.5293
1983-09-05 06:00:00,88.8368,72.7268,79.81055
1983-09-06 06:00:00,82.6268,67.1468,74.099304
1983-09-07 06:00:00,76.7768,61.9268,68.62055
1983-09-08 06:00:00,83.9768,58.686802,72.4118
1983-09-09 06:00:00,91.896805,71.1968,80.99555
1983-09-10 06:00:00,90.9968,72.7268,81.49805
1983-09-11 06:00:00,73.4468,63.096798,67.9568
1983-09-12 06:00:00,72.5468,57.8768,65.7368
1983-09-13 06:00:00,64.3568,57.9668,61.015553
1983-09-14 06:00:00,65.3468,55.2668,60.280556
1983-09-15 06:00:00,62.736797,55.8068,57.839302
1983-09-16 06:00:00,67.5968,57.3368,61.784298
1983-09-17 06:00:00,71.8268,52.4768,63.5843
1983-09-18 06:00:00,84.8768,69.2168,76.84055
1983-09-19 06:00:00,82.9868,66.4268,75.0668
1983-09-20 06:00:00,76.3268,48.8768,62.699303
1983-09-21 06:00:00,53.1968,44.6468,48.456802
1983-09-22 06:00:00,53.4668,41.5868,47.1743
1983-09-23 06:00:00,55.5368,41.5868,48.42305
1983-09-24 06:00:00,62.5568,43.9268,53.425552
1983-09-25 06:00:00,56.9768,52.1168,54.475548
1983-09-26 06:00:00,68.2268,52.7468,59.560555
1983-09-27 06:00:00,74.0768,51.5768,63.3668
1983-09-28 06:00:00,76.9568,58.8668,67.00805
1983-09-29 06:00:00,76.5068,56.7068,66.60305
1983-09-30 06:00:00,74.0768,58.2368,65.66555
1983-10-01 06:00:00,74.9768,55.4468,65.0768
1983-10-02 06:00:00,80.8268,59.0468,69.82055
1983-10-03 06:00:00,79.0268,66.6068,71.14055
1983-10-04 06:00:00,67.416794,61.026802,63.528053
1983-10-05 06:00:00,66.5168,55.7168,61.548054
1983-10-06 06:00:00,63.3668,52.9268,58.188046
1983-10-07 06:00:00,73.0868,53.1068,63.4793
1983-10-08 06:00:00,66.1568,52.2068,56.9768
1983-10-09 06:00:00,54.4568,50.4068,52.11305
1983-10-10 06:00:00,58.596798,46.3568,52.75055
1983-10-11 06:00:00,73.3568,53.6468,63.3743
1983-10-12 06:00:00,62.916798,45.9968,52.36055
1983-10-13 06:00:00,51.3968,37.9868,45.558052
1983-10-14 06:00:00,55.7168,36.0968,45.063053
1983-10-15 06:00:00,67.8668,42.1268,55.7993
1983-10-16 06:00:00,68.9468,52.4768,59.429302
1983-10-17 06:00:00,56.526802,44.1068,50.09555
1983-10-18 06:00:00,58.3268,44.3768,52.1018
1983-10-19 06:00:00,53.4668,48.0668,50.93555
1983-10-20 06:00:00,50.136803,46.8968,48.49055
1983-10-21 06:00:00,55.7168,49.2368,52.14305
1983-10-22 06:00:00,53.0168,50.4068,51.7718
1983-10-23 06:00:00,53.1968,51.3068,52.304302
1983-10-24 06:00:00,54.186802,50.9468,52.154305
1983-10-25 06:00:00,54.636803,43.2968,49.495552
1983-10-26 06:00:00,54.186802,41.136803,46.57805
1983-10-27 06:00:00,60.396797,36.9068,49.99805
1983-10-28 06:00:00,68.5868,48.7868,58.45805
1983-10-29 06:00:00,50.5868,42.4868,46.6043
1983-10-30 06:00:00,51.6668,40.6868,45.4793
1983-10-31 06:00:00,54.9968,43.1168,48.97055
1983-11-01 06:00:00,65.9768,47.526802,56.3843
1983-11-02 06:00:00,62.466797,56.7968,58.701797
1983-11-03 06:00:00,55.9868,41.0468,48.20555
1983-11-04 06:00:00,48.2468,39.5168,43.491802
1983-11-05 06:00:00,51.2168,35.5568,43.16555
1983-11-06 06:00:00,49.686802,35.0168,43.334297
1983-11-07 06:00:00,55.7168,45.7268,50.0318
1983-11-08 06:00:00,60.0368,49.4168,53.444298
1983-11-09 06:00:00,60.5768,47.886803,54.25055
1983-11-10 06:00:00,55.4468,39.6968,47.508053
1983-11-11 06:00:00,39.0668,31.4168,36.15305
1983-11-12 06:00:00,39.6068,30.2468,34.83305
1983-11-13 06:00:00,39.6968,34.4768,37.07555
1983-11-14 06:00:00,46.4468,36.4568,41.6393
1983-11-15 06:00:00,45.7268,39.6968,42.11555
1983-11-16 06:00:00,44.3768,36.6368,39.7718
1983-11-17 06:00:00,40.506798,31.7768,36.7268
1983-11-18 06:00:00,54.9968,37.4468,45.6968
1983-11-19 06:00:00,64.5368,49.8668,57.16055
1983-11-20 06:00:00,57.3368,44.1968,50.103054
1983-11-21 06:00:00,52.026802,40.4168,45.753048
1983-11-22 06:00:00,52.2068,39.1568,45.663048
1983-11-23 06:00:00,62.1968,31.1468,50.819298
1983-11-24 06:00:00,33.0368,27.8168,30.68555
1983-11-25 06:00:00,42.1268,27.726799,34.5068
1983-11-26 06:00:00,49.1468,37.4468,41.98805
1983-11-27 06:00:00,42.6668,39.9668,40.76555
1983-11-28 06:00:00,45.0968,33.8468,39.1868
1983-11-29 06:00:00,33.4868,25.0268,29.1593
1983-11-30 06:00:00,25.7468,21.2468,23.350552
1983-12-01 06:00:00,24.7568,18.9968,22.04555
1983-12-02 06:00:00,34.3868,23.6768,28.68305
1983-12-03 06:00:00,33.2168,27.2768,30.58805
1983-12-04 06:00:00,37.4468,32.5868,34.6568
1983-12-05 06:00:00,39.5168,33.3068,34.776802
1983-12-06 06:00:00,35.6468,21.8768,29.57555
1983-12-07 06:00:00,28.4468,17.1968,23.3393
1983-12-08 06:00:00,25.2068,16.0268,21.3818
1983-12-09 06:00:00,34.2968,23.7668,29.19305
1983-12-10 06:00:00,32.0468,15.0368,26.5868
1983-12-11 06:00:00,38.0768,32.5868,36.3443
1983-12-12 06:00:00,36.9968,30.2468,32.0768
1983-12-13 06:00:00,35.2868,30.9668,33.22055
1983-12-14 06:00:00,35.8268,24.486801,32.905552
1983-12-15 06:00:00,31.2368,23.4968,26.159302
1983-12-16 06:00:00,23.8568,8.376801,17.571802
1983-12-17 06:00:00,8.736801,3.3368015,6.351801
1983-12-18 06:00:00,5.4067993,-6.2932014,0.5130558
1983-12-19 06:00:00,10.896801,-8.453201,1.7130527
1983-12-20 06:00:00,19.806799,6.6667995,13.870552
1983-12-21 06:00:00,26.4668,18.8168,21.8768
1983-12-22 06:00:00,19.6268,-14.033203,-1.4969482
1983-12-23 06:00:00,-5.9332047,-16.013203,-11.239449
1983-12-24 06:00:00,-8.363201,-21.4132,-14.344452
1983-12-25 06:00:00,-6.3832016,-15.743202,-11.138199
1983-12-26 06:00:00,8.376801,-11.243202,-1.8531952
1983-12-27 06:00:00,18.5468,9.996799,15.363052
1983-12-28 06:00:00,19.7168,5.6768,15.288052
1983-12-29 06:00:00,4.236801,-8.993202,-2.951954
1983-12-30 06:00:00,5.5868015,-10.253201,-2.6557045
1983-12-31 06:00:00,19.806799,4.3268013,13.49555
1984-01-01 06:00:00,26.3768,17.646801,22.529299
1984-01-02 06:00:00,30.8768,20.3468,24.8468
1984-01-03 06:00:00,34.7468,17.4668,26.09555
1984-01-04 06:00:00,37.8968,30.3368,33.1268
1984-01-05 06:00:00,36.8168,26.646801,31.896801
1984-01-06 06:00:00,35.5568,24.8468,31.9868
1984-01-07 06:00:00,34.9268,19.1768,27.7418
1984-01-08 06:00:00,29.7068,20.4368,25.300549
1984-01-09 06:00:00,24.9368,21.4268,23.2343
1984-01-10 06:00:00,19.5368,4.596798,11.77055
1984-01-11 06:00:00,17.3768,-2.3332024,8.76305
1984-01-12 06:00:00,16.7468,9.726801,13.315552
1984-01-13 06:00:00,24.1268,14.406799,19.548052
1984-01-14 06:00:00,21.0668,12.7868,16.578053
1984-01-15 06:00:00,17.736801,8.9168,13.5443
1984-01-16 06:00:00,20.7968,0.99679947,12.23555
1984-01-17 06:00:00,14.7668,2.1667976,8.5343
1984-01-18 06:00:00,3.2467995,-8.363201,-0.17695236
1984-01-19 06:00:00,8.646801,-11.243202,-1.5344505
1984-01-20 06:00:00,2.436798,-17.273201,-9.559456
1984-01-21 06:00:00,10.2668,-20.783203,-4.0019493
1984-01-22 06:00:00,25.0268,6.8468,15.951801
1984-01-23 06:00:00,31.9568,21.0668,26.74055
1984-01-24 06:00:00,37.9868,30.5168,33.1043
1984-01-25 06:00:00,37.5368,29.4368,32.60555
1984-01-26 06:00:00,41.5868,31.5968,35.3768
1984-01-27 06:00:00,32.7668,8.376801,20.871801
1984-01-28 06:00:00,35.4668,10.1768,26.433048
1984-01-29 06:00:00,26.8268,19.4468,23.511799
1984-01-30 06:00:00,22.8668,14.6768,18.303051
1984-01-31 06:00:00,21.2468,5.0467987,14.136799
1984-02-01 06:00:00,31.9568,11.1668,20.93555
1984-02-02 06:00:00,41.9468,17.3768,31.98305
1984-02-03 06:00:00,35.1968,29.3468,32.3618
1984-02-04 06:00:00,35.2868,25.2068,31.04555
1984-02-05 06:00:00,24.1268,9.546801,18.100552
1984-02-06 06:00:00,11.886801,3.0667973,7.289297
1984-02-07 06:00:00,21.3368,-2.2432022,10.675549
1984-02-08 06:00:00,36.0968,7.566799,23.58305
1984-02-09 06:00:00,43.1168,25.9268,33.76805
1984-02-10 06:00:00,39.4268,36.0968,37.20305
1984-02-11 06:00:00,45.0968,34.026802,38.76305
1984-02-12 06:00:00,59.136803,46.9868,51.9668
1984-02-13 06:00:00,50.4068,37.2668,44.5493
1984-02-14 06:00:00,52.2968,31.9568,41.1818
1984-02-15 06:00:00,52.386803,32.4068,41.5343
1984-02-16 06:00:00,41.7668,33.9368,38.3618
1984-02-17 06:00:00,46.4468,37.4468,41.13305
1984-02-18 06:00:00,45.8168,35.0168,39.9068
1984-02-19 06:00:00,46.7168,35.3768,40.019302
1984-02-20 06:00:00,45.5468,27.636799,36.951797
1984-02-21 06:00:00,44.3768,27.0968,35.7218
1984-02-22 06:00:00,57.0668,33.4868,43.89305
1984-02-23 06:00:00,56.886803,37.4468,46.023052
1984-02-24 06:00:00,39.9668,29.6168,35.530552
1984-02-25 06:00:00,36.9968,25.1168,30.0143
1984-02-26 06:00:00,32.6768,21.6068,26.8868
1984-02-27 06:00:00,25.7468,22.146801,24.5018
1984-02-28 06:00:00,23.3168,18.5468,21.333052
1984-02-29 06:00:00,26.646801,16.6568,21.22055
1984-03-01 06:00:00,33.3068,13.956799,25.81055
1984-03-02 06:00:00,28.8068,14.7668,21.6968
1984-03-03 06:00:00,31.5968,19.086802,24.91055
1984-03-04 06:00:00,32.1368,21.7868,26.75555
1984-03-05 06:00:00,33.3968,27.1868,31.6493
1984-03-06 06:00:00,28.7168,13.956799,25.203049
1984-03-07 06:00:00,17.646801,8.646801,13.293051
1984-03-08 06:00:00,17.736801,8.376801,14.804304
1984-03-09 06:00:00,24.486801,5.9467983,16.004301
1984-03-10 06:00:00,28.7168,6.6667995,20.148052
1984-03-11 06:00:00,25.5668,9.2768,16.07555
1984-03-12 06:00:00,20.8868,10.3568,16.146801
1984-03-13 06:00:00,31.8668,19.806799,25.285551
1984-03-14 06:00:00,38.8868,22.146801,31.04555
1984-03-15 06:00:00,51.6668,34.026802,42.06305
1984-03-16 06:00:00,36.0968,21.2468,29.47805
1984-03-17 06:00:00,30.9668,21.7868,26.91305
1984-03-18 06:00:00,30.7868,20.976799,26.17805
1984-03-19 06:00:00,33.8468,23.9468,29.309301
1984-03-20 06:00:00,45.276802,31.3268,37.30805
1984-03-21 06:00:00,38.7068,30.8768,33.79805
1984-03-22 06:00:00,36.6368,30.1568,33.55055
1984-03-23 06:00:00,41.3168,23.8568,31.94555
1984-03-24 06:00:00,44.3768,24.1268,33.67805
1984-03-25 06:00:00,40.5968,29.6168,34.4618
1984-03-26 06:00:00,39.8768,25.8368,33.19055
1984-03-27 06:00:00,38.7068,31.9568,35.0993
1984-03-28 06:00:00,40.4168,29.6168,34.5593
1984-03-29 06:00:00,38.8868,28.1768,32.8343
1984-03-30 06:00:00,40.1468,28.896801,34.18805
1984-03-31 06:00:00,42.3068,24.486801,33.0143
1984-04-01 06:00:00,52.386803,24.8468,39.07805
1984-04-02 06:00:00,49.4168,35.1968,40.6493
1984-04-03 06:00:00,40.776802,33.5768,36.0443
1984-04-04 06:00:00,42.2168,34.7468,38.1218
1984-04-05 06:00:00,49.776802,36.2768,40.4693
1984-04-06 06:00:00,43.5668,33.1268,38.2343
1984-04-07 06:00:00,42.1268,29.1668,34.77305
1984-04-08 06:00:00,45.9068,31.9568,39.87305
1984-04-09 06:00:00,49.9568,36.9068,43.2068
1984-04-10 06:00:00,50.5868,37.1768,43.29305
1984-04-11 06:00:00,49.5968,33.3968,42.239304
1984-04-12 06:00:00,53.8268,39.5168,46.90055
1984-04-13 06:00:00,55.4468,43.2068,48.8843
1984-04-14 06:00:00,53.2868,39.9668,45.2168
1984-04-15 06:00:00,41.9468,38.3468,39.70805
1984-04-16 06:00:00,39.6968,35.8268,37.9943
1984-04-17 06:00:00,42.9368,35.7368,37.57805
1984-04-18 06:00:00,43.8368,36.3668,39.2243
1984-04-19 06:00:00,48.0668,34.026802,40.1618
1984-04-20 06:00:00,47.7068,32.4068,39.6068
1984-04-21 06:00:00,50.0468,39.2468,43.5293
1984-04-22 06:00:00,42.8468,37.1768,40.1243
1984-04-23 06:00:00,46.4468,37.1768,41.29055
1984-04-24 06:00:00,52.9268,38.3468,44.9018
1984-04-25 06:00:00,61.4768,42.3968,51.0668
1984-04-26 06:00:00,74.4368,50.7668,62.5718
1984-04-27 06:00:00,73.9868,59.5868,66.00305
1984-04-28 06:00:00,61.6568,47.9768,55.3193
1984-04-29 06:00:00,65.4368,41.6768,51.445553
1984-04-30 06:00:00,64.0868,42.8468,49.1318
1984-05-01 06:00:00,55.4468,40.6868,47.84555
1984-05-02 06:00:00,54.186802,38.1668,45.61805
1984-05-03 06:00:00,49.0568,41.5868,44.74055
1984-05-04 06:00:00,52.2068,40.776802,45.1568
1984-05-05 06:00:00,61.566795,42.756798,53.45555
1984-05-06 06:00:00,62.1968,43.8368,54.0068
1984-05-07 06:00:00,67.1468,51.3968,58.495552
1984-05-08 06:00:00,50.7668,42.4868,47.894302
1984-05-09 06:00:00,53.9168,41.7668,47.5718
1984-05-10 06:00:00,63.7268,42.3068,54.3143
1984-05-11 06:00:00,67.1468,51.3968,58.64555
1984-05-12 06:00:00,64.9868,50.4068,57.1043
1984-05-13 06:00:00,66.5168,44.1968,54.4568
1984-05-14 06:00:00,62.3768,41.2268,51.76805
1984-05-15 06:00:00,53.2868,41.136803,46.64555
1984-05-16 06:00:00,57.8768,39.7868,48.749302
1984-05-17 06:00:00,72.9068,45.8168,60.31805
1984-05-18 06:00:00,81.0968,59.4068,69.6968
1984-05-19 06:00:00,69.1268,55.1768,62.9018
1984-05-20 06:00:00,66.5168,55.0868,60.059296
1984-05-21 06:00:00,72.636795,54.0968,64.6868
1984-05-22 06:00:00,69.1268,56.6168,63.760548
1984-05-23 06:00:00,66.6968,50.6768,60.513046
1984-05-24 06:00:00,73.2668,48.4268,63.0668
1984-05-25 06:00:00,67.2368,56.526802,63.363052
1984-05-26 06:00:00,58.596798,49.5968,54.86555
1984-05-27 06:00:00,60.396797,45.9068,52.8518
1984-05-28 06:00:00,50.2268,45.0968,47.890553
1984-05-29 06:00:00,55.3568,43.2968,48.951797
1984-05-30 06:00:00,65.166794,40.776802,54.40055
1984-05-31 06:00:00,71.0168,51.8468,62.058052
1984-06-01 06:00:00,76.5068,54.8168,66.700554
1984-06-02 06:00:00,80.916794,61.6568,68.9993
1984-06-03 06:00:00,75.1568,56.526802,66.4718
1984-06-04 06:00:00,77.496796,55.3568,68.2718
1984-06-05 06:00:00,82.6268,68.0468,75.52431
1984-06-06 06:00:00,83.0768,71.1968,76.0793
1984-06-07 06:00:00,81.4568,69.9368,75.996796
1984-06-08 06:00:00,83.886795,72.7268,77.6543
1984-06-09 06:00:00,82.3568,69.3968,75.261795
1984-06-10 06:00:00,81.816795,65.7968,75.3518
1984-06-11 06:00:00,67.1468,58.0568,62.68055
1984-06-12 06:00:00,86.4068,63.276802,76.10181
1984-06-13 06:00:00,82.7168,69.2168,74.999306
1984-06-14 06:00:00,69.7568,56.436802,62.939304
1984-06-15 06:00:00,69.8468,56.3468,62.819298
1984-06-16 06:00:00,80.7368,62.3768,71.230545
1984-06-17 06:00:00,87.666794,73.8968,80.49305
1984-06-18 06:00:00,83.0768,72.5468,78.24305
1984-06-19 06:00:00,76.416794,66.8768,71.94679
1984-06-20 06:00:00,73.3568,63.9968,67.89305
1984-06-21 06:00:00,79.0268,64.0868,71.14055
1984-06-22 06:00:00,74.7068,67.5968,70.2143
1984-06-23 06:00:00,81.2768,66.4268,73.3043
1984-06-24 06:00:00,77.0468,64.7168,70.6343
1984-06-25 06:00:00,74.886795,61.4768,68.4293
1984-06-26 06:00:00,83.0768,60.756798,71.943054
1984-06-27 06:00:00,76.3268,65.6168,71.29805
1984-06-28 06:00:00,78.3068,62.8268,70.615555
1984-06-29 06:00:00,67.1468,60.9368,64.60805
1984-06-30 06:00:00,68.9468,60.756798,64.74305
1984-07-01 06:00:00,75.4268,61.6568,68.819305
1984-07-02 06:00:00,80.1968,62.1968,73.11305
1984-07-03 06:00:00,86.496796,65.2568,75.77555
1984-07-04 06:00:00,79.4768,67.9568,73.68305
1984-07-05 06:00:00,80.3768,65.7968,73.9418
1984-07-06 06:00:00,73.0868,62.916798,68.39929
1984-07-07 06:00:00,70.1168,57.5168,63.805553
1984-07-08 06:00:00,78.1268,56.6168,68.7668
1984-07-09 06:00:00,92.4368,67.7768,80.395546
1984-07-10 06:00:00,91.896805,74.166794,83.061806
1984-07-11 06:00:00,80.1068,67.416794,74.11806
1984-07-12 06:00:00,84.3368,67.1468,75.9368
1984-07-13 06:00:00,86.4068,66.9668,78.145546
1984-07-14 06:00:00,89.2868,70.8368,81.01056
1984-07-15 06:00:00,85.7768,70.1168,77.7893
1984-07-16 06:00:00,80.1068,66.1568,73.593056
1984-07-17 06:00:00,76.0568,65.166794,70.8893
1984-07-18 06:00:00,72.7268,59.6768,65.9318
1984-07-19 06:00:00,82.2668,59.7668,71.7368
1984-07-20 06:00:00,81.816795,68.316795,73.1318
1984-07-21 06:00:00,81.5468,65.4368,74.028046
1984-07-22 06:00:00,88.6568,69.3968,79.36805
1984-07-23 06:00:00,91.716805,73.2668,82.7543
1984-07-24 06:00:00,79.2068,69.7568,74.57555
1984-07-25 06:00:00,73.6268,64.9868,69.10805
1984-07-26 06:00:00,72.0068,61.7468,67.52555
1984-07-27 06:00:00,71.916794,62.466797,67.334305
1984-07-28 06:00:00,73.2668,62.1968,67.96055
1984-07-29 06:00:00,76.1468,63.3668,69.9893
1984-07-30 06:00:00,78.666794,65.0768,72.36305
1984-07-31 06:00:00,83.9768,60.3068,73.990555
1984-08-01 06:00:00,83.9768,67.2368,76.371796
1984-08-02 06:00:00,84.8768,67.5968,77.3768
1984-08-03 06:00:00,83.4368,68.496796,77.628044
1984-08-04 06:00:00,84.9668,69.0368,77.2943
1984-08-05 06:00:00,86.316795,69.2168,78.69305
1984-08-06 06:00:00,91.5368,74.3468,81.96305
1984-08-07 06:00:00,90.4568,75.066795,82.45055
1984-08-08 06:00:00,88.8368,76.1468,81.5993
1984-08-09 06:00:00,92.0768,71.1968,81.464294
1984-08-10 06:00:00,81.2768,71.3768,76.18805
1984-08-11 06:00:00,78.7568,70.2968,73.5443
1984-08-12 06:00:00,77.136795,67.5968,72.0443
1984-08-13 06:00:00,80.7368,66.6068,73.34555
1984-08-14 06:00:00,83.0768,60.396797,73.4693
1984-08-15 06:00:00,88.8368,66.246796,78.205536
1984-08-16 06:00:00,86.5868,72.7268,79.23679
1984-08-17 06:00:00,82.1768,71.1068,76.435555
1984-08-18 06:00:00,83.346794,66.6068,73.574295
1984-08-19 06:00:00,74.5268,67.2368,70.5218
1984-08-20 06:00:00,77.9468,62.916798,71.1293
1984-08-21 06:00:00,84.69679,63.6368,74.34305
1984-08-22 06:00:00,84.7868,68.0468,75.198044
1984-08-23 06:00:00,70.386795,63.096798,66.2993
1984-08-24 06:00:00,73.3568,60.846798,66.6893
1984-08-25 06:00:00,76.2368,56.9768,68.223045
1984-08-26 06:00:00,83.6168,61.8368,73.42055
1984-08-27 06:00:00,83.7068,68.9468,76.1018
1984-08-28 06:00:00,93.4268,70.1168,80.5193
1984-08-29 06:00:00,94.6868,73.5368,84.10805
1984-08-30 06:00:00,79.746796,66.6068,73.544304
1984-08-31 06:00:00,78.7568,60.6668,69.925545
1984-09-01 06:00:00,89.2868,62.5568,75.1718
1984-09-02 06:00:00,84.7868,68.0468,76.35304
1984-09-03 06:00:00,67.6868,60.4868,64.43179
1984-09-04 06:00:00,70.8368,56.1668,61.7468
1984-09-05 06:00:00,64.4468,54.9068,59.7518
1984-09-06 06:00:00,71.916794,51.3968,61.96055
1984-09-07 06:00:00,84.3368,63.006798,73.6268
1984-09-08 06:00:00,78.7568,67.7768,71.68055
1984-09-09 06:00:00,75.5168,64.3568,69.01805
1984-09-10 06:00:00,74.4368,62.3768,67.5518
1984-09-11 06:00:00,74.166794,63.9068,68.2343
1984-09-12 06:00:00,82.0868,63.006798,72.4268
1984-09-13 06:00:00,79.566795,68.496796,74.7443
1984-09-14 06:00:00,67.6868,55.8068,64.0493
1984-09-15 06:00:00,59.4068,50.6768,55.124302
1984-09-16 06:00:00,61.2968,48.2468,54.843052
1984-09-17 06:00:00,64.9868,48.4268,56.8568
1984-09-18 06:00:00,70.9268,50.136803,60.873047
1984-09-19 06:00:00,80.4668,58.0568,68.54555
1984-09-20 06:00:00,75.5168,63.096798,69.12679
1984-09-21 06:00:00,75.7868,60.2168,67.8293
1984-09-22 06:00:00,79.8368,65.2568,69.483055
1984-09-23 06:00:00,73.5368,66.066795,69.07054
1984-09-24 06:00:00,80.4668,68.2268,73.75055
1984-09-25 06:00:00,72.3668,49.5968,63.53555
1984-09-26 06:00:00,51.0368,43.6568,47.7518
1984-09-27 06:00:00,51.1268,46.8968,49.6493
1984-09-28 06:00:00,54.0968,45.276802,48.91055
1984-09-29 06:00:00,52.6568,42.3068,47.31305
1984-09-30 06:00:00,56.436802,38.8868,47.69555
1984-10-01 06:00:00,62.016796,42.3968,51.505547
1984-10-02 06:00:00,64.5368,44.6468,55.15805
1984-10-03 06:00:00,68.6768,53.8268,59.811806
1984-10-04 06:00:00,65.6168,49.4168,57.49055
1984-10-05 06:00:00,68.8568,54.3668,61.319298
1984-10-06 06:00:00,71.0168,57.2468,63.1493
1984-10-07 06:00:00,65.5268,60.3068,62.92055
1984-10-08 06:00:00,70.1168,60.756798,63.82055
1984-10-09 06:00:00,69.3968,59.3168,63.94805
1984-10-10 06:00:00,71.0168,60.2168,64.255554
1984-10-11 06:00:00,66.9668,59.0468,62.7068
1984-10-12 06:00:00,68.4068,58.4168,63.1343
1984-10-13 06:00:00,67.1468,61.2068,63.4343
1984-10-14 06:00:00,68.7668,61.026802,64.64181
1984-10-15 06:00:00,70.0268,61.4768,64.788055
1984-10-16 06:00:00,71.3768,53.4668,63.906803
1984-10-17 06:00:00,68.4068,47.9768,54.37805
1984-10-18 06:00:00,65.3468,50.3168,57.6968
1984-10-19 06:00:00,66.8768,48.8768,56.20805
1984-10-20 06:00:00,52.2068,42.756798,48.31055
1984-10-21 06:00:00,51.3968,45.8168,49.240547
1984-10-22 06:00:00,51.6668,41.3168,46.3793
1984-10-23 06:00:00,51.3068,41.2268,45.61805
1984-10-24 06:00:00,52.6568,35.6468,44.418053
1984-10-25 06:00:00,56.436802,42.3968,50.879303
1984-10-26 06:00:00,63.096798,50.8568,56.47055
1984-10-27 06:00:00,73.1768,63.7268,67.0043
1984-10-28 06:00:00,65.7068,48.1568,52.821804
1984-10-29 06:00:00,56.0768,44.1968,49.78805
1984-10-30 06:00:00,60.396797,46.6268,51.9068
1984-10-31 06:00:00,61.6568,45.5468,52.4318
1984-11-01 06:00:00,66.066795,34.2068,52.829304
1984-11-02 06:00:00,34.7468,27.0968,31.51805
1984-11-03 06:00:00,50.4068,32.4968,41.41055
1984-11-04 06:00:00,58.776802,45.3668,51.175552
1984-11-05 06:00:00,44.6468,33.4868,39.46805
1984-11-06 06:00:00,45.3668,30.6068,37.44305
1984-11-07 06:00:00,51.6668,37.3568,44.954304
1984-11-08 06:00:00,60.9368,48.3368,52.799305
1984-11-09 06:00:00,58.4168,49.2368,54.1943
1984-11-10 06:00:00,56.0768,41.3168,48.04055
1984-11-11 06:00:00,40.1468,32.8568,36.43055
1984-11-12 06:00:00,39.5168,29.8868,34.24055
1984-11-13 06:00:00,44.1068,28.8068,36.34055
1984-11-14 06:00:00,51.936802,35.2868,44.324303
1984-11-15 06:00:00,52.1168,35.1968,45.10805
1984-11-16 06:00:00,36.3668,28.1768,32.1968
1984-11-17 06:00:00,39.8768,29.6168,34.5218
1984-11-18 06:00:00,40.9568,32.6768,36.02555
1984-11-19 06:00:00,33.9368,29.7968,31.95305
1984-11-20 06:00:00,33.0368,27.0068,29.4068
1984-11-21 06:00:00,35.7368,26.5568,30.2693
1984-11-22 06:00:00,39.8768,26.2868,32.77055
1984-11-23 06:00:00,45.4568,31.5968,37.48805
1984-11-24 06:00:00,49.776802,31.1468,39.34055
1984-11-25 06:00:00,51.2168,34.4768,42.678047
1984-11-26 06:00:00,59.7668,44.1068,51.93305
1984-11-27 06:00:00,57.6068,37.5368,51.363052
1984-11-28 06:00:00,36.6368,31.4168,34.0718
1984-11-29 06:00:00,45.4568,32.0468,38.6468
1984-11-30 06:00:00,40.2368,35.3768,38.620552
1984-12-01 06:00:00,37.0868,28.2668,32.3843
1984-12-02 06:00:00,44.7368,28.1768,37.39805
1984-12-03 06:00:00,26.646801,20.1668,23.82305
1984-12-04 06:00:00,25.2968,16.6568,20.8793
1984-12-05 06:00:00,28.4468,18.456799,23.721798
1984-12-06 06:00:00,26.1068,14.136801,17.1968
1984-12-07 06:00:00,32.4068,12.156799,23.0093
1984-12-08 06:00:00,42.756798,26.4668,32.3318
1984-12-09 06:00:00,42.0368,27.1868,34.2068
1984-12-10 06:00:00,45.276802,33.3068,37.971798
1984-12-11 06:00:00,42.9368,33.5768,38.86055
1984-12-12 06:00:00,50.5868,38.7068,44.22305
1984-12-13 06:00:00,38.7068,34.1168,36.655552
1984-12-14 06:00:00,45.636803,34.2068,38.3318
1984-12-15 06:00:00,52.386803,34.1168,40.8818
1984-12-16 06:00:00,61.2068,43.2968,53.72555
1984-12-17 06:00:00,42.8468,30.1568,37.5518
1984-12-18 06:00:00,30.2468,22.7768,26.459301
1984-12-19 06:00:00,31.7768,25.9268,28.9268
1984-12-20 06:00:00,32.7668,24.396801,28.5068
1984-12-21 06:00:00,50.4068,31.6868,37.8443
1984-12-22 06:00:00,32.3168,24.306799,27.25055
1984-12-23 06:00:00,42.2168,24.2168,33.39305
1984-12-24 06:00:00,34.3868,7.2968006,21.0893
1984-12-25 06:00:00,22.056799,5.6768,13.848049
1984-12-26 06:00:00,32.4968,19.2668,25.488049
1984-12-27 06:00:00,48.6068,33.0368,40.3793
1984-12-28 06:00:00,62.1068,48.9668,58.15055
1984-12-29 06:00:00,62.016796,30.6068,44.770554
1984-12-30 06:00:00,38.2568,28.8068,32.19305
1984-12-31 06:00:00,35.3768,31.6868,34.124302
1985-01-01 06:00:00,33.3068,17.3768,26.331799
1985-01-02 06:00:00,17.0168,3.6068,8.95055
1985-01-03 06:00:00,20.3468,1.0867977,10.713051
1985-01-04 06:00:00,31.5068,3.4267998,17.01305
1985-01-05 06:00:00,32.1368,26.4668,28.83305
1985-01-06 06:00:00,36.8168,26.8268,31.6418
1985-01-07 06:00:00,32.5868,28.7168,31.3118
1985-01-08 06:00:00,27.9068,16.4768,21.49055
1985-01-09 06:00:00,23.6768,15.7568,20.68055
1985-01-10 06:00:00,26.2868,20.6168,23.1743
1985-01-11 06:00:00,22.5068,11.1668,18.3143
1985-01-12 06:00:00,15.396801,4.596798,9.385551
1985-01-13 06:00:00,28.5368,9.816799,19.78055
1985-01-14 06:00:00,31.8668,10.626801,22.521801
1985-01-15 06:00:00,13.5068,2.5268002,8.650549
1985-01-16 06:00:00,24.0368,10.716801,19.750553
1985-01-17 06:00:00,23.4968,15.396801,18.411802
1985-01-18 06:00:00,24.6668,13.7768,21.59555
1985-01-19 06:00:00,11.796801,-19.523201,-3.3644485
1985-01-20 06:00:00,-10.613201,-26.633198,-19.5607
1985-01-21 06:00:00,20.2568,-10.253201,7.236805
1985-01-22 06:00:00,20.6168,12.066799,16.420551
1985-01-23 06:00:00,22.3268,13.236801,17.673052
1985-01-24 06:00:00,28.4468,17.736801,22.270552
1985-01-25 06:00:00,26.1968,2.7067986,14.324301
1985-01-26 06:00:00,19.086802,-5.3032,5.688053
1985-01-27 06:00:00,28.3568,16.5668,22.2593
1985-01-28 06:00:00,17.2868,3.5168,10.74305
1985-01-29 06:00:00,21.6068,-2.8731995,10.705547
1985-01-30 06:00:00,27.2768,13.7768,22.1768
1985-01-31 06:00:00,23.226799,-6.743202,5.3130493
1985-02-01 06:00:00,3.6068,-14.3932,-5.711952
1985-02-02 06:00:00,5.5868015,-10.883202,-1.6056976
1985-02-03 06:00:00,15.7568,-13.673199,0.959301
1985-02-04 06:00:00,17.2868,-6.3832016,8.009296
1985-02-05 06:00:00,21.9668,14.496799,18.0968
1985-02-06 06:00:00,19.5368,7.2067986,14.609301
1985-02-07 06:00:00,17.1068,1.3568001,9.445549
1985-02-08 06:00:00,16.1168,-2.6931992,6.1342983
1985-02-09 06:00:00,19.7168,-1.9731979,10.795551
1985-02-10 06:00:00,27.8168,16.6568,23.65805
1985-02-11 06:00:00,26.0168,20.8868,23.85305
1985-02-12 06:00:00,22.5968,16.4768,19.81805
1985-02-13 06:00:00,20.7968,9.996799,15.993052
1985-02-14 06:00:00,20.0768,11.796801,17.005552
1985-02-15 06:00:00,14.136801,2.5268002,8.043053
1985-02-16 06:00:00,33.3068,5.4967995,20.85305
1985-02-17 06:00:00,32.2268,23.4068,27.28805
1985-02-18 06:00:00,37.9868,21.4268,29.28305
1985-02-19 06:00:00,28.9868,9.996799,21.2093
1985-02-20 06:00:00,41.0468,20.5268,31.21805
1985-02-21 06:00:00,46.0868,37.7168,42.183052
1985-02-22 06:00:00,53.1068,44.8268,48.08555
1985-02-23 06:00:00,50.8568,33.4868,43.63055
1985-02-24 06:00:00,39.9668,33.3968,35.620552
1985-02-25 06:00:00,41.2268,32.1368,36.1193
1985-02-26 06:00:00,47.436802,31.0568,37.6943
1985-02-27 06:00:00,33.6668,26.1068,29.29055
1985-02-28 06:00:00,46.2668,26.736801,35.6018
1985-03-01 06:00:00,46.0868,35.9168,39.40805
1985-03-02 06:00:00,36.4568,26.5568,32.1593
1985-03-03 06:00:00,36.6368,26.5568,31.13555
1985-03-04 06:00:00,54.9968,26.916801,39.8093
1985-03-05 06:00:00,26.646801,20.6168,23.5343
1985-03-06 06:00:00,32.8568,18.0068,25.96055
1985-03-07 06:00:00,47.7968,30.7868,39.1043
1985-03-08 06:00:00,51.2168,34.3868,42.7868
1985-03-09 06:00:00,52.4768,30.6968,41.0393
1985-03-10 06:00:00,61.3868,36.7268,48.8693
1985-03-11 06:00:00,52.9268,38.2568,47.63555
1985-03-12 06:00:00,46.3568,34.2968,38.9693
1985-03-13 06:00:00,39.6068,34.2068,36.6968
1985-03-14 06:00:00,46.1768,29.0768,37.5218
1985-03-15 06:00:00,45.3668,25.6568,35.6618
1985-03-16 06:00:00,49.3268,33.9368,40.131798
1985-03-17 06:00:00,32.8568,22.146801,29.7518
1985-03-18 06:00:00,42.4868,20.706799,32.1068
1985-03-19 06:00:00,60.0368,35.3768,46.0643
1985-03-20 06:00:00,40.0568,27.0968,34.88555
1985-03-21 06:00:00,42.3068,27.2768,34.780552
1985-03-22 06:00:00,42.8468,29.5268,36.75305
1985-03-23 06:00:00,43.7468,35.9168,39.186802
1985-03-24 06:00:00,42.2168,34.4768,38.448048
1985-03-25 06:00:00,43.9268,32.6768,37.24805
1985-03-26 06:00:00,61.2068,34.2068,48.4718
1985-03-27 06:00:00,66.5168,50.9468,58.0193
1985-03-28 06:00:00,58.686802,42.756798,48.231804
1985-03-29 06:00:00,55.5368,36.0968,46.3343
1985-03-30 06:00:00,37.3568,32.2268,35.5643
1985-03-31 06:00:00,47.256798,30.9668,38.8793
1985-04-01 06:00:00,42.1268,29.7968,35.6018
1985-04-02 06:00:00,50.4968,28.8068,41.425552
1985-04-03 06:00:00,56.6168,41.7668,49.2218
1985-04-04 06:00:00,47.886803,36.4568,42.0518
1985-04-05 06:00:00,37.0868,34.2068,35.5643
1985-04-06 06:00:00,44.9168,34.3868,38.7593
1985-04-07 06:00:00,48.1568,31.0568,38.9843
1985-04-08 06:00:00,38.3468,28.8068,33.33305
1985-04-09 06:00:00,37.8968,24.5768,31.4318
1985-04-10 06:00:00,51.6668,29.8868,41.5493
1985-04-11 06:00:00,56.0768,39.2468,45.55805
1985-04-12 06:00:00,69.3068,39.0668,55.975548
1985-04-13 06:00:00,69.2168,52.9268,60.49805
1985-04-14 06:00:00,61.9268,50.4068,55.4918
1985-04-15 06:00:00,58.596798,45.3668,51.153053
1985-04-16 06:00:00,52.7468,36.5468,45.351803
1985-04-17 06:00:00,69.0368,36.9968,54.05555
1985-04-18 06:00:00,78.5768,62.1968,69.7118
1985-04-19 06:00:00,79.746796,63.816795,71.073044
1985-04-20 06:00:00,76.5068,61.3868,69.20555
1985-04-21 06:00:00,78.5768,63.006798,70.98305
1985-04-22 06:00:00,76.8668,63.9068,70.43555
1985-04-23 06:00:00,75.6068,62.916798,67.01555
1985-04-24 06:00:00,63.1868,53.1068,59.2643
1985-04-25 06:00:00,70.2068,48.6968,58.25555
1985-04-26 06:00:00,59.2268,45.8168,52.165554
1985-04-27 06:00:00,49.9568,40.4168,45.2018
1985-04-28 06:00:00,53.9168,42.6668,47.425552
1985-04-29 06:00:00,65.4368,41.6768,53.841797
1985-04-30 06:00:00,69.1268,45.9068,57.5168
1985-05-01 06:00:00,55.7168,47.256798,51.0743
1985-05-02 06:00:00,57.7868,43.6568,50.10305
1985-05-03 06:00:00,64.6268,40.776802,54.19805
1985-05-04 06:00:00,71.3768,50.9468,62.0618
1985-05-05 06:00:00,70.566795,57.4268,63.5393
1985-05-06 06:00:00,69.8468,48.7868,59.73305
1985-05-07 06:00:00,70.0268,45.636803,58.191795
1985-05-08 06:00:00,70.2968,51.5768,61.390553
1985-05-09 06:00:00,76.9568,56.6168,67.54805
1985-05-10 06:00:00,78.5768,59.0468,69.426796
1985-05-11 06:00:00,79.1168,62.016796,70.0568
1985-05-12 06:00:00,77.5868,63.6368,70.608055
1985-05-13 06:00:00,65.0768,54.276802,59.920555
1985-05-14 06:00:00,81.996796,57.7868,68.98805
1985-05-15 06:00:00,68.6768,59.6768,64.38305
1985-05-16 06:00:00,59.4068,53.2868,57.0068
1985-05-17 06:00:00,57.6068,49.0568,51.9818
1985-05-18 06:00:00,62.646797,48.7868,55.14305
1985-05-19 06:00:00,76.5068,48.1568,64.04555
1985-05-20 06:00:00,65.7068,54.636803,62.496803
1985-05-21 06:00:00,59.6768,49.8668,55.1993
1985-05-22 06:00:00,63.006798,49.4168,56.448048
1985-05-23 06:00:00,69.1268,51.1268,60.460552
1985-05-24 06:00:00,75.8768,50.6768,65.72555
1985-05-25 06:00:00,80.916794,57.9668,70.686806
1985-05-26 06:00:00,86.5868,65.2568,75.3818
1985-05-27 06:00:00,66.9668,54.276802,56.4443
1985-05-28 06:00:00,59.7668,51.1268,55.240555
1985-05-29 06:00:00,74.886795,51.5768,64.4618
1985-05-30 06:00:00,81.0068,61.3868,70.615555
1985-05-31 06:00:00,75.6968,61.9268,69.449295
1985-06-01 06:00:00,76.6868,57.2468,67.60055
1985-06-02 06:00:00,65.7968,57.5168,61.480553
1985-06-03 06:00:00,62.916798,54.7268,58.551796
1985-06-04 06:00:00,65.4368,54.006798,59.20055
1985-06-05 06:00:00,70.2068,57.8768,63.059303
1985-06-06 06:00:00,68.6768,57.2468,62.800552
1985-06-07 06:00:00,79.746796,55.8968,69.17181
1985-06-08 06:00:00,89.2868,64.5368,77.8118
1985-06-09 06:00:00,83.5268,68.8568,77.61305
1985-06-10 06:00:00,71.4668,63.5468,67.02305
1985-06-11 06:00:00,62.5568,54.9068,56.279305
1985-06-12 06:00:00,58.686802,52.386803,55.000553
1985-06-13 06:00:00,69.5768,45.186802,59.264297
1985-06-14 06:00:00,73.0868,55.3568,64.409294
1985-06-15 06:00:00,73.6268,57.3368,63.561802
1985-06-16 06:00:00,73.3568,59.6768,66.43055
1985-06-17 06:00:00,78.5768,65.0768,70.855545
1985-06-18 06:00:00,70.2068,60.2168,65.358055
1985-06-19 06:00:00,68.9468,56.1668,63.359303
1985-06-20 06:00:00,73.6268,54.006798,65.77055
1985-06-21 06:00:00,82.4468,63.1868,72.2768
1985-06-22 06:00:00,77.496796,63.096798,70.878044
1985-06-23 06:00:00,85.3268,65.166794,73.896805
1985-06-24 06:00:00,71.5568,63.3668,67.56305
1985-06-25 06:00:00,82.4468,62.1068,72.19805
1985-06-26 06:00:00,86.2268,65.886795,77.00929
1985-06-27 06:00:00,83.6168,69.3068,76.33055
1985-06-28 06:00:00,77.4068,64.8968,71.2043
1985-06-29 06:00:00,78.4868,64.0868,71.11805
1985-06-30 06:00:00,76.2368,65.7068,70.39805
1985-07-01 06:00:00,79.2068,64.2668,72.43805
1985-07-02 06:00:00,83.346794,61.9268,72.456795
1985-07-03 06:00:00,82.2668,63.6368,73.8593
1985-07-04 06:00:00,85.596794,68.316795,75.0668
1985-07-05 06:00:00,76.8668,65.0768,71.185555
1985-07-06 06:00:00,78.2168,62.8268,70.57055
1985-07-07 06:00:00,88.4768,66.7868,78.715546
1985-07-08 06:00:00,94.6868,74.9768,85.218056
1985-07-09 06:00:00,88.2968,72.0968,78.0593
1985-07-10 06:00:00,78.8468,69.4868,73.56305
1985-07-11 06:00:00,80.916794,67.416794,73.559296
1985-07-12 06:00:00,83.5268,66.6968,75.396805
1985-07-13 06:00:00,88.746796,69.8468,79.3043
1985-07-14 06:00:00,84.8768,73.0868,77.67305
1985-07-15 06:00:00,80.5568,70.386795,75.75305
1985-07-16 06:00:00,75.6968,64.8068,69.8618
1985-07-17 06:00:00,77.4068,61.9268,70.559296
1985-07-18 06:00:00,82.8068,64.9868,73.92305
1985-07-19 06:00:00,81.3668,69.3968,74.86055
1985-07-20 06:00:00,77.8568,69.1268,73.386795
1985-07-21 06:00:00,83.6168,66.6968,75.333046
1985-07-22 06:00:00,74.7968,65.7068,70.93805
1985-07-23 06:00:00,75.4268,62.646797,69.1718
1985-07-24 06:00:00,86.4068,63.276802,76.18056
1985-07-25 06:00:00,83.5268,69.666794,76.90055
1985-07-26 06:00:00,76.1468,65.5268,71.1293
1985-07-27 06:00:00,82.9868,59.4068,72.67805
1985-07-28 06:00:00,84.8768,66.1568,76.278046
1985-07-29 06:00:00,83.7068,68.316795,75.2243
1985-07-30 06:00:00,74.7068,68.6768,70.7993
1985-07-31 06:00:00,70.9268,66.6068,68.8268
1985-08-01 06:00:00,73.0868,64.4468,68.11805
1985-08-02 06:00:00,73.6268,63.006798,68.2943
1985-08-03 06:00:00,79.2068,61.4768,70.949295
1985-08-04 06:00:00,78.666794,65.2568,70.42055
1985-08-05 06:00:00,83.7068,68.9468,74.144295
1985-08-06 06:00:00,84.9668,69.2168,76.91554
1985-08-07 06:00:00,84.1568,68.4068,75.38556
1985-08-08 06:00:00,82.5368,64.3568,73.8443
1985-08-09 06:00:00,84.3368,66.5168,75.6743
1985-08-10 06:00:00,77.0468,66.6068,73.1393
1985-08-11 06:00:00,74.5268,61.6568,68.7518
1985-08-12 06:00:00,82.5368,65.5268,74.043045
1985-08-13 06:00:00,84.1568,71.916794,78.30679
1985-08-14 06:00:00,79.4768,66.6968,73.28555
1985-08-15 06:00:00,74.7068,65.7068,69.880554
1985-08-16 06:00:00,76.6868,61.566795,70.45055
1985-08-17 06:00:00,81.636795,67.2368,74.58679
1985-08-18 06:00:00,77.2268,64.9868,71.94305
1985-08-19 06:00:00,72.5468,60.4868,66.24306
1985-08-20 06:00:00,68.8568,60.396797,64.90056
1985-08-21 06:00:00,71.0168,59.136803,65.11055
1985-08-22 06:00:00,73.8068,60.756798,68.03555
1985-08-23 06:00:00,78.3068,65.3468,71.44805
1985-08-24 06:00:00,75.5168,62.646797,67.8443
1985-08-25 06:00:00,71.916794,60.396797,65.4518
1985-08-26 06:00:00,73.7168,59.2268,66.7943
1985-08-27 06:00:00,78.0368,61.566795,69.61055
1985-08-28 06:00:00,79.2068,64.5368,71.459305
1985-08-29 06:00:00,81.816795,68.136795,73.5368
1985-08-30 06:00:00,72.636795,64.2668,68.67305
1985-08-31 06:00:00,74.886795,61.6568,68.06555
1985-09-01 06:00:00,81.4568,65.5268,72.64805
1985-09-02 06:00:00,79.746796,70.386795,75.1343
1985-09-03 06:00:00,84.3368,72.7268,78.16055
1985-09-04 06:00:00,82.4468,73.1768,76.529305
1985-09-05 06:00:00,84.8768,71.6468,78.35555
1985-09-06 06:00:00,87.1268,74.3468,80.286804
1985-09-07 06:00:00,89.7368,75.246796,82.2068
1985-09-08 06:00:00,83.5268,71.3768,78.25055
1985-09-09 06:00:00,85.2368,71.1968,76.270546
1985-09-10 06:00:00,71.1968,65.0768,68.29805
1985-09-11 06:00:00,64.4468,59.2268,62.151802
1985-09-12 06:00:00,60.5768,56.7968,58.844303
1985-09-13 06:00:00,60.846798,52.8368,57.276802
1985-09-14 06:00:00,62.8268,52.7468,57.7943
1985-09-15 06:00:00,68.5868,50.6768,59.9318
1985-09-16 06:00:00,73.3568,54.186802,64.2293
1985-09-17 06:00:00,74.9768,62.016796,68.2118
1985-09-18 06:00:00,82.6268,67.1468,74.18555
1985-09-19 06:00:00,82.8968,67.7768,74.9918
1985-09-20 06:00:00,81.636795,64.1768,71.894295
1985-09-21 06:00:00,67.3268,58.8668,63.63305
1985-09-22 06:00:00,75.5168,64.2668,68.6843
1985-09-23 06:00:00,76.1468,50.3168,64.7768
1985-09-24 06:00:00,57.4268,45.9968,51.66305
1985-09-25 06:00:00,59.0468,45.5468,52.82555
1985-09-26 06:00:00,58.8668,49.776802,54.190548
1985-09-27 06:00:00,60.396797,47.436802,54.0068
1985-09-28 06:00:00,70.4768,49.5968,59.62055
1985-09-29 06:00:00,70.4768,54.9068,62.95055
1985-09-30 06:00:00,63.096798,47.7068,54.599304
1985-10-01 06:00:00,51.4868,41.3168,46.480553
1985-10-02 06:00:00,58.596798,40.1468,49.2893
1985-10-03 06:00:00,63.006798,43.8368,53.639297
1985-10-04 06:00:00,56.436802,49.2368,52.266804
1985-10-05 06:00:00,54.3668,45.8168,49.491802
1985-10-06 06:00:00,54.4568,38.9768,46.8068
1985-10-07 06:00:00,67.416794,43.9268,55.93055
1985-10-08 06:00:00,65.6168,55.1768,60.516804
1985-10-09 06:00:00,61.2068,58.2368,60.12305
1985-10-10 06:00:00,57.6068,46.8068,49.04555
1985-10-11 06:00:00,55.9868,47.6168,52.63805
1985-10-12 06:00:00,74.5268,55.5368,64.91555
1985-10-13 06:00:00,63.276802,53.7368,57.67055
1985-10-14 06:00:00,62.736797,54.5468,58.12805
1985-10-15 06:00:00,62.1968,51.5768,56.9693
1985-10-16 06:00:00,52.7468,42.2168,47.5943
1985-10-17 06:00:00,67.6868,46.8068,56.718052
1985-10-18 06:00:00,67.6868,58.0568,62.70305
1985-10-19 06:00:00,64.8968,56.256798,57.8768
1985-10-20 06:00:00,57.4268,53.9168,55.99055
1985-10-21 06:00:00,56.7968,51.3968,53.9468
1985-10-22 06:00:00,61.9268,54.5468,57.42305
1985-10-23 06:00:00,65.9768,54.9968,60.4268
1985-10-24 06:00:00,67.5968,51.756798,61.038048
1985-10-25 06:00:00,62.736797,44.0168,53.2718
1985-10-26 06:00:00,65.6168,48.1568,55.7243
1985-10-27 06:00:00,57.6068,48.9668,54.59555
1985-10-28 06:00:00,50.9468,46.0868,48.516804
1985-10-29 06:00:00,53.2868,45.9068,49.053047
1985-10-30 06:00:00,53.0168,44.3768,48.65555
1985-10-31 06:00:00,54.4568,45.5468,49.480553
1985-11-01 06:00:00,58.8668,53.9168,56.3618
1985-11-02 06:00:00,52.2068,45.8168,47.68055
1985-11-03 06:00:00,49.0568,40.776802,44.96555
1985-11-04 06:00:00,45.7268,40.4168,43.54055
1985-11-05 06:00:00,50.0468,41.9468,45.83555
1985-11-06 06:00:00,53.6468,41.0468,47.1668
1985-11-07 06:00:00,48.3368,37.9868,42.7643
1985-11-08 06:00:00,47.6168,34.8368,41.86055
1985-11-09 06:00:00,48.6968,43.5668,46.120552
1985-11-10 06:00:00,43.7468,37.8068,39.73805
1985-11-11 06:00:00,41.0468,37.0868,39.4118
1985-11-12 06:00:00,50.9468,40.776802,46.5893
1985-11-13 06:00:00,48.6968,44.9168,46.08305
1985-11-14 06:00:00,47.7968,37.3568,43.84055
1985-11-15 06:00:00,42.2168,38.8868,41.26805
1985-11-16 06:00:00,45.276802,36.1868,40.4318
1985-11-17 06:00:00,50.7668,32.4068,42.1643
1985-11-18 06:00:00,63.096798,49.686802,56.93555
1985-11-19 06:00:00,64.6268,33.7568,57.85805
1985-11-20 06:00:00,30.3368,20.3468,24.0968
1985-11-21 06:00:00,33.0368,21.0668,27.576801
1985-11-22 06:00:00,37.1768,26.1968,31.92305
1985-11-23 06:00:00,33.0368,24.9368,29.16305
1985-11-24 06:00:00,30.3368,17.4668,24.0668
1985-11-25 06:00:00,36.1868,30.4268,32.83805
1985-11-26 06:00:00,40.4168,31.5968,37.214302
1985-11-27 06:00:00,38.3468,31.6868,34.9793
1985-11-28 06:00:00,36.8168,32.1368,34.3568
1985-11-29 06:00:00,34.4768,26.646801,31.5068
1985-11-30 06:00:00,39.9668,33.2168,36.3518
1985-12-01 06:00:00,46.6268,12.7868,32.905552
1985-12-02 06:00:00,22.8668,12.156799,17.553051
1985-12-03 06:00:00,24.306799,9.456799,17.15555
1985-12-04 06:00:00,34.2068,24.8468,28.9118
1985-12-05 06:00:00,33.6668,24.306799,29.2118
1985-12-06 06:00:00,35.5568,24.306799,28.4393
1985-12-07 06:00:00,37.6268,25.2068,30.3293
1985-12-08 06:00:00,39.8768,27.9068,32.59055
1985-12-09 06:00:00,33.1268,26.736801,29.789299
1985-12-10 06:00:00,37.8968,30.3368,34.7543
1985-12-11 06:00:00,36.8168,21.8768,32.3993
1985-12-12 06:00:00,21.0668,8.736801,13.6718025
1985-12-13 06:00:00,10.986801,-1.2532005,7.491804
1985-12-14 06:00:00,16.6568,-8.453201,1.7468014
1985-12-15 06:00:00,24.396801,9.3668,19.41305
1985-12-16 06:00:00,22.146801,4.686802,14.6618
1985-12-17 06:00:00,11.6168,1.2667961,5.5717983
1985-12-18 06:00:00,5.9467983,-6.2932014,-0.8819504
1985-12-19 06:00:00,10.806799,-6.113201,2.4067955
1985-12-20 06:00:00,15.7568,5.226801,9.670551
1985-12-21 06:00:00,14.8568,-1.4332047,6.303051
1985-12-22 06:00:00,36.0068,16.206799,29.35805
1985-12-23 06:00:00,34.8368,29.6168,32.5793
1985-12-24 06:00:00,26.8268,-1.3432007,9.580553
1985-12-25 06:00:00,1.3568001,-7.103203,-3.2144508
1985-12-26 06:00:00,33.4868,-5.7532005,15.535549
1985-12-27 06:00:00,21.9668,5.4967995,15.734301
1985-12-28 06:00:00,21.6068,5.0467987,13.5893
1985-12-29 06:00:00,20.2568,9.816799,13.878048
1985-12-30 06:00:00,37.8968,7.386801,22.750553
1985-12-31 06:00:00,36.3668,14.226801,25.45805
1986-01-01 06:00:00,31.6868,10.086802,21.67805
1986-01-02 06:00:00,36.3668,28.3568,31.80305
1986-01-03 06:00:00,31.5068,25.476799,28.2968
1986-01-04 06:00:00,31.2368,19.896801,27.0893
1986-01-05 06:00:00,25.5668,9.456799,18.141798
1986-01-06 06:00:00,16.6568,2.0768013,9.595552
1986-01-07 06:00:00,6.7567997,-4.5832024,0.26555443
1986-01-08 06:00:00,17.556799,-11.063202,5.3018
1986-01-09 06:00:00,36.2768,15.486801,26.181799
1986-01-10 06:00:00,35.1068,26.0168,31.53305
1986-01-11 06:00:00,41.7668,26.0168,33.4943
1986-01-12 06:00:00,37.8968,18.8168,32.64305
1986-01-13 06:00:00,22.5068,10.806799,16.821802
1986-01-14 06:00:00,23.9468,17.9168,21.58805
1986-01-15 06:00:00,34.4768,15.0368,23.67305
1986-01-16 06:00:00,47.1668,18.8168,34.21055
1986-01-17 06:00:00,51.4868,35.8268,43.668053
1986-01-18 06:00:00,43.8368,35.9168,41.48555
1986-01-19 06:00:00,35.6468,28.2668,31.1393
1986-01-20 06:00:00,36.1868,26.916801,30.164299
1986-01-21 06:00:00,52.2068,27.9968,38.7368
1986-01-22 06:00:00,36.3668,25.9268,32.1443
1986-01-23 06:00:00,35.2868,22.7768,28.25555
1986-01-24 06:00:00,36.6368,26.2868,31.80305
1986-01-25 06:00:00,36.0968,24.2168,31.27805
1986-01-26 06:00:00,23.6768,1.2667961,15.6143
1986-01-27 06:00:00,3.0667973,-7.9132004,-1.9994507
1986-01-28 06:00:00,20.706799,0.81679726,10.236799
1986-01-29 06:00:00,22.3268,13.236801,19.66055
1986-01-30 06:00:00,24.306799,7.7467995,16.780552
1986-01-31 06:00:00,29.7068,20.2568,24.81305
1986-02-01 06:00:00,48.5168,29.2568,37.5518
1986-02-02 06:00:00,37.7168,23.7668,30.31805
1986-02-03 06:00:00,35.1968,27.0968,31.57055
1986-02-04 06:00:00,34.7468,32.9468,33.68555
1986-02-05 06:00:00,33.3068,30.3368,32.17055
1986-02-06 06:00:00,30.1568,19.7168,26.49305
1986-02-07 06:00:00,22.8668,18.3668,20.3093
1986-02-08 06:00:00,27.3668,16.4768,22.1693
1986-02-09 06:00:00,21.1568,4.5067997,14.110552
1986-02-10 06:00:00,13.5968,2.436798,7.244301
1986-02-11 06:00:00,16.6568,4.3268013,9.681801
1986-02-12 06:00:00,11.886801,-0.80319977,4.3530483
1986-02-13 06:00:00,20.8868,-4.0432014,8.8643
1986-02-14 06:00:00,24.5768,13.4168,20.414299
1986-02-15 06:00:00,21.3368,1.5367985,13.139301
1986-02-16 06:00:00,28.896801,17.646801,24.16055
1986-02-17 06:00:00,35.4668,26.4668,31.24805
1986-02-18 06:00:00,42.3068,32.9468,35.36555
1986-02-19 06:00:00,37.1768,28.896801,33.53555
1986-02-20 06:00:00,37.4468,23.8568,31.7843
1986-02-21 06:00:00,21.7868,11.076801,16.169302
1986-02-22 06:00:00,34.7468,10.086802,23.2418
1986-02-23 06:00:00,27.4568,15.576801,23.073051
1986-02-24 06:00:00,25.5668,17.646801,21.63305
1986-02-25 06:00:00,34.5668,20.4368,27.303051
1986-02-26 06:00:00,35.7368,26.5568,31.56305
1986-02-27 06:00:00,29.9768,14.6768,20.631802
1986-02-28 06:00:00,25.6568,13.8668,18.175552
1986-03-01 06:00:00,36.1868,9.726801,23.230549
1986-03-02 06:00:00,37.0868,28.7168,32.05055
1986-03-03 06:00:00,36.8168,28.5368,31.8968
1986-03-04 06:00:00,39.6968,25.7468,32.11055
1986-03-05 06:00:00,45.4568,20.3468,33.175552
1986-03-06 06:00:00,37.1768,22.056799,30.0968
1986-03-07 06:00:00,19.3568,9.546801,14.035549
1986-03-08 06:00:00,34.6568,8.556799,22.4918
1986-03-09 06:00:00,61.3868,35.7368,49.098053
1986-03-10 06:00:00,57.3368,33.3068,49.7018
1986-03-11 06:00:00,36.5468,26.5568,31.0718
1986-03-12 06:00:00,35.7368,29.1668,33.77555
1986-03-13 06:00:00,54.7268,35.3768,44.924297
1986-03-14 06:00:00,46.8068,33.7568,40.975548
1986-03-15 06:00:00,44.0168,33.6668,38.3918
1986-03-16 06:00:00,40.1468,27.8168,33.76055
1986-03-17 06:00:00,47.886803,27.0968,37.2068
1986-03-18 06:00:00,56.886803,38.0768,46.6568
1986-03-19 06:00:00,50.136803,17.9168,37.77305
1986-03-20 06:00:00,19.896801,9.186802,14.3543
1986-03-21 06:00:00,37.5368,13.5968,26.3993
1986-03-22 06:00:00,48.6968,27.5468,38.35055
1986-03-23 06:00:00,57.2468,34.1168,45.6218
1986-03-24 06:00:00,48.9668,25.7468,38.2043
1986-03-25 06:00:00,67.8668,48.6068,58.6793
1986-03-26 06:00:00,59.6768,38.8868,52.390553
1986-03-27 06:00:00,47.0768,30.3368,38.8418
1986-03-28 06:00:00,67.5968,38.4368,54.04055
1986-03-29 06:00:00,75.5168,53.2868,64.51805
1986-03-30 06:00:00,68.5868,45.8168,60.055546
1986-03-31 06:00:00,76.416794,45.636803,60.04055
1986-04-01 06:00:00,61.7468,43.5668,52.968052
1986-04-02 06:00:00,51.4868,35.7368,43.02305
1986-04-03 06:00:00,54.186802,39.5168,44.77055
1986-04-04 06:00:00,56.526802,40.2368,48.7493
1986-04-05 06:00:00,68.496796,51.0368,58.48055
1986-04-06 06:00:00,60.2168,47.256798,53.410553
1986-04-07 06:00:00,72.0068,43.9268,57.179302
1986-04-08 06:00:00,53.9168,40.776802,46.968052
1986-04-09 06:00:00,45.4568,30.5168,38.8568
1986-04-10 06:00:00,53.1068,29.0768,40.5293
1986-04-11 06:00:00,56.7968,30.3368,43.2668
1986-04-12 06:00:00,48.3368,36.5468,40.5293
1986-04-13 06:00:00,50.8568,37.3568,43.761803
1986-04-14 06:00:00,54.5468,39.6968,46.004303
1986-04-15 06:00:00,41.136803,34.2068,38.13305
1986-04-16 06:00:00,42.576797,36.0068,39.25805
1986-04-17 06:00:00,50.4068,37.5368,43.1093
1986-04-18 06:00:00,64.2668,39.7868,53.0843
1986-04-19 06:00:00,63.9068,51.936802,57.91805
1986-04-20 06:00:00,55.6268,43.5668,50.8043
1986-04-21 06:00:00,44.3768,30.6968,38.2043
1986-04-22 06:00:00,41.3168,29.0768,34.3718
1986-04-23 06:00:00,56.9768,26.2868,43.3793
1986-04-24 06:00:00,70.746796,45.276802,57.873055
1986-04-25 06:00:00,71.5568,52.8368,62.144306
1986-04-26 06:00:00,81.816795,60.9368,71.339294
1986-04-27 06:00:00,80.1968,60.846798,70.58555
1986-04-28 06:00:00,68.2268,50.136803,59.31304
1986-04-29 06:00:00,69.4868,47.436802,58.80305
1986-04-30 06:00:00,70.746796,57.4268,63.295547
1986-05-01 06:00:00,62.646797,48.6968,56.31305
1986-05-02 06:00:00,51.6668,38.1668,45.1268
1986-05-03 06:00:00,54.9968,34.4768,46.23305
1986-05-04 06:00:00,71.8268,44.8268,58.90055
1986-05-05 06:00:00,75.7868,59.2268,68.67305
1986-05-06 06:00:00,80.4668,63.006798,69.9518
1986-05-07 06:00:00,65.3468,49.4168,58.574303
1986-05-08 06:00:00,60.2168,47.6168,53.02055
1986-05-09 06:00:00,64.9868,49.9568,57.003048
1986-05-10 06:00:00,68.9468,50.8568,59.98055
1986-05-11 06:00:00,71.916794,54.636803,62.37305
1986-05-12 06:00:00,64.6268,53.5568,58.5068
1986-05-13 06:00:00,70.4768,52.026802,61.7093
1986-05-14 06:00:00,67.6868,58.4168,62.54555
1986-05-15 06:00:00,67.5068,57.6968,62.868053
1986-05-16 06:00:00,75.066795,60.1268,66.96305
1986-05-17 06:00:00,74.7968,49.3268,65.624306
1986-05-18 06:00:00,55.8968,47.9768,50.8418
1986-05-19 06:00:00,52.8368,46.1768,49.379303
1986-05-20 06:00:00,53.1068,45.0968,48.40055
1986-05-21 06:00:00,59.8568,47.6168,52.64555
1986-05-22 06:00:00,56.3468,48.4268,52.0493
1986-05-23 06:00:00,61.1168,48.0668,54.5693
1986-05-24 06:00:00,67.1468,50.2268,58.4543
1986-05-25 06:00:00,68.8568,52.6568,60.666798
1986-05-26 06:00:00,66.066795,58.9568,61.26305
1986-05-27 06:00:00,67.416794,57.5168,61.7243
1986-05-28 06:00:00,69.0368,57.0668,62.5193
1986-05-29 06:00:00,72.0068,56.3468,64.0718
1986-05-30 06:00:00,80.3768,59.8568,70.90805
1986-05-31 06:00:00,83.0768,64.8068,74.3093
1986-06-01 06:00:00,82.4468,50.8568,64.225555
1986-06-02 06:00:00,59.0468,49.776802,54.2693
1986-06-03 06:00:00,71.916794,49.8668,61.22555
1986-06-04 06:00:00,78.9368,57.4268,68.78555
1986-06-05 06:00:00,66.7868,59.7668,62.350548
1986-06-06 06:00:00,64.9868,60.9368,62.864296
1986-06-07 06:00:00,79.8368,64.6268,71.30554
1986-06-08 06:00:00,72.816795,60.5768,67.55555
1986-06-09 06:00:00,71.7368,58.596798,65.51555
1986-06-10 06:00:00,80.8268,63.006798,70.74306
1986-06-11 06:00:00,83.7968,67.7768,73.91554
1986-06-12 06:00:00,66.9668,61.2068,63.858047
1986-06-13 06:00:00,73.7168,58.146797,65.71805
1986-06-14 06:00:00,70.746796,58.596798,65.0168
1986-06-15 06:00:00,74.9768,64.5368,69.64055
1986-06-16 06:00:00,82.9868,62.3768,72.6143
1986-06-17 06:00:00,63.816795,57.6068,60.809303
1986-06-18 06:00:00,78.4868,55.4468,67.53305
1986-06-19 06:00:00,84.3368,67.416794,75.434296
1986-06-20 06:00:00,74.7968,65.7968,69.61055
1986-06-21 06:00:00,88.1168,66.246796,77.2493
1986-06-22 06:00:00,83.4368,72.636795,78.04805
1986-06-23 06:00:00,81.9068,65.0768,73.99429
1986-06-24 06:00:00,65.2568,55.2668,60.861797
1986-06-25 06:00:00,73.3568,53.3768,63.685555
1986-06-26 06:00:00,85.2368,61.4768,74.02055
1986-06-27 06:00:00,81.996796,71.5568,76.88555
1986-06-28 06:00:00,81.4568,70.2968,75.3668
1986-06-29 06:00:00,81.996796,64.1768,74.0018
1986-06-30 06:00:00,66.5168,60.6668,62.80055
1986-07-01 06:00:00,67.5068,62.1968,64.86305
1986-07-02 06:00:00,73.4468,63.276802,67.89305
1986-07-03 06:00:00,72.0068,61.1168,66.411804
1986-07-04 06:00:00,86.136795,65.6168,76.4543
1986-07-05 06:00:00,87.9368,74.5268,80.94679
1986-07-06 06:00:00,89.0168,74.166794,80.6768
1986-07-07 06:00:00,80.3768,71.8268,75.73805
1986-07-08 06:00:00,83.0768,70.4768,76.01555
1986-07-09 06:00:00,74.4368,66.066795,71.09555
1986-07-10 06:00:00,75.4268,64.4468,70.1318
1986-07-11 06:00:00,80.916794,69.4868,73.5968
1986-07-12 06:00:00,78.666794,69.0368,74.1593
1986-07-13 06:00:00,83.0768,66.6068,74.83054
1986-07-14 06:00:00,74.3468,65.5268,69.67805
1986-07-15 06:00:00,86.2268,66.9668,76.55931
1986-07-16 06:00:00,90.7268,75.6068,83.084305
1986-07-17 06:00:00,91.6268,75.9668,84.08555
1986-07-18 06:00:00,92.256805,75.5168,84.059296
1986-07-19 06:00:00,92.7968,75.7868,82.911804
1986-07-20 06:00:00,83.0768,71.3768,77.17805
1986-07-21 06:00:00,76.7768,68.9468,72.95555
1986-07-22 06:00:00,81.0968,68.4068,75.4418
1986-07-23 06:00:00,85.2368,69.666794,78.37055
1986-07-24 06:00:00,87.7568,72.7268,80.81555
1986-07-25 06:00:00,83.7968,73.0868,77.4368
1986-07-26 06:00:00,79.2968,70.4768,74.8418
1986-07-27 06:00:00,84.6068,65.7068,76.92305
1986-07-28 06:00:00,84.7868,70.2968,76.80305
1986-07-29 06:00:00,80.3768,67.9568,74.193054
1986-07-30 06:00:00,82.8968,65.4368,75.76055
1986-07-31 06:00:00,85.1468,69.3968,76.866806
1986-08-01 06:00:00,79.9268,67.6868,74.2043
1986-08-02 06:00:00,78.5768,65.886795,71.834305
1986-08-03 06:00:00,75.9668,61.7468,69.43805
1986-08-04 06:00:00,78.8468,62.646797,71.793045
1986-08-05 06:00:00,76.2368,65.0768,70.00805
1986-08-06 06:00:00,72.2768,66.8768,69.54305
1986-08-07 06:00:00,75.7868,65.6168,70.604294
1986-08-08 06:00:00,80.1068,65.9768,72.7943
1986-08-09 06:00:00,81.4568,63.5468,73.1318
1986-08-10 06:00:00,75.1568,67.0568,71.29805
1986-08-11 06:00:00,71.2868,60.4868,65.6768
1986-08-12 06:00:00,74.4368,56.1668,66.3218
1986-08-13 06:00:00,75.5168,60.5768,69.29555
1986-08-14 06:00:00,82.3568,65.7968,73.89304
1986-08-15 06:00:00,81.9068,68.7668,74.178055
1986-08-16 06:00:00,82.6268,67.3268,75.22055
1986-08-17 06:00:00,80.4668,65.166794,72.8618
1986-08-18 06:00:00,74.6168,65.3468,70.21055
1986-08-19 06:00:00,75.9668,64.6268,70.1018
1986-08-20 06:00:00,78.8468,65.3468,72.1118
1986-08-21 06:00:00,75.7868,62.736797,69.6593
1986-08-22 06:00:00,82.9868,65.5268,74.06555
1986-08-23 06:00:00,74.7968,66.9668,71.4368
1986-08-24 06:00:00,72.816795,62.1068,67.52555
1986-08-25 06:00:00,76.7768,62.286797,69.44555
1986-08-26 06:00:00,79.386795,65.7968,71.38429
1986-08-27 06:00:00,64.8968,54.0968,60.936802
1986-08-28 06:00:00,64.1768,50.7668,57.1343
1986-08-29 06:00:00,67.7768,49.9568,59.485554
1986-08-30 06:00:00,72.5468,53.8268,63.92555
1986-08-31 06:00:00,76.1468,59.4068,67.84805
1986-09-01 06:00:00,77.4068,58.9568,68.7293
1986-09-02 06:00:00,77.496796,59.2268,69.9518
1986-09-03 06:00:00,80.4668,66.246796,72.17555
1986-09-04 06:00:00,78.5768,64.3568,70.9793
1986-09-05 06:00:00,72.0068,59.0468,65.49306
1986-09-06 06:00:00,66.8768,55.5368,60.561802
1986-09-07 06:00:00,62.5568,50.8568,56.324303
1986-09-08 06:00:00,68.4068,47.6168,58.2668
1986-09-09 06:00:00,72.996796,49.776802,61.6043
1986-09-10 06:00:00,82.4468,66.246796,73.1693
1986-09-11 06:00:00,74.166794,64.3568,69.7193
1986-09-12 06:00:00,68.0468,58.146797,62.924297
1986-09-13 06:00:00,67.7768,55.6268,60.584297
1986-09-14 06:00:00,63.816795,56.1668,60.089302
1986-09-15 06:00:00,74.2568,58.2368,64.6118
1986-09-16 06:00:00,59.8568,52.7468,56.763046
1986-09-17 06:00:00,69.666794,52.5668,60.824303
1986-09-18 06:00:00,71.0168,62.5568,65.92055
1986-09-19 06:00:00,75.246796,64.4468,68.98805
1986-09-20 06:00:00,71.2868,65.166794,67.6193
1986-09-21 06:00:00,78.0368,63.5468,70.499306
1986-09-22 06:00:00,82.8068,68.2268,74.5718
1986-09-23 06:00:00,73.1768,64.4468,69.074295
1986-09-24 06:00:00,72.9068,61.9268,68.324295
1986-09-25 06:00:00,84.6068,69.5768,76.49555
1986-09-26 06:00:00,80.7368,72.1868,74.4218
1986-09-27 06:00:00,81.7268,70.386795,74.86055
1986-09-28 06:00:00,82.7168,67.8668,75.6818
1986-09-29 06:00:00,77.2268,68.6768,72.809296
1986-09-30 06:00:00,69.0368,61.3868,64.949295
1986-10-01 06:00:00,63.096798,60.0368,61.675552
1986-10-02 06:00:00,68.496796,60.2168,64.69055
1986-10-03 06:00:00,70.8368,63.3668,66.951805
1986-10-04 06:00:00,64.2668,51.756798,59.0318
1986-10-05 06:00:00,64.4468,49.9568,55.533047
1986-10-06 06:00:00,54.0968,43.8368,48.85055
1986-10-07 06:00:00,64.5368,44.2868,54.4868
1986-10-08 06:00:00,70.4768,55.8068,61.263054
1986-10-09 06:00:00,55.2668,49.4168,52.4243
1986-10-10 06:00:00,53.7368,47.0768,50.1218
1986-10-11 06:00:00,65.6168,48.1568,56.905552
1986-10-12 06:00:00,61.7468,50.3168,57.6743
1986-10-13 06:00:00,49.8668,41.0468,45.75305
1986-10-14 06:00:00,44.7368,37.7168,41.8643
1986-10-15 06:00:00,51.3068,38.7068,44.054302
1986-10-16 06:00:00,57.0668,40.2368,48.2618
1986-10-17 06:00:00,52.2068,47.436802,49.465553
1986-10-18 06:00:00,53.9168,46.7168,49.33055
1986-10-19 06:00:00,59.4968,41.4968,49.8968
1986-10-20 06:00:00,67.5968,44.5568,55.855553
1986-10-21 06:00:00,71.5568,53.9168,61.40555
1986-10-22 06:00:00,70.0268,52.5668,60.92555
1986-10-23 06:00:00,63.5468,55.1768,58.743046
1986-10-24 06:00:00,58.9568,54.006798,56.54555
1986-10-25 06:00:00,53.5568,50.7668,52.4693
1986-10-26 06:00:00,59.8568,52.2068,55.731804
1986-10-27 06:00:00,58.596798,48.6068,53.1743
1986-10-28 06:00:00,66.8768,47.256798,56.2568
1986-10-29 06:00:00,57.9668,49.5968,54.1343
1986-10-30 06:00:00,55.8968,42.2168,49.521797
1986-10-31 06:00:00,62.736797,45.3668,53.68055
1986-11-01 06:00:00,56.9768,45.276802,51.40055
1986-11-02 06:00:00,43.8368,34.9268,39.26555
1986-11-03 06:00:00,45.8168,33.0368,39.7343
1986-11-04 06:00:00,45.186802,41.136803,42.850555
1986-11-05 06:00:00,48.1568,42.1268,44.58305
1986-11-06 06:00:00,52.5668,37.0868,45.0218
1986-11-07 06:00:00,57.3368,47.7968,52.7243
1986-11-08 06:00:00,58.146797,45.9968,53.980553
1986-11-09 06:00:00,44.9168,29.4368,35.02055
1986-11-10 06:00:00,37.5368,25.386799,32.1143
1986-11-11 06:00:00,31.4168,24.2168,27.858051
1986-11-12 06:00:00,31.2368,14.6768,24.43805
1986-11-13 06:00:00,19.806799,9.816799,14.82305
1986-11-14 06:00:00,30.6968,14.226801,22.2893
1986-11-15 06:00:00,38.9768,27.1868,32.4518
1986-11-16 06:00:00,44.8268,30.1568,36.31055
1986-11-17 06:00:00,46.8068,32.5868,38.74055
1986-11-18 06:00:00,38.3468,33.2168,35.0918
1986-11-19 06:00:00,33.3968,27.9068,31.63805
1986-11-20 06:00:00,37.0868,32.8568,34.5068
1986-11-21 06:00:00,36.2768,28.0868,32.1743
1986-11-22 06:00:00,49.8668,30.8768,38.56805
1986-11-23 06:00:00,42.1268,34.4768,39.2993
1986-11-24 06:00:00,36.3668,28.4468,32.29805
1986-11-25 06:00:00,47.1668,30.6968,37.8743
1986-11-26 06:00:00,41.6768,34.8368,39.5468
1986-11-27 06:00:00,42.3968,30.9668,35.09555
1986-11-28 06:00:00,43.4768,30.1568,35.5418
1986-11-29 06:00:00,44.4668,29.2568,36.50555
1986-11-30 06:00:00,41.0468,36.1868,38.95805
1986-12-01 06:00:00,38.8868,34.1168,36.13805
1986-12-02 06:00:00,42.0368,35.4668,38.69555
1986-12-03 06:00:00,35.3768,29.9768,32.53805
1986-12-04 06:00:00,30.6968,25.2968,28.754301
1986-12-05 06:00:00,30.8768,20.7968,25.79555
1986-12-06 06:00:00,37.0868,27.636799,33.61055
1986-12-07 06:00:00,39.0668,33.5768,35.6018
1986-12-08 06:00:00,38.9768,34.2068,36.6293
1986-12-09 06:00:00,38.7068,18.456799,31.90055
1986-12-10 06:00:00,17.826801,11.1668,14.52305
1986-12-11 06:00:00,30.6968,13.4168,22.6868
1986-12-12 06:00:00,23.4068,9.456799,15.80555
1986-12-13 06:00:00,24.1268,8.736801,16.683052
1986-12-14 06:00:00,42.1268,22.5968,32.23055
1986-12-15 06:00:00,42.9368,25.9268,32.9543
1986-12-16 06:00:00,40.506798,33.4868,36.0818
1986-12-17 06:00:00,40.2368,31.6868,36.194298
1986-12-18 06:00:00,35.3768,28.1768,31.1318
1986-12-19 06:00:00,39.2468,26.916801,31.27055
1986-12-20 06:00:00,38.3468,26.646801,31.8818
1986-12-21 06:00:00,36.7268,26.736801,31.08305
1986-12-22 06:00:00,37.9868,26.916801,31.521801
1986-12-23 06:00:00,35.7368,28.6268,30.9518
1986-12-24 06:00:00,35.3768,30.6968,32.6093
1986-12-25 06:00:00,33.9368,29.1668,31.12055
1986-12-26 06:00:00,34.5668,28.0868,30.74555
1986-12-27 06:00:00,35.1968,27.5468,30.85055
1986-12-28 06:00:00,38.4368,26.1068,30.69305
1986-12-29 06:00:00,34.3868,28.7168,31.28555
1986-12-30 06:00:00,36.3668,29.3468,32.95805
1986-12-31 06:00:00,34.1168,30.2468,31.67555
1987-01-01 06:00:00,34.026802,29.3468,31.3118
1987-01-02 06:00:00,35.3768,29.9768,31.9043
1987-01-03 06:00:00,34.8368,25.6568,30.3893
1987-01-04 06:00:00,34.8368,21.5168,29.2643
1987-01-05 06:00:00,36.9068,25.7468,31.30055
1987-01-06 06:00:00,46.5368,31.9568,37.89305
1987-01-07 06:00:00,35.7368,30.1568,33.89555
1987-01-08 06:00:00,30.4268,27.4568,29.0918
1987-01-09 06:00:00,31.0568,24.5768,27.69305
1987-01-10 06:00:00,34.2968,29.7068,32.05805
1987-01-11 06:00:00,29.7068,23.3168,26.0918
1987-01-12 06:00:00,38.2568,24.0368,30.633049
1987-01-13 06:00:00,39.5168,22.236801,31.26305
1987-01-14 06:00:00,43.1168,34.1168,37.9418
1987-01-15 06:00:00,37.9868,29.5268,33.9068
1987-01-16 06:00:00,30.5168,25.2968,27.198051
1987-01-17 06:00:00,30.0668,26.3768,27.8768
1987-01-18 06:00:00,27.726799,16.1168,23.4818
1987-01-19 06:00:00,27.5468,21.2468,25.0568
1987-01-20 06:00:00,24.396801,15.8468,20.68055
1987-01-21 06:00:00,28.0868,14.046801,21.205551
1987-01-22 06:00:00,28.1768,11.706799,22.994299
1987-01-23 06:00:00,10.1768,-1.9731979,3.9367943
1987-01-24 06:00:00,11.706799,0.1867981,5.016796
1987-01-25 06:00:00,16.7468,-4.853203,7.5968018
1987-01-26 06:00:00,24.306799,9.726801,16.0568
1987-01-27 06:00:00,22.7768,9.2768,16.176802
1987-01-28 06:00:00,29.7068,21.6068,25.4018
1987-01-29 06:00:00,33.2168,23.9468,29.421799
1987-01-30 06:00:00,32.2268,29.7968,31.08305
1987-01-31 06:00:00,34.3868,20.706799,28.7168
1987-02-01 06:00:00,45.186802,33.2168,38.249302
1987-02-02 06:00:00,49.776802,22.956799,36.1493
1987-02-03 06:00:00,38.8868,26.916801,33.9743
1987-02-04 06:00:00,38.9768,23.0468,29.86055
1987-02-05 06:00:00,37.3568,22.956799,29.27555
1987-02-06 06:00:00,47.256798,28.0868,35.8193
1987-02-07 06:00:00,49.3268,29.7068,38.7968
1987-02-08 06:00:00,44.4668,20.8868,28.20305
1987-02-09 06:00:00,35.1068,19.806799,26.83055
1987-02-10 06:00:00,39.5168,26.1068,31.24805
1987-02-11 06:00:00,45.9968,26.4668,34.4393
1987-02-12 06:00:00,38.9768,25.5668,33.61055
1987-02-13 06:00:00,39.8768,26.1068,32.3843
1987-02-14 06:00:00,33.8468,25.2068,30.98555
1987-02-15 06:00:00,24.0368,18.9068,21.149302
1987-02-16 06:00:00,24.6668,16.3868,20.7068
1987-02-17 06:00:00,31.1468,22.7768,26.80805
1987-02-18 06:00:00,35.0168,23.6768,27.98555
1987-02-19 06:00:00,38.7068,22.5068,29.0168
1987-02-20 06:00:00,42.576797,22.7768,31.7243
1987-02-21 06:00:00,43.8368,30.2468,36.2018
1987-02-22 06:00:00,44.1968,30.6068,36.8918
1987-02-23 06:00:00,39.7868,26.8268,31.8818
1987-02-24 06:00:00,37.3568,24.6668,31.1768
1987-02-25 06:00:00,39.3368,29.8868,33.7043
1987-02-26 06:00:00,38.8868,27.9968,33.26555
1987-02-27 06:00:00,40.1468,30.9668,35.54555
1987-02-28 06:00:00,41.5868,35.6468,37.57055
1987-03-01 06:00:00,48.6068,32.3168,40.3043
1987-03-02 06:00:00,49.686802,29.7068,38.6093
1987-03-03 06:00:00,42.1268,28.3568,33.7043
1987-03-04 06:00:00,46.8068,27.726799,38.0168
1987-03-05 06:00:00,46.3568,35.5568,40.51055
1987-03-06 06:00:00,58.146797,29.9768,44.3918
1987-03-07 06:00:00,67.6868,44.1968,53.9543
1987-03-08 06:00:00,67.0568,33.3068,51.603054
1987-03-09 06:00:00,32.4068,22.4168,25.9718
1987-03-10 06:00:00,27.0068,21.6968,24.69305
1987-03-11 06:00:00,31.7768,23.0468,26.9618
1987-03-12 06:00:00,40.2368,22.236801,31.64555
1987-03-13 06:00:00,39.4268,30.2468,34.22555
1987-03-14 06:00:00,40.1468,33.0368,35.2568
1987-03-15 06:00:00,36.5468,30.2468,33.01805
1987-03-16 06:00:00,39.6068,28.2668,33.5318
1987-03-17 06:00:00,41.6768,28.6268,35.18555
1987-03-18 06:00:00,44.7368,33.7568,38.28305
1987-03-19 06:00:00,45.9968,35.6468,39.0968
1987-03-20 06:00:00,47.436802,28.3568,37.99055
1987-03-21 06:00:00,51.756798,28.1768,39.6068
1987-03-22 06:00:00,52.9268,37.3568,43.521797
1987-03-23 06:00:00,59.4068,38.6168,48.2618
1987-03-24 06:00:00,63.3668,43.2068,51.663048
1987-03-25 06:00:00,51.0368,42.756798,46.75055
1987-03-26 06:00:00,54.4568,44.0168,47.886803
1987-03-27 06:00:00,47.886803,40.5968,43.60055
1987-03-28 06:00:00,48.5168,37.2668,41.9918
1987-03-29 06:00:00,56.3468,29.3468,41.793053
1987-03-30 06:00:00,34.2068,25.2968,29.41805
1987-03-31 06:00:00,37.9868,25.386799,31.59305
1987-04-01 06:00:00,52.2068,29.6168,39.8168
1987-04-02 06:00:00,37.1768,27.9068,31.90805
1987-04-03 06:00:00,35.6468,25.5668,30.9068
1987-04-04 06:00:00,42.9368,29.5268,36.0368
1987-04-05 06:00:00,45.0968,36.5468,40.206802
1987-04-06 06:00:00,49.0568,38.7068,43.39055
1987-04-07 06:00:00,54.4568,38.1668,44.39555
1987-04-08 06:00:00,49.2368,34.8368,40.90055
1987-04-09 06:00:00,63.006798,28.6268,47.3093
1987-04-10 06:00:00,67.2368,42.9368,54.130554
1987-04-11 06:00:00,58.2368,44.4668,49.14305
1987-04-12 06:00:00,51.936802,38.1668,45.6518
1987-04-13 06:00:00,56.436802,37.8068,47.343052
1987-04-14 06:00:00,52.2068,46.8068,49.4693
1987-04-15 06:00:00,54.8168,45.006798,48.3293
1987-04-16 06:00:00,54.636803,45.006798,47.973053
1987-04-17 06:00:00,59.8568,43.7468,50.511803
1987-04-18 06:00:00,71.0168,42.756798,57.4043
1987-04-19 06:00:00,70.566795,50.9468,60.92555
1987-04-20 06:00:00,78.3968,55.5368,66.843056
1987-04-21 06:00:00,63.006798,43.7468,51.12305
1987-04-22 06:00:00,52.2968,45.276802,49.293053
1987-04-23 06:00:00,55.7168,45.006798,50.241802
1987-04-24 06:00:00,52.026802,41.4068,46.3418
1987-04-25 06:00:00,57.6968,39.9668,48.186802
1987-04-26 06:00:00,63.006798,44.4668,53.4518
1987-04-27 06:00:00,64.6268,47.7968,55.88555
1987-04-28 06:00:00,60.9368,43.9268,52.77305
1987-04-29 06:00:00,76.3268,45.8168,59.924297
1987-04-30 06:00:00,49.1468,40.506798,44.35805
1987-05-01 06:00:00,58.776802,40.506798,49.098053
1987-05-02 06:00:00,56.9768,46.7168,51.5243
1987-05-03 06:00:00,50.9468,45.9968,48.663048
1987-05-04 06:00:00,54.636803,41.6768,48.0293
1987-05-05 06:00:00,59.0468,39.9668,50.2568
1987-05-06 06:00:00,71.1068,39.6968,57.678055
1987-05-07 06:00:00,64.1768,50.136803,56.86055
1987-05-08 06:00:00,68.2268,45.9068,58.16555
1987-05-09 06:00:00,78.1268,55.7168,67.3493
1987-05-10 06:00:00,82.0868,63.1868,72.25055
1987-05-11 06:00:00,82.2668,53.5568,71.24555
1987-05-12 06:00:00,55.4468,47.7968,51.29555
1987-05-13 06:00:00,71.1068,48.3368,60.13055
1987-05-14 06:00:00,81.7268,57.8768,70.4843
1987-05-15 06:00:00,61.9268,48.8768,56.9318
1987-05-16 06:00:00,77.496796,47.3468,64.0643
1987-05-17 06:00:00,85.0568,59.7668,73.2893
1987-05-18 06:00:00,74.7968,58.776802,66.794304
1987-05-19 06:00:00,75.6068,60.846798,68.2193
1987-05-20 06:00:00,70.8368,59.6768,64.04555
1987-05-21 06:00:00,84.6068,63.7268,75.64805
1987-05-22 06:00:00,71.8268,60.396797,67.4393
1987-05-23 06:00:00,60.0368,51.8468,56.560555
1987-05-24 06:00:00,58.776802,50.0468,53.6468
1987-05-25 06:00:00,66.1568,53.1068,61.236805
1987-05-26 06:00:00,83.4368,63.9968,74.03555
1987-05-27 06:00:00,85.5068,68.496796,76.92305
1987-05-28 06:00:00,84.1568,70.8368,77.538055
1987-05-29 06:00:00,85.6868,70.1168,77.83806
1987-05-30 06:00:00,82.8068,69.3068,74.639305
1987-05-31 06:00:00,84.5168,66.7868,75.5018
1987-06-01 06:00:00,81.7268,69.4868,74.74805
1987-06-02 06:00:00,77.6768,67.3268,72.2318
1987-06-03 06:00:00,75.6968,63.816795,69.41555
1987-06-04 06:00:00,70.386795,56.7068,63.2918
1987-06-05 06:00:00,80.916794,56.436802,68.88305
1987-06-06 06:00:00,82.1768,62.646797,73.030556
1987-06-07 06:00:00,85.7768,66.066795,76.60055
1987-06-08 06:00:00,84.7868,64.5368,75.72305
1987-06-09 06:00:00,63.9968,57.3368,60.6743
1987-06-10 06:00:00,70.8368,55.2668,63.9893
1987-06-11 06:00:00,79.8368,63.096798,71.6018
1987-06-12 06:00:00,87.666794,69.9368,78.1943
1987-06-13 06:00:00,88.2068,66.066795,78.2543
1987-06-14 06:00:00,95.5868,70.8368,83.45555
1987-06-15 06:00:00,79.386795,68.2268,75.010544
1987-06-16 06:00:00,85.0568,67.7768,76.17305
1987-06-17 06:00:00,89.7368,65.886795,78.67805
1987-06-18 06:00:00,91.1768,72.0068,82.23306
1987-06-19 06:00:00,88.566795,71.8268,80.9993
1987-06-20 06:00:00,79.746796,72.9068,75.3893
1987-06-21 06:00:00,80.5568,70.6568,74.78555
1987-06-22 06:00:00,74.7968,67.5968,71.3768
1987-06-23 06:00:00,79.746796,64.3568,73.2368
1987-06-24 06:00:00,85.5068,66.4268,77.3318
1987-06-25 06:00:00,80.1068,69.4868,73.51805
1987-06-26 06:00:00,75.246796,64.3568,69.9743
1987-06-27 06:00:00,69.666794,59.4968,65.15555
1987-06-28 06:00:00,80.4668,60.9368,71.18555
1987-06-29 06:00:00,81.636795,66.7868,73.638054
1987-06-30 06:00:00,72.996796,67.5968,70.3643
1987-07-01 06:00:00,74.2568,67.8668,70.64555
1987-07-02 06:00:00,80.4668,63.9068,72.5243
1987-07-03 06:00:00,84.066795,69.1268,76.105545
1987-07-04 06:00:00,75.6068,68.496796,72.07055
1987-07-05 06:00:00,76.5968,67.7768,72.186806
1987-07-06 06:00:00,84.5168,69.5768,74.815544
1987-07-07 06:00:00,84.6068,69.0368,76.833046
1987-07-08 06:00:00,88.2068,72.0968,78.85805
1987-07-09 06:00:00,87.3968,74.3468,79.968056
1987-07-10 06:00:00,90.0968,74.7968,81.2993
1987-07-11 06:00:00,89.8268,74.3468,82.23306
1987-07-12 06:00:00,86.94679,74.166794,79.57805
1987-07-13 06:00:00,76.1468,65.2568,71.47805
1987-07-14 06:00:00,70.746796,61.2968,65.89055
1987-07-15 06:00:00,68.2268,60.2168,63.453053
1987-07-16 06:00:00,75.8768,60.2168,68.5568
1987-07-17 06:00:00,87.666794,65.7068,76.97555
1987-07-18 06:00:00,88.0268,71.4668,80.45555
1987-07-19 06:00:00,91.0868,74.9768,82.69055
1987-07-20 06:00:00,90.006805,76.6868,82.00055
1987-07-21 06:00:00,91.356804,75.4268,83.605545
1987-07-22 06:00:00,88.566795,73.4468,82.113045
1987-07-23 06:00:00,91.1768,75.6968,83.86806
1987-07-24 06:00:00,91.4468,76.6868,83.8643
1987-07-25 06:00:00,90.2768,76.6868,83.1443
1987-07-26 06:00:00,84.066795,73.8068,78.5243
1987-07-27 06:00:00,82.2668,71.5568,76.458046
1987-07-28 06:00:00,84.6068,68.136795,77.6168
1987-07-29 06:00:00,89.9168,72.3668,79.1543
1987-07-30 06:00:00,86.0468,72.816795,79.02305
1987-07-31 06:00:00,87.7568,73.8068,80.2418
1987-08-01 06:00:00,91.5368,73.2668,82.69055
1987-08-02 06:00:00,90.7268,77.0468,83.72179
1987-08-03 06:00:00,91.6268,73.7168,83.440544
1987-08-04 06:00:00,81.0968,67.5968,75.036804
1987-08-05 06:00:00,73.9868,65.9768,69.4643
1987-08-06 06:00:00,82.7168,64.6268,74.86055
1987-08-07 06:00:00,86.4068,70.2968,77.684296
1987-08-08 06:00:00,76.5068,71.0168,73.54805
1987-08-09 06:00:00,77.9468,70.2968,74.39555
1987-08-10 06:00:00,76.3268,66.7868,71.7968
1987-08-11 06:00:00,78.1268,68.2268,73.559296
1987-08-12 06:00:00,81.1868,67.6868,75.006805
1987-08-13 06:00:00,85.6868,67.9568,77.60555
1987-08-14 06:00:00,82.0868,73.9868,77.3243
1987-08-15 06:00:00,88.2068,74.7968,80.725555
1987-08-16 06:00:00,89.646805,73.8068,82.57431
1987-08-17 06:00:00,81.7268,70.746796,75.9893
1987-08-18 06:00:00,77.136795,67.2368,72.50929
1987-08-19 06:00:00,77.6768,64.0868,71.1668
1987-08-20 06:00:00,82.4468,63.276802,74.36931
1987-08-21 06:00:00,89.19679,70.4768,79.480545
1987-08-22 06:00:00,80.1068,65.2568,72.64055
1987-08-23 06:00:00,69.3068,60.756798,64.7093
1987-08-24 06:00:00,69.2168,58.8668,64.263054
1987-08-25 06:00:00,62.466797,57.7868,60.11555
1987-08-26 06:00:00,66.4268,60.0368,63.453056
1987-08-27 06:00:00,67.5968,64.6268,65.740555
1987-08-28 06:00:00,67.1468,59.9468,64.4543
1987-08-29 06:00:00,74.2568,55.4468,65.32055
1987-08-30 06:00:00,79.0268,63.006798,69.2018
1987-08-31 06:00:00,69.3068,58.3268,63.828056
1987-09-01 06:00:00,72.0968,53.4668,63.471794
1987-09-02 06:00:00,66.066795,59.0468,63.25805
1987-09-03 06:00:00,69.1268,56.7068,63.37805
1987-09-04 06:00:00,77.0468,58.2368,67.69805
1987-09-05 06:00:00,81.816795,63.6368,72.7343
1987-09-06 06:00:00,84.066795,65.9768,74.380554
1987-09-07 06:00:00,76.8668,66.5168,70.8893
1987-09-08 06:00:00,75.6068,65.166794,69.460556
1987-09-09 06:00:00,74.166794,60.9368,67.349304
1987-09-10 06:00:00,77.316795,59.6768,69.1343
1987-09-11 06:00:00,77.0468,64.3568,70.630554
1987-09-12 06:00:00,74.7968,60.4868,66.80554
1987-09-13 06:00:00,69.5768,54.9068,62.946804
1987-09-14 06:00:00,73.1768,55.8068,65.950554
1987-09-15 06:00:00,75.7868,64.3568,69.10055
1987-09-16 06:00:00,71.2868,67.1468,68.6243
1987-09-17 06:00:00,67.2368,65.6168,66.7418
1987-09-18 06:00:00,69.2168,61.026802,65.86055
1987-09-19 06:00:00,67.1468,54.5468,60.2843
1987-09-20 06:00:00,62.5568,53.4668,56.598053
1987-09-21 06:00:00,63.5468,51.0368,56.511803
1987-09-22 06:00:00,63.096798,55.5368,59.151802
1987-09-23 06:00:00,70.386795,54.636803,61.95305
1987-09-24 06:00:00,65.0768,55.7168,60.014305
1987-09-25 06:00:00,65.7068,51.3068,58.548054
1987-09-26 06:00:00,75.7868,52.1168,63.670555
1987-09-27 06:00:00,80.2868,64.6268,70.8668
1987-09-28 06:00:00,78.3068,64.1768,69.61055
1987-09-29 06:00:00,66.246796,59.2268,63.201797
1987-09-30 06:00:00,62.1068,52.026802,57.524303
1987-10-01 06:00:00,67.416794,46.1768,58.341805
1987-10-02 06:00:00,60.846798,43.9268,49.754303
1987-10-03 06:00:00,50.5868,39.7868,45.179302
1987-10-04 06:00:00,63.006798,41.4968,52.1693
1987-10-05 06:00:00,63.7268,52.8368,57.5918
1987-10-06 06:00:00,54.5468,43.4768,49.90055
1987-10-07 06:00:00,48.1568,41.5868,44.44055
1987-10-08 06:00:00,52.2068,36.9068,45.449303
1987-10-09 06:00:00,57.3368,47.526802,51.464302
1987-10-10 06:00:00,49.9568,41.9468,45.9593
1987-10-11 06:00:00,46.5368,38.0768,41.691803
1987-10-12 06:00:00,54.0968,34.4768,43.93805
1987-10-13 06:00:00,59.3168,39.9668,49.2293
1987-10-14 06:00:00,61.566795,45.5468,52.5443
1987-10-15 06:00:00,67.1468,49.4168,57.22805
1987-10-16 06:00:00,66.246796,51.936802,58.29305
1987-10-17 06:00:00,56.886803,47.886803,51.58805
1987-10-18 06:00:00,62.916798,43.2968,52.300552
1987-10-19 06:00:00,53.2868,47.6168,50.41055
1987-10-20 06:00:00,52.8368,38.6168,44.7593
1987-10-21 06:00:00,43.1168,35.6468,39.5243
1987-10-22 06:00:00,51.4868,37.6268,43.386803
1987-10-23 06:00:00,45.006798,34.9268,39.843052
1987-10-24 06:00:00,45.8168,37.6268,42.216797
1987-10-25 06:00:00,49.0568,35.6468,42.490547
1987-10-26 06:00:00,52.1168,38.7068,45.4118
1987-10-27 06:00:00,50.9468,38.7968,44.03555
1987-10-28 06:00:00,44.9168,34.8368,40.20305
1987-10-29 06:00:00,51.936802,34.7468,43.1843
1987-10-30 06:00:00,63.7268,39.5168,49.405552
1987-10-31 06:00:00,54.276802,45.3668,50.039303
1987-11-01 06:00:00,65.9768,53.4668,59.4218
1987-11-02 06:00:00,65.9768,57.6068,61.52555
1987-11-03 06:00:00,72.0068,57.6068,64.9418
1987-11-04 06:00:00,65.4368,50.2268,60.0743
1987-11-05 06:00:00,48.8768,38.2568,43.3343
1987-11-06 06:00:00,47.0768,33.9368,41.208054
1987-11-07 06:00:00,54.5468,39.0668,47.061802
1987-11-08 06:00:00,57.5168,42.756798,50.245552
1987-11-09 06:00:00,42.1268,35.9168,38.4293
1987-11-10 06:00:00,39.2468,34.2068,36.194298
1987-11-11 06:00:00,42.4868,32.5868,36.87305
1987-11-12 06:00:00,52.4768,33.2168,41.66555
1987-11-13 06:00:00,55.8068,38.7968,46.3343
1987-11-14 06:00:00,54.186802,40.6868,46.593052
1987-11-15 06:00:00,57.6968,41.5868,50.55305
1987-11-16 06:00:00,58.146797,51.3068,54.83555
1987-11-17 06:00:00,61.9268,41.6768,53.01305
1987-11-18 06:00:00,42.756798,33.0368,38.80805
1987-11-19 06:00:00,43.6568,31.8668,36.96305
1987-11-20 06:00:00,32.7668,26.4668,29.18555
1987-11-21 06:00:00,32.2268,22.956799,27.62555
1987-11-22 06:00:00,48.6968,28.6268,39.03305
1987-11-23 06:00:00,51.2168,39.9668,45.175552
1987-11-24 06:00:00,43.2068,35.3768,39.82055
1987-11-25 06:00:00,41.3168,40.1468,40.6268
1987-11-26 06:00:00,40.5968,36.8168,38.9618
1987-11-27 06:00:00,41.3168,38.5268,40.06055
1987-11-28 06:00:00,50.5868,41.6768,46.06805
1987-11-29 06:00:00,44.7368,35.7368,39.7643
1987-11-30 06:00:00,40.4168,33.9368,37.81805
1987-12-01 06:00:00,36.4568,30.4268,32.93555
1987-12-02 06:00:00,33.6668,26.916801,30.54305
1987-12-03 06:00:00,36.4568,27.1868,32.4668
1987-12-04 06:00:00,31.6868,25.2968,27.45305
1987-12-05 06:00:00,32.4068,22.236801,27.43805
1987-12-06 06:00:00,35.4668,25.476799,31.94555
1987-12-07 06:00:00,39.8768,33.0368,36.45305
1987-12-08 06:00:00,51.4868,40.2368,45.82055
1987-12-09 06:00:00,52.1168,38.7968,44.74055
1987-12-10 06:00:00,39.6068,33.9368,36.73805
1987-12-11 06:00:00,45.9968,36.9068,40.8368
1987-12-12 06:00:00,39.7868,31.1468,35.2643
1987-12-13 06:00:00,35.5568,29.6168,32.3918
1987-12-14 06:00:00,33.2168,28.9868,31.70555
1987-12-15 06:00:00,34.3868,27.4568,31.68305
1987-12-16 06:00:00,28.4468,22.146801,26.4593
1987-12-17 06:00:00,25.0268,10.086802,18.57305
1987-12-18 06:00:00,30.2468,10.986801,21.94055
1987-12-19 06:00:00,37.7168,29.0768,32.93555
1987-12-20 06:00:00,38.7068,24.7568,32.718052
1987-12-21 06:00:00,35.9168,23.7668,29.264301
1987-12-22 06:00:00,38.7968,28.8068,33.9593
1987-12-23 06:00:00,37.6268,28.1768,33.0743
1987-12-24 06:00:00,51.0368,36.5468,43.2218
1987-12-25 06:00:00,36.0968,30.4268,33.1343
1987-12-26 06:00:00,33.1268,25.0268,29.3918
1987-12-27 06:00:00,35.1068,24.5768,30.775549
1987-12-28 06:00:00,33.8468,31.6868,32.6468
1987-12-29 06:00:00,31.4168,25.7468,28.75805
1987-12-30 06:00:00,33.7568,11.886801,24.62555
1987-12-31 06:00:00,35.3768,11.5268,24.7418
1988-01-01 06:00:00,10.086802,0.27680016,3.7605534
1988-01-02 06:00:00,23.1368,0.45679855,12.115551
1988-01-03 06:00:00,28.2668,16.836802,21.97805
1988-01-04 06:00:00,15.126801,-8.363201,4.8592987
1988-01-05 06:00:00,-5.6632004,-12.953201,-9.360695
1988-01-06 06:00:00,-1.7932014,-14.843201,-8.978203
1988-01-07 06:00:00,11.2568,-11.513203,0.75305176
1988-01-08 06:00:00,14.586802,-8.723198,3.5730476
1988-01-09 06:00:00,9.456799,-5.9332047,3.1305485
1988-01-10 06:00:00,9.3668,-14.483204,-0.99445343
1988-01-11 06:00:00,31.0568,10.1768,23.3468
1988-01-12 06:00:00,40.0568,17.556799,32.5568
1988-01-13 06:00:00,18.5468,5.8568,10.979303
1988-01-14 06:00:00,20.2568,1.0867977,12.198051
1988-01-15 06:00:00,36.2768,18.456799,26.6768
1988-01-16 06:00:00,47.1668,30.6968,39.20555
1988-01-17 06:00:00,42.9368,32.5868,37.6118
1988-01-18 06:00:00,40.0568,28.3568,32.66555
1988-01-19 06:00:00,42.1268,30.1568,34.2068
1988-01-20 06:00:00,41.2268,27.4568,33.37055
1988-01-21 06:00:00,27.9968,22.8668,25.3418
1988-01-22 06:00:00,30.1568,25.2068,27.5018
1988-01-23 06:00:00,29.0768,17.826801,24.88805
1988-01-24 06:00:00,31.4168,18.0068,23.90555
1988-01-25 06:00:00,24.486801,8.0168,15.4117985
1988-01-26 06:00:00,15.216801,5.136801,10.623051
1988-01-27 06:00:00,18.456799,-5.033203,8.6167965
1988-01-28 06:00:00,23.9468,8.736801,17.530552
1988-01-29 06:00:00,51.8468,22.3268,37.58555
1988-01-30 06:00:00,56.9768,46.3568,51.05555
1988-01-31 06:00:00,52.9268,31.5968,46.011803
1988-02-01 06:00:00,31.9568,23.6768,28.7768
1988-02-02 06:00:00,23.4068,18.9968,21.0743
1988-02-03 06:00:00,29.3468,22.056799,24.9368
1988-02-04 06:00:00,21.1568,12.7868,16.9343
1988-02-05 06:00:00,11.1668,0.1867981,4.3942986
1988-02-06 06:00:00,9.636801,-2.153202,2.4892979
1988-02-07 06:00:00,27.636799,5.6768,17.811802
1988-02-08 06:00:00,22.5968,4.9567986,14.8643
1988-02-09 06:00:00,23.8568,12.6068,17.80055
1988-02-10 06:00:00,21.3368,12.876801,15.974302
1988-02-11 06:00:00,16.5668,4.5067997,13.094299
1988-02-12 06:00:00,12.876801,-3.0531998,3.8017979
1988-02-13 06:00:00,16.6568,-4.853203,5.346798
1988-02-14 06:00:00,40.6868,10.086802,30.9068
1988-02-15 06:00:00,36.7268,17.556799,23.2868
1988-02-16 06:00:00,35.4668,9.636801,24.978048
1988-02-17 06:00:00,36.7268,18.456799,27.1043
1988-02-18 06:00:00,40.2368,19.4468,28.765549
1988-02-19 06:00:00,35.9168,24.0368,31.2368
1988-02-20 06:00:00,33.3968,9.186802,23.88305
1988-02-21 06:00:00,30.1568,0.5467987,17.736801
1988-02-22 06:00:00,51.3068,31.1468,39.83555
1988-02-23 06:00:00,32.0468,20.7968,26.38805
1988-02-24 06:00:00,27.0968,19.086802,22.8293
1988-02-25 06:00:00,28.6268,14.316799,21.366798
1988-02-26 06:00:00,54.006798,22.5968,37.39055
1988-02-27 06:00:00,36.5468,23.6768,28.72055
1988-02-28 06:00:00,48.2468,22.3268,34.4168
1988-02-29 06:00:00,47.0768,26.2868,36.70805
1988-03-01 06:00:00,48.6068,22.6868,35.30555
1988-03-02 06:00:00,40.506798,22.236801,33.5018
1988-03-03 06:00:00,23.6768,16.9268,20.17805
1988-03-04 06:00:00,30.0668,17.2868,23.78555
1988-03-05 06:00:00,42.0368,21.2468,31.2443
1988-03-06 06:00:00,50.136803,26.3768,37.47305
1988-03-07 06:00:00,51.5768,29.7068,40.9343
1988-03-08 06:00:00,57.3368,41.4968,47.898052
1988-03-09 06:00:00,42.2168,29.7968,37.3043
1988-03-10 06:00:00,41.7668,24.7568,32.48555
1988-03-11 06:00:00,55.5368,30.1568,42.7268
1988-03-12 06:00:00,51.4868,30.2468,45.036797
1988-03-13 06:00:00,30.9668,24.306799,27.95555
1988-03-14 06:00:00,29.9768,21.6968,25.25555
1988-03-15 06:00:00,30.7868,19.2668,25.484299
1988-03-16 06:00:00,38.0768,26.2868,31.86305
1988-03-17 06:00:00,40.4168,24.6668,32.9618
1988-03-18 06:00:00,41.0468,29.0768,34.32305
1988-03-19 06:00:00,40.326797,26.2868,33.1568
1988-03-20 06:00:00,30.3368,18.456799,24.2843
1988-03-21 06:00:00,31.1468,20.2568,25.4918
1988-03-22 06:00:00,54.276802,25.8368,40.6793
1988-03-23 06:00:00,63.276802,41.136803,55.69805
1988-03-24 06:00:00,66.066795,36.3668,53.223053
1988-03-25 06:00:00,61.026802,44.7368,53.5643
1988-03-26 06:00:00,46.9868,33.7568,41.1143
1988-03-27 06:00:00,44.5568,27.9968,35.17805
1988-03-28 06:00:00,59.3168,33.9368,46.2293
1988-03-29 06:00:00,59.7668,33.6668,44.519302
1988-03-30 06:00:00,43.4768,29.5268,34.9718
1988-03-31 06:00:00,46.3568,22.5968,36.5393
1988-04-01 06:00:00,42.1268,37.1768,39.464302
1988-04-02 06:00:00,60.3068,41.8568,52.18805
1988-04-03 06:00:00,59.3168,47.886803,53.35055
1988-04-04 06:00:00,66.4268,45.006798,56.050552
1988-04-05 06:00:00,77.4068,52.4768,64.7918
1988-04-06 06:00:00,60.396797,40.5968,47.2118
1988-04-07 06:00:00,55.2668,40.0568,46.7618
1988-04-08 06:00:00,58.3268,34.6568,46.05305
1988-04-09 06:00:00,61.4768,38.8868,48.708054
1988-04-10 06:00:00,45.3668,39.3368,42.464302
1988-04-11 06:00:00,47.7968,37.9868,42.01805
1988-04-12 06:00:00,52.2068,37.8968,44.3693
1988-04-13 06:00:00,66.8768,33.1268,52.0643
1988-04-14 06:00:00,54.4568,38.1668,44.669304
1988-04-15 06:00:00,47.526802,34.5668,40.326797
1988-04-16 06:00:00,57.4268,33.9368,46.030552
1988-04-17 06:00:00,69.7568,44.0168,54.2393
1988-04-18 06:00:00,47.7968,36.2768,41.4818
1988-04-19 06:00:00,48.4268,30.9668,40.90055
1988-04-20 06:00:00,50.4068,36.7268,44.50805
1988-04-21 06:00:00,48.6068,31.5068,40.600548
1988-04-22 06:00:00,47.7968,39.6068,42.94805
1988-04-23 06:00:00,49.5968,41.4068,45.2093
1988-04-24 06:00:00,50.4968,35.7368,43.559303
1988-04-25 06:00:00,63.5468,37.9868,51.78305
1988-04-26 06:00:00,51.6668,41.8568,46.61555
1988-04-27 06:00:00,43.2968,37.5368,39.779297
1988-04-28 06:00:00,56.256798,37.1768,45.09305
1988-04-29 06:00:00,60.846798,34.2968,46.8293
1988-04-30 06:00:00,61.3868,35.4668,48.419304
1988-05-01 06:00:00,60.846798,36.1868,49.116802
1988-05-02 06:00:00,66.4268,39.6068,53.264297
1988-05-03 06:00:00,63.1868,45.5468,53.121803
1988-05-04 06:00:00,59.4068,40.0568,50.590553
1988-05-05 06:00:00,63.096798,43.1168,54.640553
1988-05-06 06:00:00,66.6968,47.3468,56.673046
1988-05-07 06:00:00,75.8768,43.1168,62.4893
1988-05-08 06:00:00,78.7568,61.2968,68.451805
1988-05-09 06:00:00,65.9768,55.9868,59.60555
1988-05-10 06:00:00,60.396797,47.1668,56.875553
1988-05-11 06:00:00,66.9668,44.1968,56.1143
1988-05-12 06:00:00,76.5068,54.3668,66.4943
1988-05-13 06:00:00,68.9468,44.7368,55.4543
1988-05-14 06:00:00,71.6468,43.2068,58.848045
1988-05-15 06:00:00,79.746796,61.4768,69.33305
1988-05-16 06:00:00,63.1868,47.7968,56.19305
1988-05-17 06:00:00,58.3268,45.8168,51.186802
1988-05-18 06:00:00,63.9068,45.3668,54.94805
1988-05-19 06:00:00,68.6768,48.1568,58.81431
1988-05-20 06:00:00,70.8368,50.9468,60.910545
1988-05-21 06:00:00,73.1768,52.1168,61.0943
1988-05-22 06:00:00,74.3468,54.3668,63.558052
1988-05-23 06:00:00,62.736797,54.5468,57.82055
1988-05-24 06:00:00,57.8768,44.2868,52.413048
1988-05-25 06:00:00,58.4168,42.756798,50.324303
1988-05-26 06:00:00,75.6068,45.9968,62.30555
1988-05-27 06:00:00,79.6568,57.0668,69.22806
1988-05-28 06:00:00,83.2568,63.006798,72.74555
1988-05-29 06:00:00,85.9568,62.8268,75.5468
1988-05-30 06:00:00,86.496796,64.1768,76.559296
1988-05-31 06:00:00,87.3968,61.026802,76.08305
1988-06-01 06:00:00,88.386795,65.7968,77.90555
1988-06-02 06:00:00,70.8368,55.8968,64.31555
1988-06-03 06:00:00,66.6968,53.9168,60.07805
1988-06-04 06:00:00,74.4368,51.5768,64.72055
1988-06-05 06:00:00,85.9568,61.2968,74.50056
1988-06-06 06:00:00,88.386795,68.136795,78.858055
1988-06-07 06:00:00,89.19679,66.9668,78.63681
1988-06-08 06:00:00,75.3368,54.636803,66.276794
1988-06-09 06:00:00,61.2968,53.6468,57.1493
1988-06-10 06:00:00,67.2368,51.4868,59.721798
1988-06-11 06:00:00,82.2668,52.9268,69.07056
1988-06-12 06:00:00,87.1268,60.9368,75.4643
1988-06-13 06:00:00,91.9868,65.5268,79.82555
1988-06-14 06:00:00,92.3468,70.2968,82.3268
1988-06-15 06:00:00,88.9268,72.996796,80.21555
1988-06-16 06:00:00,78.666794,66.9668,72.72305
1988-06-17 06:00:00,80.7368,63.1868,71.19305
1988-06-18 06:00:00,89.0168,61.566795,77.08805
1988-06-19 06:00:00,92.256805,71.3768,82.855545
1988-06-20 06:00:00,98.2868,74.7068,83.7968
1988-06-21 06:00:00,99.2768,74.5268,88.07181
1988-06-22 06:00:00,94.05681,72.1868,84.910545
1988-06-23 06:00:00,77.136795,67.3268,72.0518
1988-06-24 06:00:00,90.2768,66.6068,78.51305
1988-06-25 06:00:00,99.2768,72.1868,86.82305
1988-06-26 06:00:00,70.386795,63.7268,66.91055
1988-06-27 06:00:00,74.7968,60.9368,67.99805
1988-06-28 06:00:00,84.8768,61.9268,72.3893
1988-06-29 06:00:00,68.9468,60.1268,65.47055
1988-06-30 06:00:00,68.136795,58.0568,62.796795
1988-07-01 06:00:00,72.1868,59.2268,65.30555
1988-07-02 06:00:00,74.7968,54.636803,66.5318
1988-07-03 06:00:00,82.3568,55.8968,71.17805
1988-07-04 06:00:00,86.4068,61.026802,75.40805
1988-07-05 06:00:00,93.7868,67.0568,81.944305
1988-07-06 06:00:00,95.5868,70.6568,84.8243
1988-07-07 06:00:00,93.606804,74.7068,85.248055
1988-07-08 06:00:00,95.4968,74.5268,85.896805
1988-07-09 06:00:00,95.0468,74.3468,85.818054
1988-07-10 06:00:00,84.3368,72.996796,77.995544
1988-07-11 06:00:00,86.6768,70.0268,77.511795
1988-07-12 06:00:00,76.6868,68.6768,72.69679
1988-07-13 06:00:00,91.0868,67.5968,80.39931
1988-07-14 06:00:00,93.5168,76.6868,83.86805
1988-07-15 06:00:00,97.0268,75.066795,86.635544
1988-07-16 06:00:00,86.7668,73.8068,80.1143
1988-07-17 06:00:00,83.6168,70.0268,77.03931
1988-07-18 06:00:00,79.2968,70.9268,74.4743
1988-07-19 06:00:00,81.0068,70.566795,75.2393
1988-07-20 06:00:00,77.7668,69.5768,73.30805
1988-07-21 06:00:00,76.6868,66.6068,70.42055
1988-07-22 06:00:00,75.6968,64.9868,70.4768
1988-07-23 06:00:00,78.7568,65.166794,72.29555
1988-07-24 06:00:00,85.416794,63.3668,76.14305
1988-07-25 06:00:00,78.0368,70.0268,73.874306
1988-07-26 06:00:00,77.496796,67.3268,72.32555
1988-07-27 06:00:00,87.3068,62.016796,76.326805
1988-07-28 06:00:00,92.7968,70.566795,82.379295
1988-07-29 06:00:00,90.9968,73.6268,82.4243
1988-07-30 06:00:00,91.4468,71.1068,78.21306
1988-07-31 06:00:00,87.3968,72.9068,80.624306
1988-08-01 06:00:00,95.9468,77.9468,86.223045
1988-08-02 06:00:00,93.7868,77.2268,85.15055
1988-08-03 06:00:00,93.7868,77.9468,85.54056
1988-08-04 06:00:00,94.4168,78.3068,85.68679
1988-08-05 06:00:00,84.066795,75.5168,80.14055
1988-08-06 06:00:00,87.5768,68.4068,78.79805
1988-08-07 06:00:00,90.4568,69.3068,80.6168
1988-08-08 06:00:00,93.2468,74.886795,82.62679
1988-08-09 06:00:00,83.9768,74.4368,78.1718
1988-08-10 06:00:00,83.4368,73.4468,76.956795
1988-08-11 06:00:00,89.646805,71.6468,80.74429
1988-08-12 06:00:00,91.356804,75.1568,83.45555
1988-08-13 06:00:00,90.90681,76.7768,83.099304
1988-08-14 06:00:00,93.15681,77.4068,84.966805
1988-08-15 06:00:00,90.1868,78.666794,83.47054
1988-08-16 06:00:00,98.55681,78.2168,88.323044
1988-08-17 06:00:00,98.9168,82.3568,90.04805
1988-08-18 06:00:00,87.3068,72.816795,80.77431
1988-08-19 06:00:00,73.3568,68.9468,71.639305
1988-08-20 06:00:00,76.6868,68.6768,72.76805
1988-08-21 06:00:00,77.316795,67.0568,72.41555
1988-08-22 06:00:00,78.8468,66.5168,72.31055
1988-08-23 06:00:00,81.996796,65.5268,73.5818
1988-08-24 06:00:00,79.6568,65.4368,72.1118
1988-08-25 06:00:00,79.0268,63.4568,70.623055
1988-08-26 06:00:00,74.886795,60.4868,67.54805
1988-08-27 06:00:00,71.0168,62.736797,65.78181
1988-08-28 06:00:00,71.8268,58.9568,65.25305
1988-08-29 06:00:00,69.2168,58.506798,63.888054
1988-08-30 06:00:00,74.166794,54.0968,65.35805
1988-08-31 06:00:00,80.1968,61.026802,70.465546
1988-09-01 06:00:00,80.1068,62.646797,71.511795
1988-09-02 06:00:00,83.346794,63.7268,73.2893
1988-09-03 06:00:00,79.1168,63.1868,69.64055
1988-09-04 06:00:00,69.666794,60.6668,64.1693
1988-09-05 06:00:00,63.816795,54.5468,59.013054
1988-09-06 06:00:00,67.3268,51.8468,58.9943
1988-09-07 06:00:00,72.9068,51.5768,62.74805
1988-09-08 06:00:00,81.3668,57.3368,68.8568
1988-09-09 06:00:00,75.7868,63.096798,69.1493
1988-09-10 06:00:00,81.2768,59.7668,70.50305
1988-09-11 06:00:00,83.0768,63.1868,73.8218
1988-09-12 06:00:00,81.5468,70.566795,74.90555
1988-09-13 06:00:00,74.166794,62.8268,68.3993
1988-09-14 06:00:00,77.136795,57.6968,66.7043
1988-09-15 06:00:00,69.5768,59.7668,64.95306
1988-09-16 06:00:00,78.7568,59.9468,68.669304
1988-09-17 06:00:00,88.2968,67.9568,76.90805
1988-09-18 06:00:00,86.316795,71.6468,76.22555
1988-09-19 06:00:00,72.2768,61.2968,67.8593
1988-09-20 06:00:00,65.3468,58.0568,60.891804
1988-09-21 06:00:00,65.9768,53.9168,61.218052
1988-09-22 06:00:00,84.1568,62.1968,71.81555
1988-09-23 06:00:00,69.666794,58.776802,64.4918
1988-09-24 06:00:00,66.5168,54.636803,60.83555
1988-09-25 06:00:00,73.2668,49.5968,61.54805
1988-09-26 06:00:00,76.7768,53.1968,64.949295
1988-09-27 06:00:00,76.5968,60.5768,68.286804
1988-09-28 06:00:00,68.0468,60.2168,63.5168
1988-09-29 06:00:00,74.4368,58.506798,66.2918
1988-09-30 06:00:00,76.5968,61.9268,69.24305
1988-10-01 06:00:00,67.7768,60.3068,65.3093
1988-10-02 06:00:00,63.6368,54.8168,59.519302
1988-10-03 06:00:00,60.2168,49.686802,54.6893
1988-10-04 06:00:00,51.5768,42.9368,47.9393
1988-10-05 06:00:00,52.2068,40.2368,46.2368
1988-10-06 06:00:00,53.1068,39.6068,46.769302
1988-10-07 06:00:00,58.2368,40.0568,48.49805
1988-10-08 06:00:00,60.756798,42.3968,51.756798
1988-10-09 06:00:00,61.026802,49.506798,54.468052
1988-10-10 06:00:00,63.096798,50.9468,56.5793
1988-10-11 06:00:00,50.0468,41.5868,47.088047
1988-10-12 06:00:00,47.1668,36.6368,41.62805
1988-10-13 06:00:00,52.6568,34.1168,44.0093
1988-10-14 06:00:00,68.316795,44.0168,56.028053
1988-10-15 06:00:00,72.4568,55.8068,62.890553
1988-10-16 06:00:00,71.0168,56.1668,61.986794
1988-10-17 06:00:00,62.916798,52.5668,56.44055
1988-10-18 06:00:00,53.5568,45.276802,49.566803
1988-10-19 06:00:00,51.0368,43.386803,46.21805
1988-10-20 06:00:00,52.026802,37.8068,45.895554
1988-10-21 06:00:00,52.1168,44.0168,47.058052
1988-10-22 06:00:00,48.7868,38.5268,43.20305
1988-10-23 06:00:00,48.8768,40.776802,44.03555
1988-10-24 06:00:00,45.5468,38.1668,41.2268
1988-10-25 06:00:00,41.2268,33.6668,37.44305
1988-10-26 06:00:00,44.1968,33.1268,37.65305
1988-10-27 06:00:00,57.6968,34.2968,46.008053
1988-10-28 06:00:00,42.2168,33.0368,37.6343
1988-10-29 06:00:00,38.7068,28.9868,33.60305
1988-10-30 06:00:00,40.0568,27.9068,33.25055
1988-10-31 06:00:00,50.2268,29.4368,39.91805
1988-11-01 06:00:00,44.3768,37.7168,41.245552
1988-11-02 06:00:00,47.1668,35.8268,41.1293
1988-11-03 06:00:00,60.0368,39.0668,49.81805
1988-11-04 06:00:00,57.9668,50.4068,54.374302
1988-11-05 06:00:00,49.776802,34.5668,43.01555
1988-11-06 06:00:00,38.0768,30.9668,34.4243
1988-11-07 06:00:00,45.4568,31.9568,38.631798
1988-11-08 06:00:00,47.7968,32.8568,39.92555
1988-11-09 06:00:00,49.1468,32.8568,43.184303
1988-11-10 06:00:00,45.8168,37.5368,42.8843
1988-11-11 06:00:00,41.4068,31.0568,36.468052
1988-11-12 06:00:00,47.3468,36.3668,40.7993
1988-11-13 06:00:00,51.0368,35.5568,43.5593
1988-11-14 06:00:00,51.8468,37.5368,44.421803
1988-11-15 06:00:00,62.646797,45.186802,54.464302
1988-11-16 06:00:00,62.736797,34.4768,45.516804
1988-11-17 06:00:00,43.9268,32.1368,37.1543
1988-11-18 06:00:00,48.6968,31.5968,40.56305
1988-11-19 06:00:00,45.8168,40.5968,43.22555
1988-11-20 06:00:00,42.6668,34.8368,38.5268
1988-11-21 06:00:00,36.9968,31.8668,34.308052
1988-11-22 06:00:00,41.2268,30.7868,35.054302
1988-11-23 06:00:00,47.436802,31.2368,38.31305
1988-11-24 06:00:00,54.3668,37.0868,44.309303
1988-11-25 06:00:00,56.1668,42.3068,48.59555
1988-11-26 06:00:00,57.2468,51.1268,54.5993
1988-11-27 06:00:00,52.5668,31.5968,39.6143
1988-11-28 06:00:00,35.8268,24.9368,31.1618
1988-11-29 06:00:00,42.576797,25.476799,34.874302
1988-11-30 06:00:00,34.2068,28.6268,31.6418
1988-12-01 06:00:00,27.9068,23.4968,25.863049
1988-12-02 06:00:00,44.1068,23.226799,33.43055
1988-12-03 06:00:00,46.7168,34.9268,40.1468
1988-12-04 06:00:00,39.6068,28.1768,33.13055
1988-12-05 06:00:00,44.9168,31.0568,36.6293
1988-12-06 06:00:00,50.9468,33.3968,40.5443
1988-12-07 06:00:00,36.9968,30.7868,35.4218
1988-12-08 06:00:00,31.9568,25.1168,27.9668
1988-12-09 06:00:00,26.1968,20.7968,23.920551
1988-12-10 06:00:00,26.2868,13.7768,20.770552
1988-12-11 06:00:00,21.6968,10.986801,16.821798
1988-12-12 06:00:00,26.8268,15.126801,21.3743
1988-12-13 06:00:00,40.5968,27.9068,34.5518
1988-12-14 06:00:00,46.4468,27.4568,37.1843
1988-12-15 06:00:00,26.3768,12.6968,20.5793
1988-12-16 06:00:00,20.4368,8.736801,14.399303
1988-12-17 06:00:00,23.8568,15.576801,18.903051
1988-12-18 06:00:00,35.1068,17.1068,25.248049
1988-12-19 06:00:00,51.0368,27.0068,39.66305
1988-12-20 06:00:00,57.4268,30.6068,45.8468
1988-12-21 06:00:00,34.1168,27.726799,30.38555
1988-12-22 06:00:00,50.0468,28.7168,35.20805
1988-12-23 06:00:00,49.5968,32.3168,39.28055
1988-12-24 06:00:00,39.3368,26.3768,33.9293
1988-12-25 06:00:00,29.0768,23.1368,25.4243
1988-12-26 06:00:00,32.8568,23.5868,27.9143
1988-12-27 06:00:00,41.8568,19.1768,32.75555
1988-12-28 06:00:00,18.456799,12.7868,15.22805
1988-12-29 06:00:00,21.1568,4.9567986,14.091801
1988-12-30 06:00:00,32.5868,16.3868,24.30305
1988-12-31 06:00:00,34.6568,16.3868,26.7443
1989-01-01 06:00:00,33.3068,20.3468,27.066801
1989-01-02 06:00:00,30.1568,10.4468,19.424301
1989-01-03 06:00:00,32.0468,9.186802,23.268051
1989-01-04 06:00:00,25.5668,11.1668,19.173054
1989-01-05 06:00:00,34.9268,23.4968,29.6543
1989-01-06 06:00:00,34.4768,32.4068,33.3443
1989-01-07 06:00:00,51.6668,32.0468,40.89305
1989-01-08 06:00:00,27.1868,9.456799,14.091801
1989-01-09 06:00:00,26.8268,6.1268005,15.858051
1989-01-10 06:00:00,38.0768,27.3668,31.0118
1989-01-11 06:00:00,42.3068,27.0068,34.589302
1989-01-12 06:00:00,41.8568,23.5868,30.8093
1989-01-13 06:00:00,31.9568,20.2568,25.3643
1989-01-14 06:00:00,30.2468,24.2168,27.1493
1989-01-15 06:00:00,33.3968,27.0068,30.16055
1989-01-16 06:00:00,39.9668,24.396801,32.27555
1989-01-17 06:00:00,42.3068,30.1568,36.4868
1989-01-18 06:00:00,44.9168,32.3168,37.45055
1989-01-19 06:00:00,49.0568,27.9068,37.72055
1989-01-20 06:00:00,34.4768,23.6768,28.6493
1989-01-21 06:00:00,35.2868,20.3468,27.3668
1989-01-22 06:00:00,46.2668,29.1668,36.17555
1989-01-23 06:00:00,47.3468,31.7768,38.3993
1989-01-24 06:00:00,38.4368,30.8768,34.61555
1989-01-25 06:00:00,48.5168,34.2068,39.183052
1989-01-26 06:00:00,44.3768,27.8168,32.84555
1989-01-27 06:00:00,43.5668,27.5468,34.60805
1989-01-28 06:00:00,47.7068,32.9468,39.37055
1989-01-29 06:00:00,43.4768,38.2568,40.593052
1989-01-30 06:00:00,45.636803,33.4868,38.6543
1989-01-31 06:00:00,60.6668,37.2668,49.356804
1989-02-01 06:00:00,49.686802,25.2968,31.7243
1989-02-02 06:00:00,27.726799,21.3368,25.8218
1989-02-03 06:00:00,20.5268,9.456799,15.333052
1989-02-04 06:00:00,9.186802,5.4967995,7.191799
1989-02-05 06:00:00,16.9268,3.2467995,9.021799
1989-02-06 06:00:00,6.306799,-3.3232002,1.705555
1989-02-07 06:00:00,17.3768,-1.8832016,8.4743
1989-02-08 06:00:00,17.1068,2.976801,11.324301
1989-02-09 06:00:00,19.1768,-6.653202,5.4442997
1989-02-10 06:00:00,23.8568,8.1968,17.2793
1989-02-11 06:00:00,29.0768,17.9168,22.8293
1989-02-12 06:00:00,33.0368,19.3568,25.6418
1989-02-13 06:00:00,37.1768,27.4568,32.3618
1989-02-14 06:00:00,32.2268,24.6668,27.56555
1989-02-15 06:00:00,31.5068,21.5168,27.299301
1989-02-16 06:00:00,23.226799,10.2668,17.2568
1989-02-17 06:00:00,21.5168,5.7668,14.688051
1989-02-18 06:00:00,22.956799,8.2868,16.540552
1989-02-19 06:00:00,29.9768,18.8168,24.34055
1989-02-20 06:00:00,31.0568,21.8768,26.789299
1989-02-21 06:00:00,31.2368,21.3368,25.87055
1989-02-22 06:00:00,19.086802,5.9467983,14.80055
1989-02-23 06:00:00,13.8668,0.99679947,7.5630493
1989-02-24 06:00:00,23.8568,-2.4231987,13.281799
1989-02-25 06:00:00,37.7168,16.9268,27.41555
1989-02-26 06:00:00,32.4068,21.4268,28.58555
1989-02-27 06:00:00,27.3668,13.5968,21.576801
1989-02-28 06:00:00,30.5168,12.6968,21.9968
1989-03-01 06:00:00,22.5968,8.646801,15.76055
1989-03-02 06:00:00,18.7268,13.686802,16.9493
1989-03-03 06:00:00,41.2268,19.2668,31.24055
1989-03-04 06:00:00,49.2368,23.5868,40.4243
1989-03-05 06:00:00,21.9668,11.886801,14.496799
1989-03-06 06:00:00,21.5168,11.796801,15.46055
1989-03-07 06:00:00,19.086802,8.0168,14.065552
1989-03-08 06:00:00,32.5868,14.316799,23.1818
1989-03-09 06:00:00,41.8568,25.2968,32.3918
1989-03-10 06:00:00,53.8268,26.8268,39.2543
1989-03-11 06:00:00,57.2468,32.3168,40.7918
1989-03-12 06:00:00,36.1868,30.2468,32.63555
1989-03-13 06:00:00,47.886803,31.3268,37.5593
1989-03-14 06:00:00,61.2068,30.0668,46.1543
1989-03-15 06:00:00,41.6768,27.636799,33.16055
1989-03-16 06:00:00,47.9768,24.8468,35.47055
1989-03-17 06:00:00,33.6668,23.0468,28.1768
1989-03-18 06:00:00,27.8168,18.0968,22.859299
1989-03-19 06:00:00,38.2568,18.9968,28.99805
1989-03-20 06:00:00,36.9068,25.476799,32.20805
1989-03-21 06:00:00,31.6868,20.7968,25.4543
1989-03-22 06:00:00,39.6968,21.3368,30.18305
1989-03-23 06:00:00,48.2468,26.736801,36.77555
1989-03-24 06:00:00,57.7868,28.896801,43.12805
1989-03-25 06:00:00,54.276802,32.4068,44.358047
1989-03-26 06:00:00,71.7368,31.6868,53.73305
1989-03-27 06:00:00,74.0768,55.8068,62.875557
1989-03-28 06:00:00,63.006798,53.4668,60.569298
1989-03-29 06:00:00,47.886803,32.6768,36.28805
1989-03-30 06:00:00,48.6968,32.1368,39.5018
1989-03-31 06:00:00,39.2468,32.2268,35.8343
1989-04-01 06:00:00,48.0668,27.1868,39.558052
1989-04-02 06:00:00,51.5768,41.4968,46.4168
1989-04-03 06:00:00,55.7168,38.3468,46.4243
1989-04-04 06:00:00,57.2468,41.9468,47.894302
1989-04-05 06:00:00,47.886803,35.6468,41.4668
1989-04-06 06:00:00,49.776802,30.2468,39.5993
1989-04-07 06:00:00,43.2068,30.8768,36.51305
1989-04-08 06:00:00,47.0768,31.9568,38.03555
1989-04-09 06:00:00,36.9968,26.4668,30.97055
1989-04-10 06:00:00,39.3368,23.5868,31.40555
1989-04-11 06:00:00,48.0668,27.1868,37.131798
1989-04-12 06:00:00,47.6168,28.896801,38.47805
1989-04-13 06:00:00,50.4968,26.3768,39.6668
1989-04-14 06:00:00,59.0468,40.0568,48.449303
1989-04-15 06:00:00,55.8068,35.8268,45.54305
1989-04-16 06:00:00,68.0468,39.9668,53.894302
1989-04-17 06:00:00,58.0568,35.2868,47.7593
1989-04-18 06:00:00,47.6168,34.6568,40.4018
1989-04-19 06:00:00,51.3968,34.2968,42.78305
1989-04-20 06:00:00,66.4268,37.3568,53.279305
1989-04-21 06:00:00,57.1568,42.3968,49.075554
1989-04-22 06:00:00,56.3468,42.576797,50.08055
1989-04-23 06:00:00,55.3568,42.0368,47.3693
1989-04-24 06:00:00,62.736797,44.1968,53.1143
1989-04-25 06:00:00,65.3468,49.5968,56.534298
1989-04-26 06:00:00,59.136803,46.0868,51.925552
1989-04-27 06:00:00,58.8668,47.256798,52.6418
1989-04-28 06:00:00,52.2068,45.8168,47.530552
1989-04-29 06:00:00,64.1768,45.9068,53.590553
1989-04-30 06:00:00,58.776802,41.3168,49.7393
1989-05-01 06:00:00,51.756798,40.326797,46.0043
1989-05-02 06:00:00,51.3068,37.9868,44.32805
1989-05-03 06:00:00,61.3868,41.0468,51.374302
1989-05-04 06:00:00,63.1868,45.0968,53.11055
1989-05-05 06:00:00,57.9668,44.6468,52.394302
1989-05-06 06:00:00,43.8368,35.4668,38.91305
1989-05-07 06:00:00,53.7368,32.7668,43.2668
1989-05-08 06:00:00,59.4068,38.7968,50.046803
1989-05-09 06:00:00,53.1068,44.3768,48.13055
1989-05-10 06:00:00,54.7268,40.8668,47.4293
1989-05-11 06:00:00,54.7268,41.0468,47.5568
1989-05-12 06:00:00,57.7868,40.9568,48.659298
1989-05-13 06:00:00,53.6468,43.7468,48.464302
1989-05-14 06:00:00,58.3268,41.6768,49.214302
1989-05-15 06:00:00,62.466797,40.326797,53.0918
1989-05-16 06:00:00,66.6968,45.276802,56.71805
1989-05-17 06:00:00,72.9068,45.9068,61.0493
1989-05-18 06:00:00,74.7068,59.136803,67.17305
1989-05-19 06:00:00,73.8968,61.566795,66.25805
1989-05-20 06:00:00,72.5468,58.506798,65.3618
1989-05-21 06:00:00,77.136795,53.5568,65.999306
1989-05-22 06:00:00,73.0868,54.8168,63.569298
1989-05-23 06:00:00,75.246796,53.4668,65.740555
1989-05-24 06:00:00,81.9068,62.5568,71.85304
1989-05-25 06:00:00,75.3368,58.506798,67.6118
1989-05-26 06:00:00,71.3768,56.436802,63.741802
1989-05-27 06:00:00,62.736797,51.5768,57.254303
1989-05-28 06:00:00,69.7568,48.6968,60.329296
1989-05-29 06:00:00,79.566795,55.8968,67.653046
1989-05-30 06:00:00,84.3368,69.4868,77.59805
1989-05-31 06:00:00,85.1468,68.4068,76.29305
1989-06-01 06:00:00,72.4568,66.1568,69.318054
1989-06-02 06:00:00,79.2068,59.4068,70.32306
1989-06-03 06:00:00,73.8968,56.436802,64.1918
1989-06-04 06:00:00,73.3568,50.5868,64.03055
1989-06-05 06:00:00,72.4568,56.3468,65.38431
1989-06-06 06:00:00,82.5368,60.396797,71.7818
1989-06-07 06:00:00,82.0868,63.1868,73.334305
1989-06-08 06:00:00,81.3668,64.5368,73.0118
1989-06-09 06:00:00,67.7768,58.2368,63.3893
1989-06-10 06:00:00,66.5168,54.636803,60.224304
1989-06-11 06:00:00,72.7268,51.0368,64.0418
1989-06-12 06:00:00,67.7768,61.3868,64.57805
1989-06-13 06:00:00,73.8968,60.4868,67.1768
1989-06-14 06:00:00,73.4468,57.3368,66.644295
1989-06-15 06:00:00,61.1168,55.8068,58.18805
1989-06-16 06:00:00,64.8968,53.9168,58.93805
1989-06-17 06:00:00,77.0468,53.3768,66.40055
1989-06-18 06:00:00,78.4868,61.026802,70.0793
1989-06-19 06:00:00,76.2368,63.006798,70.1543
1989-06-20 06:00:00,74.9768,61.9268,68.185555
1989-06-21 06:00:00,81.2768,63.3668,72.13429
1989-06-22 06:00:00,88.4768,69.7568,78.76055
1989-06-23 06:00:00,88.566795,72.2768,79.07181
1989-06-24 06:00:00,80.1068,66.9668,74.4818
1989-06-25 06:00:00,84.6068,64.5368,75.6818
1989-06-26 06:00:00,90.7268,69.7568,79.731804
1989-06-27 06:00:00,78.4868,67.5968,74.035545
1989-06-28 06:00:00,73.3568,56.1668,64.6718
1989-06-29 06:00:00,68.8568,56.256798,63.0668
1989-06-30 06:00:00,78.3068,57.3368,68.98055
1989-07-01 06:00:00,84.246796,61.6568,74.59805
1989-07-02 06:00:00,82.9868,65.5268,75.10054
1989-07-03 06:00:00,82.4468,67.1468,75.685555
1989-07-04 06:00:00,82.8968,68.0468,75.693054
1989-07-05 06:00:00,84.9668,67.416794,76.293045
1989-07-06 06:00:00,91.1768,67.5068,80.50055
1989-07-07 06:00:00,85.1468,71.7368,79.21055
1989-07-08 06:00:00,86.7668,69.1268,78.53555
1989-07-09 06:00:00,96.6668,74.2568,86.1143
1989-07-10 06:00:00,98.646805,78.7568,87.25804
1989-07-11 06:00:00,86.4068,72.9068,77.819305
1989-07-12 06:00:00,77.9468,67.7768,72.05555
1989-07-13 06:00:00,74.9768,65.2568,69.55055
1989-07-14 06:00:00,74.886795,63.1868,68.8493
1989-07-15 06:00:00,75.9668,63.3668,70.45805
1989-07-16 06:00:00,78.7568,62.646797,71.9468
1989-07-17 06:00:00,84.066795,61.026802,74.5568
1989-07-18 06:00:00,80.5568,67.416794,72.2093
1989-07-19 06:00:00,70.386795,66.4268,67.99429
1989-07-20 06:00:00,72.636795,64.8968,68.22679
1989-07-21 06:00:00,72.9068,63.816795,68.1518
1989-07-22 06:00:00,81.5468,67.0568,74.028046
1989-07-23 06:00:00,83.2568,66.6068,76.0643
1989-07-24 06:00:00,83.9768,71.1068,78.22054
1989-07-25 06:00:00,84.4268,71.1068,77.51555
1989-07-26 06:00:00,86.496796,71.6468,78.4418
1989-07-27 06:00:00,88.566795,72.996796,80.12556
1989-07-28 06:00:00,74.886795,64.7168,71.1893
1989-07-29 06:00:00,79.9268,62.8268,71.55679
1989-07-30 06:00:00,76.416794,69.1268,72.5618
1989-07-31 06:00:00,77.7668,66.6968,72.1868
1989-08-01 06:00:00,79.8368,64.5368,73.09805
1989-08-02 06:00:00,85.6868,66.7868,76.6793
1989-08-03 06:00:00,89.1068,71.1068,80.51555
1989-08-04 06:00:00,87.7568,73.1768,79.600555
1989-08-05 06:00:00,90.2768,72.2768,80.849304
1989-08-06 06:00:00,76.0568,63.1868,68.9243
1989-08-07 06:00:00,67.5068,57.5168,63.318047
1989-08-08 06:00:00,75.5168,55.7168,66.280556
1989-08-09 06:00:00,78.5768,59.4968,69.8093
1989-08-10 06:00:00,80.916794,64.1768,71.98805
1989-08-11 06:00:00,79.386795,61.9268,71.18555
1989-08-12 06:00:00,78.9368,62.1968,70.87805
1989-08-13 06:00:00,81.4568,63.816795,72.82805
1989-08-14 06:00:00,80.8268,67.5068,72.4418
1989-08-15 06:00:00,75.5168,65.0768,69.0968
1989-08-16 06:00:00,72.816795,62.646797,67.47305
1989-08-17 06:00:00,74.7968,60.846798,68.230545
1989-08-18 06:00:00,74.9768,62.5568,68.823044
1989-08-19 06:00:00,80.1068,60.1268,70.833046
1989-08-20 06:00:00,82.2668,68.0468,74.2268
1989-08-21 06:00:00,82.1768,63.1868,74.2043
1989-08-22 06:00:00,84.6068,69.2168,76.1693
1989-08-23 06:00:00,75.246796,69.2168,72.936806
1989-08-24 06:00:00,72.816795,66.6968,69.8768
1989-08-25 06:00:00,74.0768,63.5468,68.50055
1989-08-26 06:00:00,78.3068,63.276802,71.8943
1989-08-27 06:00:00,82.1768,67.9568,75.3743
1989-08-28 06:00:00,76.8668,71.1068,72.9668
1989-08-29 06:00:00,84.246796,69.9368,76.25555
1989-08-30 06:00:00,79.1168,63.4568,71.0243
1989-08-31 06:00:00,78.5768,63.096798,71.47805
1989-09-01 06:00:00,78.2168,66.6968,71.66555
1989-09-02 06:00:00,70.4768,60.2168,65.676796
1989-09-03 06:00:00,73.1768,57.1568,66.7118
1989-09-04 06:00:00,76.0568,61.2968,68.59805
1989-09-05 06:00:00,79.746796,66.246796,72.53555
1989-09-06 06:00:00,75.6068,68.0468,70.990555
1989-09-07 06:00:00,81.4568,69.2168,74.2793
1989-09-08 06:00:00,81.0968,69.5768,73.86305
1989-09-09 06:00:00,77.6768,65.166794,71.3468
1989-09-10 06:00:00,68.4068,60.9368,64.65305
1989-09-11 06:00:00,73.8968,60.756798,66.8918
1989-09-12 06:00:00,65.2568,56.256798,61.4318
1989-09-13 06:00:00,60.396797,56.6168,57.7268
1989-09-14 06:00:00,62.1068,57.6068,59.9243
1989-09-15 06:00:00,64.5368,55.1768,59.973053
1989-09-16 06:00:00,67.416794,52.7468,60.655552
1989-09-17 06:00:00,71.916794,51.4868,61.866802
1989-09-18 06:00:00,72.9068,55.5368,64.398056
1989-09-19 06:00:00,73.4468,56.436802,64.93056
1989-09-20 06:00:00,74.0768,53.7368,65.2493
1989-09-21 06:00:00,74.886795,57.8768,67.0943
1989-09-22 06:00:00,76.8668,51.936802,67.31555
1989-09-23 06:00:00,54.4568,44.7368,49.2818
1989-09-24 06:00:00,58.686802,44.1968,51.46055
1989-09-25 06:00:00,66.246796,44.4668,55.499302
1989-09-26 06:00:00,57.1568,50.0468,53.50055
1989-09-27 06:00:00,59.5868,45.7268,52.57805
1989-09-28 06:00:00,69.2168,45.3668,57.2243
1989-09-29 06:00:00,67.8668,53.2868,59.98055
1989-09-30 06:00:00,69.8468,48.4268,59.796803
1989-10-01 06:00:00,74.2568,55.4468,65.21555
1989-10-02 06:00:00,66.066795,51.0368,61.394302
1989-10-03 06:00:00,52.2068,44.0168,47.943054
1989-10-04 06:00:00,56.526802,38.6168,47.14055
1989-10-05 06:00:00,61.8368,45.636803,54.730553
1989-10-06 06:00:00,58.3268,47.0768,52.544304
1989-10-07 06:00:00,52.9268,41.4068,47.2043
1989-10-08 06:00:00,52.7468,39.1568,45.726803
1989-10-09 06:00:00,56.526802,36.0068,47.93555
1989-10-10 06:00:00,56.9768,42.8468,50.3468
1989-10-11 06:00:00,72.1868,42.1268,58.401802
1989-10-12 06:00:00,67.3268,51.8468,60.4268
1989-10-13 06:00:00,74.166794,46.0868,60.6968
1989-10-14 06:00:00,79.2068,58.3268,67.02305
1989-10-15 06:00:00,78.3968,60.396797,68.9918
1989-10-16 06:00:00,68.8568,49.9568,59.91305
1989-10-17 06:00:00,49.506798,43.2068,47.264297
1989-10-18 06:00:00,43.026802,38.0768,40.8968
1989-10-19 06:00:00,40.5968,35.5568,38.0393
1989-10-20 06:00:00,41.3168,34.7468,37.8143
1989-10-21 06:00:00,54.006798,37.0868,45.216805
1989-10-22 06:00:00,59.8568,36.5468,47.6993
1989-10-23 06:00:00,68.6768,45.3668,55.8893
1989-10-24 06:00:00,72.0068,52.2068,61.311802
1989-10-25 06:00:00,73.3568,59.136803,64.4543
1989-10-26 06:00:00,71.1068,54.636803,61.8743
1989-10-27 06:00:00,71.3768,53.3768,61.0343
1989-10-28 06:00:00,69.3068,55.2668,60.81305
1989-10-29 06:00:00,70.2968,54.276802,61.439304
1989-10-30 06:00:00,70.1168,54.636803,61.25555
1989-10-31 06:00:00,54.5468,42.4868,45.468052
1989-11-01 06:00:00,53.8268,39.5168,45.14555
1989-11-02 06:00:00,41.4068,32.9468,36.61055
1989-11-03 06:00:00,38.7968,27.9068,34.4093
1989-11-04 06:00:00,49.9568,38.0768,43.3493
1989-11-05 06:00:00,59.4068,46.9868,53.020554
1989-11-06 06:00:00,48.7868,42.8468,45.741802
1989-11-07 06:00:00,48.4268,42.3968,44.8268
1989-11-08 06:00:00,52.7468,41.7668,46.3718
1989-11-09 06:00:00,46.3568,35.6468,40.37555
1989-11-10 06:00:00,43.026802,33.9368,38.4368
1989-11-11 06:00:00,54.3668,38.9768,47.01305
1989-11-12 06:00:00,44.6468,34.2068,40.65305
1989-11-13 06:00:00,67.6868,45.4568,58.72805
1989-11-14 06:00:00,61.3868,46.1768,49.195553
1989-11-15 06:00:00,46.7168,34.2068,41.1068
1989-11-16 06:00:00,32.8568,21.4268,28.44305
1989-11-17 06:00:00,32.2268,16.836802,24.2993
1989-11-18 06:00:00,26.5568,18.6368,23.23055
1989-11-19 06:00:00,45.8168,24.306799,37.04555
1989-11-20 06:00:00,51.8468,33.7568,43.4168
1989-11-21 06:00:00,33.2168,29.1668,31.07555
1989-11-22 06:00:00,32.9468,24.8468,29.8493
1989-11-23 06:00:00,28.8068,16.7468,24.1043
1989-11-24 06:00:00,41.8568,18.9968,31.0193
1989-11-25 06:00:00,49.506798,37.2668,41.09555
1989-11-26 06:00:00,45.186802,29.7968,37.3043
1989-11-27 06:00:00,59.4968,39.4268,48.30305
1989-11-28 06:00:00,36.9968,23.5868,29.85305
1989-11-29 06:00:00,29.1668,16.6568,23.736801
1989-11-30 06:00:00,40.0568,26.5568,31.8818
1989-12-01 06:00:00,41.6768,29.5268,34.75055
1989-12-02 06:00:00,37.7168,22.3268,29.16305
1989-12-03 06:00:00,23.226799,16.7468,20.09555
1989-12-04 06:00:00,39.7868,18.3668,27.865551
1989-12-05 06:00:00,45.006798,26.736801,35.55305
1989-12-06 06:00:00,36.3668,22.7768,31.5968
1989-12-07 06:00:00,23.4968,18.0968,21.303051
1989-12-08 06:00:00,27.636799,20.6168,23.515549
1989-12-09 06:00:00,34.6568,20.8868,27.16055
1989-12-10 06:00:00,32.9468,29.3468,30.6143
1989-12-11 06:00:00,29.3468,18.3668,23.826801
1989-12-12 06:00:00,17.646801,10.626801,14.223049
1989-12-13 06:00:00,21.6968,10.986801,16.390549
1989-12-14 06:00:00,18.7268,3.6068,9.663052
1989-12-15 06:00:00,15.216801,-1.3432007,6.2918034
1989-12-16 06:00:00,7.6567993,-1.1632004,2.8942986
1989-12-17 06:00:00,13.326801,-1.7932014,5.054306
1989-12-18 06:00:00,16.1168,4.056799,9.685553
1989-12-19 06:00:00,15.6668,5.8568,10.945553
1989-12-20 06:00:00,7.2968006,-1.0732002,3.6030464
1989-12-21 06:00:00,2.1667976,-13.133202,-8.606949
1989-12-22 06:00:00,1.0867977,-10.523201,-5.5431976
1989-12-23 06:00:00,8.2868,-7.6432,-2.273201
1989-12-24 06:00:00,12.6068,-7.0132027,4.904297
1989-12-25 06:00:00,33.8468,10.3568,21.696798
1989-12-26 06:00:00,16.2968,5.136801,10.904301
1989-12-27 06:00:00,30.0668,13.326801,22.18805
1989-12-28 06:00:00,35.9168,14.9468,27.2093
1989-12-29 06:00:00,34.6568,28.9868,32.2868
1989-12-30 06:00:00,33.2168,30.1568,31.4843
1989-12-31 06:00:00,31.3268,27.0968,28.81055
1990-01-01 06:00:00,28.9868,24.8468,26.635551
1990-01-02 06:00:00,39.4268,25.6568,31.379301
1990-01-03 06:00:00,44.5568,31.7768,38.14055
1990-01-04 06:00:00,43.5668,24.9368,35.84555
1990-01-05 06:00:00,36.6368,21.4268,28.62305
1990-01-06 06:00:00,33.7568,24.2168,28.2743
1990-01-07 06:00:00,42.0368,28.4468,33.0368
1990-01-08 06:00:00,46.4468,28.5368,36.43055
1990-01-09 06:00:00,40.1468,33.3968,37.0718
1990-01-10 06:00:00,36.6368,27.2768,32.6843
1990-01-11 06:00:00,39.4268,30.3368,36.26555
1990-01-12 06:00:00,29.2568,23.0468,26.3768
1990-01-13 06:00:00,30.1568,18.2768,23.984299
1990-01-14 06:00:00,40.9568,26.5568,33.5318
1990-01-15 06:00:00,48.4268,28.9868,36.7193
1990-01-16 06:00:00,53.3768,34.2068,45.49805
1990-01-17 06:00:00,53.3768,34.7468,48.239304
1990-01-18 06:00:00,34.7468,27.3668,31.4393
1990-01-19 06:00:00,33.4868,24.6668,29.16305
1990-01-20 06:00:00,33.1268,30.4268,31.7993
1990-01-21 06:00:00,32.9468,25.9268,30.79805
1990-01-22 06:00:00,42.4868,30.3368,34.1543
1990-01-23 06:00:00,45.8168,26.646801,36.3143
1990-01-24 06:00:00,45.9068,34.8368,39.1193
1990-01-25 06:00:00,35.2868,21.8768,30.0968
1990-01-26 06:00:00,34.026802,14.136801,25.116798
1990-01-27 06:00:00,49.2368,25.1168,37.39055
1990-01-28 06:00:00,37.5368,22.5968,28.750551
1990-01-29 06:00:00,39.7868,23.0468,30.3218
1990-01-30 06:00:00,44.9168,27.0068,35.4743
1990-01-31 06:00:00,41.5868,21.5168,31.6193
1990-02-01 06:00:00,48.8768,26.5568,40.82555
1990-02-02 06:00:00,28.896801,24.2168,26.0918
1990-02-03 06:00:00,35.1968,29.1668,31.77305
1990-02-04 06:00:00,35.0168,23.9468,28.53305
1990-02-05 06:00:00,49.686802,28.5368,38.59055
1990-02-06 06:00:00,42.576797,30.9668,37.6043
1990-02-07 06:00:00,45.636803,28.4468,37.0568
1990-02-08 06:00:00,57.9668,36.6368,46.89305
1990-02-09 06:00:00,52.7468,33.6668,40.93055
1990-02-10 06:00:00,38.2568,24.2168,31.8593
1990-02-11 06:00:00,34.2068,25.8368,30.1568
1990-02-12 06:00:00,51.2168,23.226799,38.80055
1990-02-13 06:00:00,52.6568,24.2168,39.0068
1990-02-14 06:00:00,27.0068,20.4368,24.29555
1990-02-15 06:00:00,29.6168,26.8268,28.4318
1990-02-16 06:00:00,32.4068,20.4368,26.41055
1990-02-17 06:00:00,24.396801,13.686802,20.200552
1990-02-18 06:00:00,39.5168,20.976799,29.369299
1990-02-19 06:00:00,26.646801,12.336802,20.571802
1990-02-20 06:00:00,30.4268,4.9567986,18.636803
1990-02-21 06:00:00,42.0368,22.056799,32.85305
1990-02-22 06:00:00,38.7068,29.5268,34.8668
1990-02-23 06:00:00,34.7468,25.386799,29.60555
1990-02-24 06:00:00,32.3168,7.9268,20.02805
1990-02-25 06:00:00,13.8668,0.45679855,7.124302
1990-02-26 06:00:00,30.7868,6.396799,19.87805
1990-02-27 06:00:00,36.1868,21.1568,29.7743
1990-02-28 06:00:00,31.0568,11.3468,20.5343
1990-03-01 06:00:00,39.1568,12.6068,27.209301
1990-03-02 06:00:00,45.8168,28.5368,35.616802
1990-03-03 06:00:00,29.8868,22.4168,26.459301
1990-03-04 06:00:00,38.3468,19.1768,29.5418
1990-03-05 06:00:00,33.3968,28.1768,30.914299
1990-03-06 06:00:00,28.8068,23.1368,26.076801
1990-03-07 06:00:00,31.6868,19.6268,26.058048
1990-03-08 06:00:00,46.6268,29.0768,38.73305
1990-03-09 06:00:00,54.0968,40.5968,45.88805
1990-03-10 06:00:00,61.2068,37.5368,46.46555
1990-03-11 06:00:00,71.3768,37.4468,56.834297
1990-03-12 06:00:00,73.4468,59.9468,66.0218
1990-03-13 06:00:00,70.566795,58.776802,64.30055
1990-03-14 06:00:00,68.136795,60.756798,63.77555
1990-03-15 06:00:00,63.1868,46.6268,57.670555
1990-03-16 06:00:00,59.9468,41.136803,50.136803
1990-03-17 06:00:00,45.276802,36.7268,41.4143
1990-03-18 06:00:00,43.9268,31.0568,36.8168
1990-03-19 06:00:00,31.5068,25.1168,28.18805
1990-03-20 06:00:00,42.3068,21.5168,32.2043
1990-03-21 06:00:00,57.1568,30.6968,43.03055
1990-03-22 06:00:00,50.9468,38.8868,46.191803
1990-03-23 06:00:00,37.3568,26.0168,30.7943
1990-03-24 06:00:00,35.0168,25.6568,29.3468
1990-03-25 06:00:00,42.8468,26.1068,34.21055
1990-03-26 06:00:00,34.9268,26.916801,32.0693
1990-03-27 06:00:00,42.4868,22.956799,32.82305
1990-03-28 06:00:00,46.6268,27.9068,38.32805
1990-03-29 06:00:00,39.8768,36.5468,38.3918
1990-03-30 06:00:00,42.8468,35.5568,38.38055
1990-03-31 06:00:00,48.3368,36.5468,41.5568
1990-04-01 06:00:00,57.4268,39.6068,48.700554
1990-04-02 06:00:00,40.1468,33.5768,38.20055
1990-04-03 06:00:00,45.006798,28.7168,35.5268
1990-04-04 06:00:00,52.5668,28.5368,40.8068
1990-04-05 06:00:00,41.6768,28.6268,36.04055
1990-04-06 06:00:00,39.3368,27.2768,32.3918
1990-04-07 06:00:00,41.7668,25.9268,33.3668
1990-04-08 06:00:00,55.8968,29.7968,44.17055
1990-04-09 06:00:00,54.636803,44.9168,48.873055
1990-04-10 06:00:00,46.8068,35.2868,40.14305
1990-04-11 06:00:00,39.7868,27.3668,34.63805
1990-04-12 06:00:00,41.4968,27.9968,35.1893
1990-04-13 06:00:00,50.9468,31.5068,41.32055
1990-04-14 06:00:00,52.5668,40.8668,44.8718
1990-04-15 06:00:00,53.2868,35.8268,45.655552
1990-04-16 06:00:00,60.3068,32.4068,45.79805
1990-04-17 06:00:00,44.1068,31.5968,37.7843
1990-04-18 06:00:00,51.3968,29.5268,40.96805
1990-04-19 06:00:00,52.386803,38.1668,46.89305
1990-04-20 06:00:00,64.9868,50.8568,56.51555
1990-04-21 06:00:00,57.3368,41.136803,48.396797
1990-04-22 06:00:00,63.9068,37.8968,52.150547
1990-04-23 06:00:00,73.9868,49.0568,62.3543
1990-04-24 06:00:00,80.0168,61.026802,70.503044
1990-04-25 06:00:00,81.816795,63.7268,72.20555
1990-04-26 06:00:00,79.2068,63.5468,71.350555
1990-04-27 06:00:00,77.9468,63.276802,70.9568
1990-04-28 06:00:00,66.9668,52.2068,61.784298
1990-04-29 06:00:00,65.7968,47.526802,57.441795
1990-04-30 06:00:00,60.5768,48.9668,56.5718
1990-05-01 06:00:00,56.6168,45.0968,50.95055
1990-05-02 06:00:00,60.3068,40.326797,51.850548
1990-05-03 06:00:00,55.6268,48.1568,50.7968
1990-05-04 06:00:00,53.4668,43.2968,46.9718
1990-05-05 06:00:00,61.2968,42.576797,51.34055
1990-05-06 06:00:00,59.136803,43.2068,52.4918
1990-05-07 06:00:00,72.996796,49.686802,62.3843
1990-05-08 06:00:00,76.6868,59.3168,68.0843
1990-05-09 06:00:00,72.4568,58.2368,65.260544
1990-05-10 06:00:00,53.2868,37.0868,43.14305
1990-05-11 06:00:00,59.4968,39.8768,50.2568
1990-05-12 06:00:00,52.2068,47.9768,50.10305
1990-05-13 06:00:00,59.2268,46.8968,52.45055
1990-05-14 06:00:00,64.4468,47.7968,56.421803
1990-05-15 06:00:00,66.6968,54.186802,59.16305
1990-05-16 06:00:00,73.3568,60.9368,68.0393
1990-05-17 06:00:00,61.026802,53.1968,57.7043
1990-05-18 06:00:00,67.8668,50.4968,58.214302
1990-05-19 06:00:00,66.246796,53.4668,60.29555
1990-05-20 06:00:00,63.6368,49.1468,54.51305
1990-05-21 06:00:00,54.5468,48.2468,50.504303
1990-05-22 06:00:00,59.4968,46.5368,53.27555
1990-05-23 06:00:00,67.5968,45.186802,57.479298
1990-05-24 06:00:00,69.1268,51.3968,61.026802
1990-05-25 06:00:00,62.466797,56.7968,59.358055
1990-05-26 06:00:00,64.7168,54.7268,59.45555
1990-05-27 06:00:00,67.3268,56.1668,60.700554
1990-05-28 06:00:00,67.416794,55.2668,60.839302
1990-05-29 06:00:00,60.4868,48.4268,54.951805
1990-05-30 06:00:00,61.566795,47.6168,54.663048
1990-05-31 06:00:00,70.566795,46.3568,60.374302
1990-06-01 06:00:00,80.0168,58.2368,69.764305
1990-06-02 06:00:00,77.8568,64.8968,71.80805
1990-06-03 06:00:00,70.0268,51.4868,61.240547
1990-06-04 06:00:00,57.4268,46.1768,51.224304
1990-06-05 06:00:00,63.096798,42.1268,54.8468
1990-06-06 06:00:00,78.4868,58.9568,69.22056
1990-06-07 06:00:00,75.1568,61.026802,69.0068
1990-06-08 06:00:00,79.4768,66.066795,71.55305
1990-06-09 06:00:00,76.7768,63.9068,70.019295
1990-06-10 06:00:00,70.746796,59.6768,64.8068
1990-06-11 06:00:00,76.6868,56.436802,68.0618
1990-06-12 06:00:00,82.9868,66.3368,74.38805
1990-06-13 06:00:00,86.0468,70.2068,78.53555
1990-06-14 06:00:00,79.1168,67.7768,73.06055
1990-06-15 06:00:00,81.0068,64.3568,72.700554
1990-06-16 06:00:00,83.5268,70.8368,76.7768
1990-06-17 06:00:00,87.0368,75.7868,80.99555
1990-06-18 06:00:00,81.4568,66.4268,74.50055
1990-06-19 06:00:00,70.2968,59.8568,65.97305
1990-06-20 06:00:00,77.5868,67.3268,71.2043
1990-06-21 06:00:00,82.1768,63.5468,73.1393
1990-06-22 06:00:00,69.5768,60.756798,65.44805
1990-06-23 06:00:00,70.2968,58.596798,63.531803
1990-06-24 06:00:00,74.3468,54.7268,65.3018
1990-06-25 06:00:00,81.9068,57.6968,71.1818
1990-06-26 06:00:00,81.636795,66.5168,72.1718
1990-06-27 06:00:00,84.69679,66.246796,74.1443
1990-06-28 06:00:00,85.2368,68.4068,78.1568
1990-06-29 06:00:00,84.69679,72.816795,78.29555
1990-06-30 06:00:00,88.2968,73.5368,80.403046
1990-07-01 06:00:00,74.7968,63.816795,70.3043
1990-07-02 06:00:00,80.6468,59.8568,71.7518
1990-07-03 06:00:00,87.3968,67.416794,78.1718
1990-07-04 06:00:00,93.966805,77.496796,85.60805
1990-07-05 06:00:00,83.166794,66.4268,75.03305
1990-07-06 06:00:00,67.5968,62.646797,65.2868
1990-07-07 06:00:00,79.746796,61.8368,71.08055
1990-07-08 06:00:00,91.6268,70.9268,81.6818
1990-07-09 06:00:00,85.416794,75.3368,79.73555
1990-07-10 06:00:00,75.5168,69.9368,73.019295
1990-07-11 06:00:00,72.0968,66.1568,69.3293
1990-07-12 06:00:00,70.4768,64.9868,67.2968
1990-07-13 06:00:00,68.136795,61.026802,64.10931
1990-07-14 06:00:00,68.9468,60.9368,65.504295
1990-07-15 06:00:00,69.5768,61.2968,65.1143
1990-07-16 06:00:00,79.9268,61.6568,71.82305
1990-07-17 06:00:00,84.5168,68.0468,76.30055
1990-07-18 06:00:00,85.0568,68.8568,76.608055
1990-07-19 06:00:00,84.9668,69.666794,76.27805
1990-07-20 06:00:00,75.6968,68.496796,70.9718
1990-07-21 06:00:00,79.6568,66.6068,73.386795
1990-07-22 06:00:00,72.816795,64.1768,69.39305
1990-07-23 06:00:00,76.0568,61.2068,68.913055
1990-07-24 06:00:00,77.4068,61.4768,70.3043
1990-07-25 06:00:00,80.1068,62.1968,72.75305
1990-07-26 06:00:00,81.1868,67.8668,74.8643
1990-07-27 06:00:00,81.2768,68.496796,75.4418
1990-07-28 06:00:00,85.1468,71.3768,77.8793
1990-07-29 06:00:00,82.2668,72.0068,75.4493
1990-07-30 06:00:00,73.8068,65.886795,70.6268
1990-07-31 06:00:00,68.7668,59.136803,64.7243
1990-08-01 06:00:00,74.5268,55.7168,66.8843
1990-08-02 06:00:00,78.4868,60.5768,70.64555
1990-08-03 06:00:00,82.3568,64.5368,73.5668
1990-08-04 06:00:00,78.5768,69.4868,72.4493
1990-08-05 06:00:00,73.6268,64.9868,69.49805
1990-08-06 06:00:00,65.9768,60.396797,62.958054
1990-08-07 06:00:00,73.8968,56.7968,65.29805
1990-08-08 06:00:00,78.1268,57.8768,68.44055
1990-08-09 06:00:00,78.8468,59.8568,70.16555
1990-08-10 06:00:00,78.2168,63.9068,70.3118
1990-08-11 06:00:00,77.496796,63.096798,70.9193
1990-08-12 06:00:00,75.8768,65.6168,69.3293
1990-08-13 06:00:00,71.6468,60.0368,67.01555
1990-08-14 06:00:00,76.3268,55.8968,67.17305
1990-08-15 06:00:00,80.7368,64.3568,72.6968
1990-08-16 06:00:00,81.4568,65.4368,73.51055
1990-08-17 06:00:00,76.2368,69.2168,72.72305
1990-08-18 06:00:00,88.9268,69.666794,78.7793
1990-08-19 06:00:00,85.0568,72.0968,77.2868
1990-08-20 06:00:00,74.7068,71.1068,72.40055
1990-08-21 06:00:00,71.1068,69.2168,70.4468
1990-08-22 06:00:00,73.2668,67.0568,70.37555
1990-08-23 06:00:00,77.0468,63.6368,70.69055
1990-08-24 06:00:00,80.7368,66.246796,73.5293
1990-08-25 06:00:00,84.69679,68.6768,76.5218
1990-08-26 06:00:00,87.666794,70.6568,79.2818
1990-08-27 06:00:00,90.90681,72.816795,81.929306
1990-08-28 06:00:00,88.746796,72.996796,81.303055
1990-08-29 06:00:00,83.346794,70.1168,76.04555
1990-08-30 06:00:00,76.5068,65.2568,70.9868
1990-08-31 06:00:00,80.8268,65.4368,73.319305
1990-09-01 06:00:00,86.2268,68.7668,77.12555
1990-09-02 06:00:00,81.1868,69.3968,75.6968
1990-09-03 06:00:00,77.9468,67.5968,72.5168
1990-09-04 06:00:00,88.8368,67.2368,77.99179
1990-09-05 06:00:00,81.5468,74.0768,77.35055
1990-09-06 06:00:00,91.9868,74.0768,82.675545
1990-09-07 06:00:00,77.316795,69.4868,73.480545
1990-09-08 06:00:00,73.8968,64.9868,70.068054
1990-09-09 06:00:00,80.3768,67.5068,73.319305
1990-09-10 06:00:00,81.3668,67.5068,74.0168
1990-09-11 06:00:00,79.6568,69.9368,74.10306
1990-09-12 06:00:00,81.5468,66.4268,74.13305
1990-09-13 06:00:00,81.3668,66.7868,74.29805
1990-09-14 06:00:00,73.2668,63.276802,69.06305
1990-09-15 06:00:00,69.4868,58.3268,63.809303
1990-09-16 06:00:00,61.2968,55.2668,58.746803
1990-09-17 06:00:00,59.7668,54.186802,57.0143
1990-09-18 06:00:00,59.9468,53.1068,56.733047
1990-09-19 06:00:00,64.4468,56.526802,60.284294
1990-09-20 06:00:00,67.5068,53.1068,60.828053
1990-09-21 06:00:00,67.5068,58.596798,62.4593
1990-09-22 06:00:00,63.096798,51.5768,56.64305
1990-09-23 06:00:00,53.3768,46.0868,49.96805
1990-09-24 06:00:00,63.7268,43.2068,53.7668
1990-09-25 06:00:00,75.1568,54.276802,63.48305
1990-09-26 06:00:00,73.2668,57.6068,64.7393
1990-09-27 06:00:00,78.4868,56.3468,66.32555
1990-09-28 06:00:00,72.1868,56.3468,63.479298
1990-09-29 06:00:00,64.7168,57.5168,60.7493
1990-09-30 06:00:00,61.2068,50.136803,55.529305
1990-10-01 06:00:00,66.6968,48.0668,56.8118
1990-10-02 06:00:00,68.7668,46.8068,58.776802
1990-10-03 06:00:00,76.9568,53.4668,65.1518
1990-10-04 06:00:00,66.066795,50.5868,58.716805
1990-10-05 06:00:00,79.1168,57.0668,68.020546
1990-10-06 06:00:00,78.666794,65.7968,71.38055
1990-10-07 06:00:00,68.4068,54.186802,58.60805
1990-10-08 06:00:00,54.3668,50.3168,52.1843
1990-10-09 06:00:00,50.2268,47.3468,48.171803
1990-10-10 06:00:00,50.7668,37.8068,44.27555
1990-10-11 06:00:00,55.8068,36.4568,45.644302
1990-10-12 06:00:00,59.7668,38.8868,49.77305
1990-10-13 06:00:00,61.1168,44.1068,53.2418
1990-10-14 06:00:00,65.166794,51.2168,56.0618
1990-10-15 06:00:00,58.506798,45.8168,52.008053
1990-10-16 06:00:00,63.7268,47.7968,56.2568
1990-10-17 06:00:00,74.2568,53.0168,66.0443
1990-10-18 06:00:00,52.4768,39.9668,43.79555
1990-10-19 06:00:00,49.776802,36.3668,43.23305
1990-10-20 06:00:00,62.016796,42.756798,51.9218
1990-10-21 06:00:00,56.0768,45.4568,51.445553
1990-10-22 06:00:00,49.776802,38.0768,44.3693
1990-10-23 06:00:00,58.4168,34.7468,46.7168
1990-10-24 06:00:00,52.386803,42.9368,47.249302
1990-10-25 06:00:00,47.6168,37.8968,42.9368
1990-10-26 06:00:00,51.5768,32.5868,43.08305
1990-10-27 06:00:00,60.0368,43.2068,48.989304
1990-10-28 06:00:00,47.256798,35.6468,43.0343
1990-10-29 06:00:00,56.0768,35.5568,45.45305
1990-10-30 06:00:00,67.7768,49.2368,56.380554
1990-10-31 06:00:00,67.416794,48.2468,56.72555
1990-11-01 06:00:00,68.7668,51.756798,59.55305
1990-11-02 06:00:00,67.416794,57.5168,61.82555
1990-11-03 06:00:00,66.7868,56.256798,61.139294
1990-11-04 06:00:00,54.9068,43.2968,45.10805
1990-11-05 06:00:00,50.7668,35.6468,42.2843
1990-11-06 06:00:00,42.6668,33.6668,38.3768
1990-11-07 06:00:00,39.0668,31.1468,35.8118
1990-11-08 06:00:00,40.2368,25.8368,34.7168
1990-11-09 06:00:00,41.136803,33.7568,36.99305
1990-11-10 06:00:00,48.1568,30.6068,38.16305
1990-11-11 06:00:00,46.3568,28.5368,36.64805
1990-11-12 06:00:00,42.3068,30.5168,35.83055
1990-11-13 06:00:00,44.5568,30.9668,38.04305
1990-11-14 06:00:00,60.6668,36.8168,48.370552
1990-11-15 06:00:00,65.6168,51.5768,58.165546
1990-11-16 06:00:00,59.136803,43.6568,53.3543
1990-11-17 06:00:00,47.0768,36.7268,41.57555
1990-11-18 06:00:00,47.9768,38.3468,42.34805
1990-11-19 06:00:00,51.756798,40.9568,45.7868
1990-11-20 06:00:00,55.4468,35.1968,45.99305
1990-11-21 06:00:00,66.066795,50.9468,58.386803
1990-11-22 06:00:00,58.776802,38.5268,46.78055
1990-11-23 06:00:00,48.3368,38.5268,43.9343
1990-11-24 06:00:00,50.9468,35.1068,43.64555
1990-11-25 06:00:00,48.6968,38.3468,43.39805
1990-11-26 06:00:00,63.816795,38.6168,50.5193
1990-11-27 06:00:00,65.4368,55.3568,63.28805
1990-11-28 06:00:00,51.0368,31.1468,35.624302
1990-11-29 06:00:00,36.6368,27.0068,31.3043
1990-11-30 06:00:00,47.7068,31.6868,40.14305
1990-12-01 06:00:00,47.6168,36.6368,42.56555
1990-12-02 06:00:00,39.2468,32.2268,36.1643
1990-12-03 06:00:00,41.136803,26.4668,34.1618
1990-12-04 06:00:00,26.1068,20.706799,24.10805
1990-12-05 06:00:00,40.4168,18.2768,29.32055
1990-12-06 06:00:00,34.1168,25.0268,31.00055
1990-12-07 06:00:00,38.7068,20.4368,29.70305
1990-12-08 06:00:00,43.8368,25.8368,33.374302
1990-12-09 06:00:00,52.2968,32.4068,40.9043
1990-12-10 06:00:00,43.5668,34.5668,38.03555
1990-12-11 06:00:00,52.026802,34.026802,41.44055
1990-12-12 06:00:00,55.3568,37.5368,45.4343
1990-12-13 06:00:00,37.0868,29.2568,31.9868
1990-12-14 06:00:00,34.9268,27.9968,31.7018
1990-12-15 06:00:00,44.8268,33.1268,37.09805
1990-12-16 06:00:00,37.4468,29.4368,33.5468
1990-12-17 06:00:00,38.0768,33.3068,36.53555
1990-12-18 06:00:00,36.3668,31.1468,33.19805
1990-12-19 06:00:00,35.1968,30.0668,32.4068
1990-12-20 06:00:00,45.7268,31.9568,37.56305
1990-12-21 06:00:00,43.8368,36.0968,41.01305
1990-12-22 06:00:00,34.3868,9.816799,16.675552
1990-12-23 06:00:00,12.156799,4.5067997,8.583048
1990-12-24 06:00:00,15.486801,3.6967983,9.921799
1990-12-25 06:00:00,26.916801,5.4067993,17.4293
1990-12-26 06:00:00,12.876801,-0.26320267,7.004299
1990-12-27 06:00:00,24.396801,11.5268,18.569302
1990-12-28 06:00:00,39.2468,23.8568,29.91305
1990-12-29 06:00:00,45.7268,29.2568,38.69555
1990-12-30 06:00:00,28.0868,5.8568,16.803051
1990-12-31 06:00:00,12.966801,-1.7932014,6.111801
1991-01-01 06:00:00,28.7168,9.3668,18.81305
1991-01-02 06:00:00,28.2668,12.156799,21.18305
1991-01-03 06:00:00,15.486801,2.6167965,8.924301
1991-01-04 06:00:00,23.9468,6.396799,14.751804
1991-01-05 06:00:00,27.8168,19.896801,22.97555
1991-01-06 06:00:00,25.6568,16.9268,21.95555
1991-01-07 06:00:00,26.0168,21.6968,24.4568
1991-01-08 06:00:00,29.0768,19.986801,24.670547
1991-01-09 06:00:00,28.6268,22.8668,26.4293
1991-01-10 06:00:00,28.3568,22.056799,26.07305
1991-01-11 06:00:00,33.3068,27.636799,30.47555
1991-01-12 06:00:00,27.9968,23.226799,25.8518
1991-01-13 06:00:00,33.1268,20.706799,26.234299
1991-01-14 06:00:00,36.1868,28.2668,31.6418
1991-01-15 06:00:00,35.0168,20.3468,28.956799
1991-01-16 06:00:00,34.9268,24.6668,32.40305
1991-01-17 06:00:00,29.9768,19.986801,25.064299
1991-01-18 06:00:00,29.8868,16.2968,23.789299
1991-01-19 06:00:00,42.9368,27.726799,34.6118
1991-01-20 06:00:00,35.1068,14.496799,28.52555
1991-01-21 06:00:00,13.146801,3.6967983,7.986803
1991-01-22 06:00:00,25.7468,-2.4231987,10.139301
1991-01-23 06:00:00,30.8768,13.686802,24.49805
1991-01-24 06:00:00,13.956799,2.2567997,9.445551
1991-01-25 06:00:00,15.0368,-5.8432007,4.949301
1991-01-26 06:00:00,23.7668,6.306799,14.826801
1991-01-27 06:00:00,28.9868,14.226801,20.890549
1991-01-28 06:00:00,34.2068,17.556799,24.8393
1991-01-29 06:00:00,24.6668,13.8668,20.2418
1991-01-30 06:00:00,23.3168,9.636801,14.770552
1991-01-31 06:00:00,24.6668,9.906799,16.983051
1991-02-01 06:00:00,40.8668,14.046801,27.9668
1991-02-02 06:00:00,45.006798,29.1668,36.1568
1991-02-03 06:00:00,53.1068,32.8568,40.42805
1991-02-04 06:00:00,54.186802,37.0868,43.03805
1991-02-05 06:00:00,42.3968,28.6268,34.12055
1991-02-06 06:00:00,36.2768,29.8868,32.1068
1991-02-07 06:00:00,36.9068,25.8368,32.3018
1991-02-08 06:00:00,47.7068,24.9368,35.2568
1991-02-09 06:00:00,41.0468,28.7168,33.76805
1991-02-10 06:00:00,35.1968,27.0968,30.69305
1991-02-11 06:00:00,28.4468,20.5268,23.9993
1991-02-12 06:00:00,35.9168,16.4768,25.7918
1991-02-13 06:00:00,35.2868,25.5668,29.80055
1991-02-14 06:00:00,27.1868,13.326801,22.8293
1991-02-15 06:00:00,11.886801,3.7868004,7.3868027
1991-02-16 06:00:00,30.5168,2.8867989,17.2043
1991-02-17 06:00:00,36.1868,25.476799,31.75805
1991-02-18 06:00:00,46.8068,30.8768,36.5993
1991-02-19 06:00:00,46.4468,29.3468,36.0743
1991-02-20 06:00:00,48.4268,26.0168,36.745552
1991-02-21 06:00:00,56.7068,33.5768,43.69805
1991-02-22 06:00:00,42.0368,25.2968,34.35305
1991-02-23 06:00:00,35.4668,22.5968,29.6168
1991-02-24 06:00:00,33.8468,23.6768,30.1793
1991-02-25 06:00:00,26.4668,17.4668,21.53555
1991-02-26 06:00:00,29.4368,15.6668,22.8743
1991-02-27 06:00:00,33.0368,21.6068,26.5193
1991-02-28 06:00:00,47.1668,25.7468,36.2918
1991-03-01 06:00:00,52.386803,45.0968,47.320553
1991-03-02 06:00:00,48.0668,20.6168,35.86055
1991-03-03 06:00:00,26.1068,16.0268,20.02805
1991-03-04 06:00:00,39.8768,17.3768,27.0218
1991-03-05 06:00:00,52.6568,25.6568,40.81055
1991-03-06 06:00:00,47.1668,29.7068,39.760548
1991-03-07 06:00:00,34.4768,23.6768,27.88805
1991-03-08 06:00:00,43.4768,21.6968,33.25805
1991-03-09 06:00:00,38.2568,31.0568,34.5668
1991-03-10 06:00:00,38.8868,27.4568,31.6268
1991-03-11 06:00:00,42.9368,28.8068,34.870552
1991-03-12 06:00:00,33.0368,28.9868,31.1543
1991-03-13 06:00:00,32.6768,26.8268,29.7443
1991-03-14 06:00:00,33.9368,24.9368,28.67555
1991-03-15 06:00:00,38.3468,19.896801,29.5718
1991-03-16 06:00:00,46.1768,24.5768,35.7593
1991-03-17 06:00:00,42.2168,32.6768,37.29305
1991-03-18 06:00:00,49.3268,34.026802,40.300552
1991-03-19 06:00:00,56.256798,36.7268,45.01805
1991-03-20 06:00:00,56.3468,33.5768,47.1218
1991-03-21 06:00:00,70.0268,48.4268,58.765556
1991-03-22 06:00:00,64.9868,52.1168,58.5143
1991-03-23 06:00:00,59.4068,37.9868,47.00555
1991-03-24 06:00:00,50.136803,38.3468,43.311802
1991-03-25 06:00:00,57.6068,33.7568,46.7993
1991-03-26 06:00:00,70.2068,49.686802,59.928055
1991-03-27 06:00:00,73.1768,40.776802,62.403053
1991-03-28 06:00:00,53.1068,33.4868,41.14805
1991-03-29 06:00:00,33.8468,28.0868,30.9293
1991-03-30 06:00:00,38.1668,25.2068,31.45055
1991-03-31 06:00:00,52.2968,32.3168,40.72055
1991-04-01 06:00:00,47.7968,29.9768,38.268047
1991-04-02 06:00:00,48.3368,27.0068,38.5568
1991-04-03 06:00:00,59.136803,36.6368,47.77055
1991-04-04 06:00:00,54.3668,48.6068,51.6743
1991-04-05 06:00:00,72.4568,44.7368,59.0243
1991-04-06 06:00:00,76.8668,55.9868,65.94679
1991-04-07 06:00:00,76.0568,57.1568,66.419304
1991-04-08 06:00:00,70.566795,58.146797,65.11055
1991-04-09 06:00:00,61.026802,36.2768,50.20055
1991-04-10 06:00:00,49.506798,34.5668,39.76805
1991-04-11 06:00:00,41.9468,32.7668,38.609303
1991-04-12 06:00:00,50.2268,38.6168,44.5568
1991-04-13 06:00:00,49.8668,43.4768,47.03555
1991-04-14 06:00:00,68.0468,48.3368,55.548054
1991-04-15 06:00:00,61.8368,42.6668,51.1193
1991-04-16 06:00:00,59.7668,44.3768,51.303047
1991-04-17 06:00:00,51.4868,39.9668,45.828053
1991-04-18 06:00:00,53.8268,39.8768,46.87805
1991-04-19 06:00:00,49.3268,42.1268,45.0218
1991-04-20 06:00:00,46.2668,39.6068,41.9168
1991-04-21 06:00:00,49.506798,39.6968,43.60805
1991-04-22 06:00:00,60.2168,36.2768,49.124302
1991-04-23 06:00:00,57.3368,41.8568,47.69555
1991-04-24 06:00:00,59.0468,39.8768,48.82055
1991-04-25 06:00:00,61.566795,40.506798,51.6818
1991-04-26 06:00:00,66.246796,47.436802,57.34055
1991-04-27 06:00:00,69.7568,58.146797,63.2093
1991-04-28 06:00:00,70.1168,56.6168,61.46555
1991-04-29 06:00:00,75.066795,60.3068,65.5493
1991-04-30 06:00:00,63.4568,52.5668,57.7493
1991-05-01 06:00:00,59.136803,46.8068,53.080547
1991-05-02 06:00:00,64.0868,44.1068,53.4668
1991-05-03 06:00:00,52.2068,43.2068,47.47805
1991-05-04 06:00:00,57.8768,49.0568,52.750553
1991-05-05 06:00:00,64.4468,46.4468,55.4618
1991-05-06 06:00:00,50.4068,44.4668,47.18555
1991-05-07 06:00:00,62.466797,41.5868,52.1318
1991-05-08 06:00:00,62.646797,49.1468,55.9043
1991-05-09 06:00:00,72.996796,55.1768,63.873047
1991-05-10 06:00:00,72.0968,56.0768,65.44055
1991-05-11 06:00:00,79.2968,62.466797,71.14055
1991-05-12 06:00:00,81.5468,62.5568,72.115555
1991-05-13 06:00:00,83.6168,64.4468,74.49306
1991-05-14 06:00:00,81.2768,65.166794,71.8193
1991-05-15 06:00:00,81.0068,64.3568,72.20555
1991-05-16 06:00:00,80.1068,67.416794,72.2168
1991-05-17 06:00:00,68.4068,52.1168,59.76305
1991-05-18 06:00:00,56.0768,50.9468,53.125553
1991-05-19 06:00:00,60.756798,52.7468,56.18555
1991-05-20 06:00:00,69.2168,54.3668,61.57055
1991-05-21 06:00:00,79.6568,58.596798,69.54305
1991-05-22 06:00:00,79.9268,67.0568,73.0943
1991-05-23 06:00:00,80.7368,68.4068,74.028046
1991-05-24 06:00:00,82.3568,70.1168,74.96555
1991-05-25 06:00:00,78.9368,67.8668,72.8168
1991-05-26 06:00:00,79.9268,70.2968,74.3018
1991-05-27 06:00:00,85.0568,66.6968,76.1393
1991-05-28 06:00:00,88.8368,69.8468,80.1068
1991-05-29 06:00:00,87.1268,72.1868,78.959305
1991-05-30 06:00:00,87.1268,71.0168,77.91305
1991-05-31 06:00:00,86.136795,70.6568,77.7518
1991-06-01 06:00:00,80.7368,69.8468,73.4018
1991-06-02 06:00:00,80.1968,66.3368,72.83555
1991-06-03 06:00:00,74.3468,63.6368,68.5043
1991-06-04 06:00:00,66.246796,59.4968,62.883053
1991-06-05 06:00:00,68.5868,57.6068,62.928055
1991-06-06 06:00:00,71.4668,59.4968,65.6243
1991-06-07 06:00:00,77.5868,59.4968,69.3368
1991-06-08 06:00:00,77.7668,60.396797,70.450554
1991-06-09 06:00:00,83.7068,59.4968,73.2893
1991-06-10 06:00:00,83.6168,66.066795,75.565544
1991-06-11 06:00:00,80.0168,66.3368,72.363045
1991-06-12 06:00:00,81.2768,64.3568,71.1518
1991-06-13 06:00:00,85.2368,64.1768,75.8768
1991-06-14 06:00:00,88.6568,72.0968,80.87929
1991-06-15 06:00:00,85.6868,74.886795,78.67055
1991-06-16 06:00:00,75.5168,64.0868,71.3093
1991-06-17 06:00:00,78.2168,61.7468,70.59305
1991-06-18 06:00:00,83.2568,63.6368,74.733055
1991-06-19 06:00:00,83.7068,67.0568,75.70805
1991-06-20 06:00:00,86.6768,67.7768,78.03306
1991-06-21 06:00:00,88.386795,66.9668,77.11431
1991-06-22 06:00:00,68.4068,63.276802,66.07805
1991-06-23 06:00:00,71.8268,62.3768,66.629295
1991-06-24 06:00:00,76.5968,62.8268,69.94805
1991-06-25 06:00:00,81.636795,63.4568,73.82929
1991-06-26 06:00:00,89.3768,68.7668,80.10305
1991-06-27 06:00:00,88.9268,74.0768,81.621796
1991-06-28 06:00:00,89.1068,71.7368,80.79306
1991-06-29 06:00:00,92.3468,74.166794,83.65056
1991-06-30 06:00:00,80.4668,69.666794,75.76431
1991-07-01 06:00:00,93.0668,69.666794,80.51555
1991-07-02 06:00:00,88.6568,70.746796,80.3018
1991-07-03 06:00:00,86.136795,69.5768,77.86056
1991-07-04 06:00:00,81.2768,68.2268,74.7593
1991-07-05 06:00:00,86.316795,67.0568,76.87429
1991-07-06 06:00:00,93.606804,70.8368,80.62056
1991-07-07 06:00:00,90.90681,71.7368,79.61181
1991-07-08 06:00:00,77.6768,67.7768,73.045555
1991-07-09 06:00:00,76.5068,66.8768,71.51555
1991-07-10 06:00:00,80.3768,63.276802,73.61929
1991-07-11 06:00:00,82.2668,69.666794,76.5368
1991-07-12 06:00:00,83.4368,70.746796,76.371796
1991-07-13 06:00:00,75.6068,67.7768,70.9568
1991-07-14 06:00:00,75.246796,65.3468,70.15805
1991-07-15 06:00:00,81.3668,62.466797,73.053055
1991-07-16 06:00:00,87.1268,63.7268,77.04305
1991-07-17 06:00:00,90.0968,70.566795,80.71805
1991-07-18 06:00:00,92.256805,72.996796,83.08804
1991-07-19 06:00:00,94.3268,73.6268,84.21681
1991-07-20 06:00:00,92.7968,76.0568,85.03055
1991-07-21 06:00:00,89.8268,76.7768,82.23679
1991-07-22 06:00:00,92.886795,75.246796,82.4243
1991-07-23 06:00:00,82.2668,71.4668,77.45555
1991-07-24 06:00:00,81.1868,66.9668,74.238045
1991-07-25 06:00:00,72.4568,65.4368,68.88305
1991-07-26 06:00:00,72.0068,62.1968,67.2443
1991-07-27 06:00:00,74.166794,61.3868,68.48554
1991-07-28 06:00:00,80.0168,66.3368,72.9293
1991-07-29 06:00:00,74.7068,65.0768,69.3593
1991-07-30 06:00:00,74.3468,61.026802,67.9643
1991-07-31 06:00:00,86.94679,63.006798,75.64055
1991-08-01 06:00:00,88.6568,69.0368,79.00055
1991-08-02 06:00:00,94.4168,72.3668,82.34555
1991-08-03 06:00:00,76.0568,69.5768,72.68555
1991-08-04 06:00:00,74.4368,64.8068,69.381805
1991-08-05 06:00:00,71.1068,63.6368,67.51056
1991-08-06 06:00:00,78.0368,68.496796,72.9218
1991-08-07 06:00:00,78.0368,68.496796,73.56305
1991-08-08 06:00:00,74.0768,65.6168,68.74055
1991-08-09 06:00:00,74.9768,65.4368,69.6893
1991-08-10 06:00:00,77.4068,63.816795,70.0793
1991-08-11 06:00:00,79.1168,62.016796,71.1893
1991-08-12 06:00:00,78.8468,64.8068,72.0368
1991-08-13 06:00:00,79.0268,64.2668,71.93555
1991-08-14 06:00:00,82.9868,62.286797,73.6868
1991-08-15 06:00:00,85.5068,66.3368,76.255554
1991-08-16 06:00:00,86.136795,67.5068,77.71431
1991-08-17 06:00:00,80.6468,68.6768,74.59055
1991-08-18 06:00:00,82.0868,66.6068,73.386795
1991-08-19 06:00:00,67.0568,62.5568,64.6718
1991-08-20 06:00:00,73.3568,63.816795,68.4068
1991-08-21 06:00:00,80.8268,59.5868,71.25305
1991-08-22 06:00:00,82.3568,68.9468,74.718056
1991-08-23 06:00:00,80.3768,67.3268,73.52555
1991-08-24 06:00:00,83.166794,68.8568,75.7118
1991-08-25 06:00:00,90.2768,69.2168,79.66805
1991-08-26 06:00:00,89.9168,73.3568,81.88805
1991-08-27 06:00:00,87.0368,73.5368,80.68056
1991-08-28 06:00:00,90.2768,73.7168,82.27805
1991-08-29 06:00:00,90.0968,74.6168,81.88055
1991-08-30 06:00:00,86.316795,73.4468,79.4318
1991-08-31 06:00:00,79.2968,69.3968,74.8943
1991-09-01 06:00:00,73.3568,62.646797,68.725555
1991-09-02 06:00:00,82.3568,63.3668,72.41555
1991-09-03 06:00:00,81.0068,70.746796,74.1968
1991-09-04 06:00:00,74.7968,65.5268,70.450554
1991-09-05 06:00:00,76.5968,57.2468,68.58305
1991-09-06 06:00:00,81.9068,60.846798,72.63306
1991-09-07 06:00:00,87.4868,66.4268,77.065544
1991-09-08 06:00:00,85.5068,69.666794,77.0243
1991-09-09 06:00:00,91.0868,71.3768,79.41305
1991-09-10 06:00:00,78.9368,69.5768,73.90805
1991-09-11 06:00:00,71.0168,66.066795,68.331795
1991-09-12 06:00:00,80.1968,62.736797,71.16305
1991-09-13 06:00:00,82.2668,69.1268,74.9918
1991-09-14 06:00:00,86.136795,71.4668,78.02554
1991-09-15 06:00:00,86.8568,75.6068,80.193054
1991-09-16 06:00:00,76.1468,64.9868,72.183044
1991-09-17 06:00:00,74.6168,59.6768,67.465546
1991-09-18 06:00:00,67.6868,50.6768,58.735554
1991-09-19 06:00:00,53.1968,44.6468,49.04555
1991-09-20 06:00:00,55.8968,43.9268,49.35305
1991-09-21 06:00:00,64.4468,44.0168,54.663055
1991-09-22 06:00:00,66.4268,55.0868,60.0743
1991-09-23 06:00:00,62.5568,49.3268,55.480553
1991-09-24 06:00:00,58.9568,50.3168,54.16055
1991-09-25 06:00:00,62.646797,46.5368,54.15305
1991-09-26 06:00:00,57.4268,47.256798,51.85055
1991-09-27 06:00:00,57.1568,41.9468,49.88555
1991-09-28 06:00:00,59.8568,44.9168,51.7493
1991-09-29 06:00:00,64.6268,47.7068,57.123047
1991-09-30 06:00:00,78.1268,58.146797,66.9818
1991-10-01 06:00:00,71.3768,51.6668,62.74805
1991-10-02 06:00:00,75.9668,61.8368,67.54055
1991-10-03 06:00:00,69.1268,56.9768,61.975555
1991-10-04 06:00:00,65.7968,54.7268,59.1818
1991-10-05 06:00:00,58.506798,43.2968,49.3568
1991-10-06 06:00:00,51.6668,38.5268,44.9768
1991-10-07 06:00:00,53.7368,37.6268,45.741802
1991-10-08 06:00:00,69.0368,47.1668,58.0868
1991-10-09 06:00:00,69.5768,54.9068,61.484303
1991-10-10 06:00:00,62.736797,48.1568,56.148045
1991-10-11 06:00:00,63.1868,50.4068,55.776802
1991-10-12 06:00:00,55.4468,47.7968,51.651802
1991-10-13 06:00:00,55.2668,43.2968,49.8668
1991-10-14 06:00:00,54.9968,43.2068,50.01305
1991-10-15 06:00:00,46.0868,38.6168,42.1643
1991-10-16 06:00:00,57.6068,34.8368,46.47305
1991-10-17 06:00:00,68.0468,47.6168,57.1268
1991-10-18 06:00:00,56.256798,39.3368,50.151802
1991-10-19 06:00:00,44.7368,35.2868,39.14555
1991-10-20 06:00:00,52.1168,32.7668,42.3218
1991-10-21 06:00:00,62.8268,41.2268,51.3218
1991-10-22 06:00:00,71.7368,52.386803,61.6193
1991-10-23 06:00:00,73.8068,59.4068,65.920555
1991-10-24 06:00:00,72.3668,65.0768,68.06555
1991-10-25 06:00:00,65.7068,55.1768,61.056797
1991-10-26 06:00:00,57.7868,52.6568,54.516804
1991-10-27 06:00:00,57.3368,52.026802,54.99305
1991-10-28 06:00:00,58.8668,53.1068,56.324303
1991-10-29 06:00:00,67.3268,57.2468,62.073048
1991-10-30 06:00:00,59.5868,40.9568,46.22555
1991-10-31 06:00:00,53.8268,46.8068,49.99055
1991-11-01 06:00:00,55.3568,33.4868,47.4068
1991-11-02 06:00:00,32.7668,21.5168,26.639301
1991-11-03 06:00:00,22.956799,17.646801,20.47055
1991-11-04 06:00:00,24.1268,16.206799,20.59055
1991-11-05 06:00:00,35.2868,19.4468,28.40555
1991-11-06 06:00:00,34.4768,23.0468,27.9368
1991-11-07 06:00:00,26.1968,18.9068,22.06805
1991-11-08 06:00:00,29.3468,15.7568,21.8543
1991-11-09 06:00:00,35.3768,19.2668,26.64305
1991-11-10 06:00:00,40.8668,25.1168,32.6693
1991-11-11 06:00:00,40.326797,33.2168,36.3218
1991-11-12 06:00:00,38.4368,32.8568,35.2268
1991-11-13 06:00:00,51.3068,33.7568,41.230553
1991-11-14 06:00:00,57.7868,39.0668,49.3793
1991-11-15 06:00:00,55.6268,43.026802,50.26805
1991-11-16 06:00:00,43.9268,37.9868,40.91555
1991-11-17 06:00:00,48.7868,36.1868,42.730553
1991-11-18 06:00:00,63.9068,49.2368,58.1543
1991-11-19 06:00:00,63.096798,47.3468,57.99305
1991-11-20 06:00:00,46.4468,34.2068,42.0368
1991-11-21 06:00:00,49.5968,30.3368,40.2743
1991-11-22 06:00:00,51.3068,34.6568,43.255547
1991-11-23 06:00:00,44.4668,26.4668,36.72305
1991-11-24 06:00:00,30.1568,22.956799,26.9993
1991-11-25 06:00:00,27.0968,18.5468,22.7768
1991-11-26 06:00:00,34.2968,16.3868,25.476799
1991-11-27 06:00:00,40.5968,34.6568,37.1393
1991-11-28 06:00:00,38.1668,32.6768,35.65055
1991-11-29 06:00:00,58.146797,37.5368,49.184303
1991-11-30 06:00:00,59.2268,28.896801,43.0718
1991-12-01 06:00:00,30.9668,23.8568,27.2243
1991-12-02 06:00:00,33.5768,28.0868,31.0943
1991-12-03 06:00:00,31.5968,18.8168,26.4818
1991-12-04 06:00:00,19.806799,-1.4332047,6.93305
1991-12-05 06:00:00,35.3768,0.81679726,19.506802
1991-12-06 06:00:00,39.8768,7.7467995,22.165552
1991-12-07 06:00:00,47.9768,40.506798,44.35805
1991-12-08 06:00:00,61.566795,36.9068,50.9243
1991-12-09 06:00:00,42.1268,30.2468,35.1218
1991-12-10 06:00:00,47.6168,30.4268,38.52305
1991-12-11 06:00:00,44.6468,34.1168,38.808052
1991-12-12 06:00:00,58.8668,37.3568,48.70055
1991-12-13 06:00:00,45.0968,34.026802,38.00555
1991-12-14 06:00:00,36.4568,25.2968,29.86805
1991-12-15 06:00:00,28.4468,14.316799,22.7843
1991-12-16 06:00:00,35.1968,13.326801,24.378048
1991-12-17 06:00:00,34.2068,25.386799,30.52805
1991-12-18 06:00:00,24.2168,13.956799,18.569302
1991-12-19 06:00:00,29.1668,16.6568,23.361801
1991-12-20 06:00:00,34.4768,28.7168,32.0093
1991-12-21 06:00:00,37.9868,27.9068,32.0168
1991-12-22 06:00:00,39.1568,27.2768,33.9368
1991-12-23 06:00:00,35.6468,27.726799,32.7068
1991-12-24 06:00:00,40.2368,24.396801,30.75305
1991-12-25 06:00:00,39.5168,25.7468,31.68305
1991-12-26 06:00:00,42.0368,28.1768,33.3818
1991-12-27 06:00:00,36.9068,32.9468,34.6943
1991-12-28 06:00:00,36.1868,32.6768,34.4018
1991-12-29 06:00:00,35.1068,29.9768,33.05555
1991-12-30 06:00:00,35.2868,30.2468,32.89055
1991-12-31 06:00:00,34.4768,30.0668,31.7918
1992-01-01 06:00:00,34.3868,30.1568,31.9493
1992-01-02 06:00:00,41.5868,34.6568,38.1368
1992-01-03 06:00:00,40.776802,34.6568,37.8368
1992-01-04 06:00:00,37.6268,33.9368,35.15555
1992-01-05 06:00:00,37.3568,32.8568,34.9493
1992-01-06 06:00:00,40.6868,30.3368,34.776802
1992-01-07 06:00:00,35.8268,32.0468,34.1318
1992-01-08 06:00:00,41.5868,34.9268,37.300552
1992-01-09 06:00:00,42.576797,33.1268,37.96055
1992-01-10 06:00:00,34.9268,29.3468,31.30805
1992-01-11 06:00:00,44.4668,29.9768,36.23555
1992-01-12 06:00:00,39.9668,33.8468,37.214302
1992-01-13 06:00:00,39.2468,29.3468,35.69555
1992-01-14 06:00:00,28.3568,18.3668,21.9218
1992-01-15 06:00:00,22.236801,0.006799698,14.305548
1992-01-16 06:00:00,27.726799,-3.5932007,8.868052
1992-01-17 06:00:00,32.0468,13.7768,23.451801
1992-01-18 06:00:00,12.4268,3.8768005,7.4843025
1992-01-19 06:00:00,33.7568,1.0867977,15.4793
1992-01-20 06:00:00,31.0568,18.0068,25.3718
1992-01-21 06:00:00,40.6868,28.7168,32.73305
1992-01-22 06:00:00,43.7468,29.9768,35.5193
1992-01-23 06:00:00,37.8068,21.3368,31.96055
1992-01-24 06:00:00,24.1268,14.226801,19.210552
1992-01-25 06:00:00,27.9968,20.976799,24.1043
1992-01-26 06:00:00,26.916801,13.5068,20.819302
1992-01-27 06:00:00,35.2868,24.8468,29.373049
1992-01-28 06:00:00,31.4168,25.7468,28.4093
1992-01-29 06:00:00,37.2668,26.1068,30.92555
1992-01-30 06:00:00,38.6168,30.2468,34.30055
1992-01-31 06:00:00,36.8168,25.476799,31.7018
1992-02-01 06:00:00,32.4068,24.5768,27.363049
1992-02-02 06:00:00,47.526802,25.8368,34.5743
1992-02-03 06:00:00,53.9168,29.6168,40.6418
1992-02-04 06:00:00,40.6868,27.9968,34.1168
1992-02-05 06:00:00,38.3468,25.0268,30.5843
1992-02-06 06:00:00,40.326797,28.8068,33.61805
1992-02-07 06:00:00,31.9568,23.8568,28.7543
1992-02-08 06:00:00,23.4968,18.0068,20.740551
1992-02-09 06:00:00,25.8368,12.156799,19.12805
1992-02-10 06:00:00,36.8168,23.226799,31.00055
1992-02-11 06:00:00,33.1268,19.2668,26.5943
1992-02-12 06:00:00,27.726799,18.5468,23.3618
1992-02-13 06:00:00,36.9968,25.5668,30.4943
1992-02-14 06:00:00,37.1768,27.726799,32.4368
1992-02-15 06:00:00,36.8168,29.7968,33.6443
1992-02-16 06:00:00,40.6868,27.0968,33.8243
1992-02-17 06:00:00,40.776802,32.0468,35.9918
1992-02-18 06:00:00,42.8468,33.9368,37.124302
1992-02-19 06:00:00,38.7968,32.3168,35.5718
1992-02-20 06:00:00,48.0668,30.6968,38.18555
1992-02-21 06:00:00,34.6568,28.7168,31.34555
1992-02-22 06:00:00,44.0168,31.8668,36.0143
1992-02-23 06:00:00,40.776802,31.6868,36.31805
1992-02-24 06:00:00,40.9568,33.5768,37.03055
1992-02-25 06:00:00,36.3668,30.4268,33.6143
1992-02-26 06:00:00,43.9268,28.8068,35.0843
1992-02-27 06:00:00,46.1768,31.8668,38.238052
1992-02-28 06:00:00,48.3368,26.5568,37.31555
1992-02-29 06:00:00,37.2668,25.1168,30.91805
1992-03-01 06:00:00,61.8368,34.5668,47.789303
1992-03-02 06:00:00,53.1968,33.0368,40.8593
1992-03-03 06:00:00,48.4268,34.9268,39.9668
1992-03-04 06:00:00,55.7168,35.5568,45.2093
1992-03-05 06:00:00,58.0568,48.8768,53.020554
1992-03-06 06:00:00,59.5868,46.2668,52.176804
1992-03-07 06:00:00,50.4068,43.8368,46.6418
1992-03-08 06:00:00,59.2268,43.7468,50.7443
1992-03-09 06:00:00,60.4868,27.726799,48.41555
1992-03-10 06:00:00,26.916801,19.1768,22.004301
1992-03-11 06:00:00,28.0868,16.4768,21.5543
1992-03-12 06:00:00,28.0868,19.086802,23.39555
1992-03-13 06:00:00,33.3068,22.4168,27.546799
1992-03-14 06:00:00,32.7668,26.1068,28.7693
1992-03-15 06:00:00,33.9368,22.3268,27.8543
1992-03-16 06:00:00,45.9068,22.146801,35.00555
1992-03-17 06:00:00,41.4068,31.6868,37.4693
1992-03-18 06:00:00,34.7468,29.9768,32.3093
1992-03-19 06:00:00,37.1768,26.0168,31.8068
1992-03-20 06:00:00,42.1268,25.5668,33.28055
1992-03-21 06:00:00,33.5768,24.8468,30.3443
1992-03-22 06:00:00,31.7768,11.436802,26.976799
1992-03-23 06:00:00,38.0768,11.3468,25.439299
1992-03-24 06:00:00,55.0868,23.9468,40.03055
1992-03-25 06:00:00,51.0368,37.3568,43.983047
1992-03-26 06:00:00,48.8768,33.3068,38.3843
1992-03-27 06:00:00,38.7968,27.636799,32.72555
1992-03-28 06:00:00,41.7668,29.5268,35.4818
1992-03-29 06:00:00,42.9368,35.1968,38.3843
1992-03-30 06:00:00,45.5468,30.9668,38.3318
1992-03-31 06:00:00,51.0368,31.3268,40.038048
1992-04-01 06:00:00,37.2668,28.2668,32.05805
1992-04-02 06:00:00,36.7268,25.0268,29.84555
1992-04-03 06:00:00,47.436802,25.9268,36.0143
1992-04-04 06:00:00,41.7668,29.5268,35.9918
1992-04-05 06:00:00,46.3568,27.8168,37.73555
1992-04-06 06:00:00,60.3068,35.6468,48.1493
1992-04-07 06:00:00,60.4868,39.3368,49.15805
1992-04-08 06:00:00,53.8268,35.3768,44.4518
1992-04-09 06:00:00,53.1968,38.7068,45.1493
1992-04-10 06:00:00,65.4368,37.8068,50.1818
1992-04-11 06:00:00,61.8368,40.9568,46.78055
1992-04-12 06:00:00,40.6868,31.4168,34.9643
1992-04-13 06:00:00,41.2268,31.9568,37.21805
1992-04-14 06:00:00,41.4068,37.8968,39.6968
1992-04-15 06:00:00,63.1868,39.6068,50.24555
1992-04-16 06:00:00,65.9768,38.3468,53.5793
1992-04-17 06:00:00,44.7368,37.7168,40.5368
1992-04-18 06:00:00,61.6568,41.6768,52.03055
1992-04-19 06:00:00,67.5968,58.8668,62.6843
1992-04-20 06:00:00,69.4868,58.8668,62.988056
1992-04-21 06:00:00,58.596798,44.1068,51.363052
1992-04-22 06:00:00,47.526802,38.4368,43.0568
1992-04-23 06:00:00,56.436802,39.3368,45.9743
1992-04-24 06:00:00,50.4968,39.5168,44.67305
1992-04-25 06:00:00,45.276802,39.1568,42.021797
1992-04-26 06:00:00,48.2468,39.0668,42.40055
1992-04-27 06:00:00,44.8268,35.0168,39.4268
1992-04-28 06:00:00,55.4468,31.5068,44.901802
1992-04-29 06:00:00,65.3468,45.3668,54.8318
1992-04-30 06:00:00,57.9668,44.8268,51.471798
1992-05-01 06:00:00,79.746796,55.4468,68.245544
1992-05-02 06:00:00,71.6468,55.3568,66.3143
1992-05-03 06:00:00,55.1768,42.4868,51.4718
1992-05-04 06:00:00,48.9668,39.3368,43.870552
1992-05-05 06:00:00,48.8768,38.2568,42.9893
1992-05-06 06:00:00,53.7368,38.5268,45.7943
1992-05-07 06:00:00,64.2668,34.7468,51.3368
1992-05-08 06:00:00,64.9868,46.8068,56.035553
1992-05-09 06:00:00,65.9768,47.886803,56.4968
1992-05-10 06:00:00,74.7968,48.6068,63.2093
1992-05-11 06:00:00,79.0268,59.6768,70.03055
1992-05-12 06:00:00,77.316795,63.1868,68.8418
1992-05-13 06:00:00,62.8268,47.1668,55.69055
1992-05-14 06:00:00,60.6668,44.7368,53.159306
1992-05-15 06:00:00,70.1168,45.636803,59.1443
1992-05-16 06:00:00,81.1868,57.3368,70.0793
1992-05-17 06:00:00,79.1168,55.9868,71.46304
1992-05-18 06:00:00,58.3268,48.6068,53.31305
1992-05-19 06:00:00,68.6768,51.756798,59.76305
1992-05-20 06:00:00,77.496796,54.0968,66.385544
1992-05-21 06:00:00,79.0268,62.5568,71.30555
1992-05-22 06:00:00,77.6768,63.5468,71.41805
1992-05-23 06:00:00,70.0268,44.8268,56.395554
1992-05-24 06:00:00,49.2368,42.3968,44.9243
1992-05-25 06:00:00,50.136803,41.5868,45.98555
1992-05-26 06:00:00,52.1168,43.6568,47.4143
1992-05-27 06:00:00,59.2268,41.4068,51.895554
1992-05-28 06:00:00,65.3468,41.0468,56.526802
1992-05-29 06:00:00,67.1468,47.3468,59.046803
1992-05-30 06:00:00,65.9768,50.6768,57.974304
1992-05-31 06:00:00,71.0168,49.4168,61.3793
1992-06-01 06:00:00,68.5868,51.2168,61.128056
1992-06-02 06:00:00,72.636795,53.1968,63.64805
1992-06-03 06:00:00,76.5068,55.9868,67.43555
1992-06-04 06:00:00,70.8368,62.1968,65.6018
1992-06-05 06:00:00,73.9868,59.7668,65.99555
1992-06-06 06:00:00,77.0468,57.3368,65.47805
1992-06-07 06:00:00,72.816795,56.9768,65.05055
1992-06-08 06:00:00,71.0168,58.8668,64.44305
1992-06-09 06:00:00,70.2968,59.136803,64.0343
1992-06-10 06:00:00,74.4368,55.8968,65.80055
1992-06-11 06:00:00,77.7668,58.4168,68.82305
1992-06-12 06:00:00,82.0868,58.0568,71.3018
1992-06-13 06:00:00,85.416794,58.776802,73.896805
1992-06-14 06:00:00,84.4268,63.276802,73.304306
1992-06-15 06:00:00,77.0468,66.6968,70.833046
1992-06-16 06:00:00,83.9768,64.0868,74.170555
1992-06-17 06:00:00,87.5768,71.3768,76.22931
1992-06-18 06:00:00,79.2068,67.0568,73.4318
1992-06-19 06:00:00,67.7768,54.8168,60.160553
1992-06-20 06:00:00,58.596798,49.9568,54.190556
1992-06-21 06:00:00,60.0368,47.6168,53.4668
1992-06-22 06:00:00,65.5268,46.8068,57.5618
1992-06-23 06:00:00,72.636795,55.6268,63.1193
1992-06-24 06:00:00,73.0868,56.6168,64.14305
1992-06-25 06:00:00,76.8668,56.256798,66.8918
1992-06-26 06:00:00,70.4768,59.0468,64.7843
1992-06-27 06:00:00,66.246796,55.4468,61.270546
1992-06-28 06:00:00,76.9568,49.776802,66.4718
1992-06-29 06:00:00,84.4268,62.8268,72.4343
1992-06-30 06:00:00,76.6868,62.3768,69.02555
1992-07-01 06:00:00,85.6868,65.2568,76.45055
1992-07-02 06:00:00,89.19679,72.9068,81.35931
1992-07-03 06:00:00,76.6868,65.3468,71.9843
1992-07-04 06:00:00,79.2068,61.1168,70.780556
1992-07-05 06:00:00,75.6068,62.3768,68.943054
1992-07-06 06:00:00,74.4368,62.1968,68.90555
1992-07-07 06:00:00,78.3968,63.816795,70.63805
1992-07-08 06:00:00,83.7968,68.0468,76.3568
1992-07-09 06:00:00,78.3068,64.6268,72.77554
1992-07-10 06:00:00,81.0068,64.6268,72.9143
1992-07-11 06:00:00,82.0868,63.5468,73.83305
1992-07-12 06:00:00,77.316795,69.1268,72.760544
1992-07-13 06:00:00,82.9868,64.8968,71.466805
1992-07-14 06:00:00,72.0068,65.886795,68.496796
1992-07-15 06:00:00,72.4568,64.9868,68.3618
1992-07-16 06:00:00,76.8668,63.3668,70.12055
1992-07-17 06:00:00,78.9368,65.5268,71.70305
1992-07-18 06:00:00,74.5268,63.7268,69.006805
1992-07-19 06:00:00,80.7368,63.9968,72.9218
1992-07-20 06:00:00,75.6068,64.1768,69.6518
1992-07-21 06:00:00,65.7068,60.2168,63.43055
1992-07-22 06:00:00,70.2968,60.9368,64.551796
1992-07-23 06:00:00,69.4868,65.166794,67.026794
1992-07-24 06:00:00,72.0068,64.0868,67.780556
1992-07-25 06:00:00,74.9768,62.1968,69.9293
1992-07-26 06:00:00,79.2968,70.1168,74.4518
1992-07-27 06:00:00,77.0468,65.5268,71.114296
1992-07-28 06:00:00,81.816795,62.3768,72.5243
1992-07-29 06:00:00,73.6268,65.4368,69.636795
1992-07-30 06:00:00,65.4368,61.1168,63.0443
1992-07-31 06:00:00,70.8368,61.1168,65.59805
1992-08-01 06:00:00,77.136795,59.2268,68.5343
1992-08-02 06:00:00,77.136795,61.8368,68.79305
1992-08-03 06:00:00,72.816795,58.596798,66.28055
1992-08-04 06:00:00,69.1268,57.6068,63.39305
1992-08-05 06:00:00,71.1068,60.2168,65.178055
1992-08-06 06:00:00,75.8768,58.4168,68.2943
1992-08-07 06:00:00,76.5968,63.6368,70.581795
1992-08-08 06:00:00,81.0968,66.6068,73.559296
1992-08-09 06:00:00,87.666794,68.6768,78.81305
1992-08-10 06:00:00,85.1468,73.1768,79.16554
1992-08-11 06:00:00,77.4068,66.1568,71.6468
1992-08-12 06:00:00,68.7668,60.1268,64.480545
1992-08-13 06:00:00,65.6168,58.146797,62.06555
1992-08-14 06:00:00,65.5268,58.0568,62.230553
1992-08-15 06:00:00,67.3268,58.776802,62.879303
1992-08-16 06:00:00,69.5768,56.0768,63.88805
1992-08-17 06:00:00,73.8068,53.1068,64.990555
1992-08-18 06:00:00,72.9068,63.3668,67.1018
1992-08-19 06:00:00,70.566795,56.526802,63.7643
1992-08-20 06:00:00,72.2768,53.9168,65.00555
1992-08-21 06:00:00,75.9668,54.7268,66.479294
1992-08-22 06:00:00,78.7568,57.6068,69.58055
1992-08-23 06:00:00,81.636795,65.7968,73.8743
1992-08-24 06:00:00,83.2568,68.496796,75.40804
1992-08-25 06:00:00,85.416794,69.9368,77.69554
1992-08-26 06:00:00,76.3268,66.3368,70.949295
1992-08-27 06:00:00,66.4268,59.7668,63.505554
1992-08-28 06:00:00,65.7968,56.886803,61.240547
1992-08-29 06:00:00,77.496796,55.1768,67.01555
1992-08-30 06:00:00,71.2868,61.2968,66.68555
1992-08-31 06:00:00,72.4568,56.256798,64.131805
1992-09-01 06:00:00,73.3568,54.7268,65.5943
1992-09-02 06:00:00,75.6068,65.3468,69.404305
1992-09-03 06:00:00,76.5068,64.2668,69.708046
1992-09-04 06:00:00,74.7968,58.3268,67.968056
1992-09-05 06:00:00,78.2168,62.016796,70.5893
1992-09-06 06:00:00,78.0368,67.5068,71.035545
1992-09-07 06:00:00,80.0168,65.4368,72.9818
1992-09-08 06:00:00,68.4068,59.4968,64.4993
1992-09-09 06:00:00,70.9268,59.7668,65.54555
1992-09-10 06:00:00,67.3268,54.3668,61.349297
1992-09-11 06:00:00,66.5168,55.0868,60.524296
1992-09-12 06:00:00,70.0268,53.9168,62.046803
1992-09-13 06:00:00,76.1468,57.1568,66.53931
1992-09-14 06:00:00,79.8368,63.7268,71.51555
1992-09-15 06:00:00,81.1868,67.416794,73.4093
1992-09-16 06:00:00,81.816795,70.2968,75.98555
1992-09-17 06:00:00,76.7768,69.7568,73.3868
1992-09-18 06:00:00,72.816795,56.7968,67.99055
1992-09-19 06:00:00,61.7468,50.4068,56.200546
1992-09-20 06:00:00,67.6868,52.2968,59.5418
1992-09-21 06:00:00,69.2168,61.4768,66.1793
1992-09-22 06:00:00,64.1768,53.1068,58.394302
1992-09-23 06:00:00,57.6968,48.7868,53.3843
1992-09-24 06:00:00,62.5568,47.7968,55.146797
1992-09-25 06:00:00,68.7668,50.6768,59.9243
1992-09-26 06:00:00,66.246796,59.2268,62.2193
1992-09-27 06:00:00,65.4368,53.1968,58.574303
1992-09-28 06:00:00,58.146797,48.6968,54.89555
1992-09-29 06:00:00,58.686802,44.3768,51.07805
1992-09-30 06:00:00,64.6268,44.6468,54.2618
1992-10-01 06:00:00,70.4768,48.7868,59.005554
1992-10-02 06:00:00,73.9868,53.3768,62.984303
1992-10-03 06:00:00,75.066795,56.526802,63.89555
1992-10-04 06:00:00,65.166794,56.6168,61.56305
1992-10-05 06:00:00,59.8568,48.9668,54.4343
1992-10-06 06:00:00,64.7168,45.276802,54.5693
1992-10-07 06:00:00,68.4068,49.5968,58.9118
1992-10-08 06:00:00,64.8968,51.3968,57.4793
1992-10-09 06:00:00,55.1768,44.0168,50.65055
1992-10-10 06:00:00,61.026802,46.7168,52.9943
1992-10-11 06:00:00,60.2168,48.5168,53.36555
1992-10-12 06:00:00,59.0468,45.9068,51.82055
1992-10-13 06:00:00,56.3468,41.6768,49.746796
1992-10-14 06:00:00,63.276802,50.6768,55.6943
1992-10-15 06:00:00,57.5168,52.9268,54.76055
1992-10-16 06:00:00,54.636803,39.6968,46.75055
1992-10-17 06:00:00,46.9868,34.5668,41.2193
1992-10-18 06:00:00,42.4868,34.4768,39.9593
1992-10-19 06:00:00,43.2068,30.1568,37.0493
1992-10-20 06:00:00,57.1568,34.7468,44.6393
1992-10-21 06:00:00,52.2968,41.0468,46.686802
1992-10-22 06:00:00,69.2168,43.9268,56.050552
1992-10-23 06:00:00,72.816795,57.6068,64.1243
1992-10-24 06:00:00,60.0368,47.7968,54.933052
1992-10-25 06:00:00,59.6768,42.576797,51.5618
1992-10-26 06:00:00,55.9868,44.4668,52.4918
1992-10-27 06:00:00,55.5368,37.3568,47.035553
1992-10-28 06:00:00,58.776802,41.6768,48.90305
1992-10-29 06:00:00,48.7868,44.4668,46.1543
1992-10-30 06:00:00,48.8768,42.8468,45.4418
1992-10-31 06:00:00,47.9768,40.9568,44.905552
1992-11-01 06:00:00,51.2168,42.756798,44.37305
1992-11-02 06:00:00,59.4068,40.6868,51.8393
1992-11-03 06:00:00,47.0768,35.2868,40.2368
1992-11-04 06:00:00,39.4268,33.6668,36.2618
1992-11-05 06:00:00,36.7268,33.1268,35.14055
1992-11-06 06:00:00,37.1768,30.4268,33.46805
1992-11-07 06:00:00,38.6168,28.7168,33.87305
1992-11-08 06:00:00,41.7668,30.9668,37.01555
1992-11-09 06:00:00,50.2268,43.1168,46.8143
1992-11-10 06:00:00,51.756798,49.3268,50.605553
1992-11-11 06:00:00,50.2268,40.506798,43.8893
1992-11-12 06:00:00,50.2268,35.8268,42.76805
1992-11-13 06:00:00,35.8268,28.9868,33.2168
1992-11-14 06:00:00,33.3068,26.4668,29.5568
1992-11-15 06:00:00,33.4868,27.4568,30.41555
1992-11-16 06:00:00,46.8068,30.6968,38.069298
1992-11-17 06:00:00,43.1168,39.1568,40.6493
1992-11-18 06:00:00,41.9468,36.9968,39.28805
1992-11-19 06:00:00,41.0468,37.8068,39.6218
1992-11-20 06:00:00,58.686802,40.776802,50.30555
1992-11-21 06:00:00,56.256798,42.9368,49.45055
1992-11-22 06:00:00,43.026802,39.9668,41.69555
1992-11-23 06:00:00,41.8568,39.1568,40.2368
1992-11-24 06:00:00,42.756798,38.6168,40.653053
1992-11-25 06:00:00,43.2068,40.776802,41.901802
1992-11-26 06:00:00,42.4868,32.2268,35.77805
1992-11-27 06:00:00,35.4668,26.736801,30.76055
1992-11-28 06:00:00,36.1868,26.4668,30.90305
1992-11-29 06:00:00,41.4068,28.5368,34.06055
1992-11-30 06:00:00,34.8368,29.1668,31.47305
1992-12-01 06:00:00,33.5768,27.3668,30.8093
1992-12-02 06:00:00,36.4568,28.6268,32.999302
1992-12-03 06:00:00,31.3268,27.0968,29.365551
1992-12-04 06:00:00,32.9468,22.5068,28.799301
1992-12-05 06:00:00,25.386799,16.206799,20.68055
1992-12-06 06:00:00,27.726799,20.706799,24.633049
1992-12-07 06:00:00,31.1468,24.6668,27.69305
1992-12-08 06:00:00,29.5268,26.1968,27.861801
1992-12-09 06:00:00,32.5868,27.1868,29.59055
1992-12-10 06:00:00,34.2068,30.0668,31.89305
1992-12-11 06:00:00,36.9968,31.4168,34.0943
1992-12-12 06:00:00,36.6368,28.3568,32.9168
1992-12-13 06:00:00,35.8268,31.9568,34.3418
1992-12-14 06:00:00,36.9068,29.4368,33.0818
1992-12-15 06:00:00,51.6668,34.8368,41.58305
1992-12-16 06:00:00,42.8468,32.9468,35.5118
1992-12-17 06:00:00,34.6568,28.5368,31.3268
1992-12-18 06:00:00,33.4868,27.2768,29.99555
1992-12-19 06:00:00,39.6968,27.2768,34.679302
1992-12-20 06:00:00,27.0968,18.0068,22.61555
1992-12-21 06:00:00,36.1868,19.986801,27.2318
1992-12-22 06:00:00,39.5168,25.9268,31.566801
1992-12-23 06:00:00,33.5768,9.186802,26.170551
1992-12-24 06:00:00,20.7968,6.0368004,13.341801
1992-12-25 06:00:00,31.3268,13.146801,22.619299
1992-12-26 06:00:00,21.4268,9.726801,15.828049
1992-12-27 06:00:00,38.7968,22.4168,30.04805
1992-12-28 06:00:00,41.9468,28.896801,35.0243
1992-12-29 06:00:00,42.6668,36.4568,39.12305
1992-12-30 06:00:00,46.0868,37.5368,40.07555
1992-12-31 06:00:00,39.4268,15.126801,25.289299
1993-01-01 06:00:00,20.4368,10.086802,15.449303
1993-01-02 06:00:00,34.026802,18.0068,25.401798
1993-01-03 06:00:00,47.436802,35.0168,41.800552
1993-01-04 06:00:00,47.886803,30.7868,38.86805
1993-01-05 06:00:00,30.0668,25.5668,27.925549
1993-01-06 06:00:00,26.5568,20.0768,22.8143
1993-01-07 06:00:00,29.0768,19.806799,24.7118
1993-01-08 06:00:00,27.1868,21.0668,24.471802
1993-01-09 06:00:00,25.8368,24.396801,25.25555
1993-01-10 06:00:00,26.4668,23.4968,25.210548
1993-01-11 06:00:00,27.2768,24.2168,25.9943
1993-01-12 06:00:00,33.1268,27.0968,30.7118
1993-01-13 06:00:00,33.2168,19.5368,29.95055
1993-01-14 06:00:00,25.9268,14.316799,20.2418
1993-01-15 06:00:00,23.6768,17.556799,20.5043
1993-01-16 06:00:00,31.7768,14.8568,23.4593
1993-01-17 06:00:00,31.4168,10.716801,19.349298
1993-01-18 06:00:00,25.7468,7.7467995,16.641802
1993-01-19 06:00:00,26.2868,7.7467995,17.834301
1993-01-20 06:00:00,37.8068,18.186802,27.948051
1993-01-21 06:00:00,38.3468,33.8468,36.2993
1993-01-22 06:00:00,38.4368,27.8168,32.79305
1993-01-23 06:00:00,47.7068,26.916801,37.593052
1993-01-24 06:00:00,34.6568,21.7868,28.93805
1993-01-25 06:00:00,27.726799,19.896801,22.87805
1993-01-26 06:00:00,40.506798,21.1568,30.441801
1993-01-27 06:00:00,36.2768,28.7168,32.1368
1993-01-28 06:00:00,41.3168,22.8668,33.54305
1993-01-29 06:00:00,23.6768,9.2768,17.444302
1993-01-30 06:00:00,37.6268,16.836802,26.7818
1993-01-31 06:00:00,48.6968,32.1368,38.88305
1993-02-01 06:00:00,35.8268,23.4068,26.796799
1993-02-02 06:00:00,37.2668,21.2468,28.615551
1993-02-03 06:00:00,43.9268,26.736801,33.1943
1993-02-04 06:00:00,44.9168,28.4468,34.2518
1993-02-05 06:00:00,46.4468,30.6068,35.57555
1993-02-06 06:00:00,31.5968,26.5568,28.82555
1993-02-07 06:00:00,43.026802,27.9068,33.8093
1993-02-08 06:00:00,32.6768,24.306799,27.7343
1993-02-09 06:00:00,38.0768,27.0968,32.5118
1993-02-10 06:00:00,37.9868,31.6868,33.74555
1993-02-11 06:00:00,32.7668,27.3668,30.2693
1993-02-12 06:00:00,30.1568,25.476799,27.46055
1993-02-13 06:00:00,33.7568,25.386799,29.1668
1993-02-14 06:00:00,31.8668,27.3668,29.2118
1993-02-15 06:00:00,28.8068,24.1268,26.1968
1993-02-16 06:00:00,26.2868,17.2868,23.9618
1993-02-17 06:00:00,19.986801,5.8568,14.031803
1993-02-18 06:00:00,18.9068,-0.71320343,8.733057
1993-02-19 06:00:00,27.2768,8.1068,18.580551
1993-02-20 06:00:00,30.2468,17.2868,25.36805
1993-02-21 06:00:00,31.0568,20.976799,27.7118
1993-02-22 06:00:00,22.5068,15.396801,18.666801
1993-02-23 06:00:00,19.4468,4.146799,14.954302
1993-02-24 06:00:00,12.876801,-3.8632011,3.276804
1993-02-25 06:00:00,18.8168,-4.313202,10.195551
1993-02-26 06:00:00,23.5868,11.2568,18.75305
1993-02-27 06:00:00,28.1768,-0.08320236,15.284302
1993-02-28 06:00:00,29.7068,7.386801,18.63305
1993-03-01 06:00:00,40.776802,25.0268,32.98805
1993-03-02 06:00:00,39.2468,27.2768,33.69305
1993-03-03 06:00:00,37.5368,32.0468,34.97555
1993-03-04 06:00:00,33.7568,30.4268,32.3843
1993-03-05 06:00:00,37.8068,26.5568,30.95555
1993-03-06 06:00:00,47.436802,19.986801,33.4868
1993-03-07 06:00:00,44.0168,31.5068,36.5918
1993-03-08 06:00:00,44.5568,32.2268,37.6718
1993-03-09 06:00:00,37.4468,29.4368,33.0818
1993-03-10 06:00:00,37.3568,26.916801,32.26805
1993-03-11 06:00:00,30.5168,18.3668,24.20555
1993-03-12 06:00:00,28.896801,12.336802,22.0493
1993-03-13 06:00:00,23.4968,7.386801,13.431801
1993-03-14 06:00:00,19.086802,3.8768005,10.563051
1993-03-15 06:00:00,45.7268,5.4067993,28.22555
1993-03-16 06:00:00,41.8568,30.4268,37.01555
1993-03-17 06:00:00,28.5368,13.8668,19.604298
1993-03-18 06:00:00,31.3268,12.246799,21.9743
1993-03-19 06:00:00,34.026802,22.5968,28.5518
1993-03-20 06:00:00,39.2468,29.7068,33.63305
1993-03-21 06:00:00,40.5968,30.4268,34.9493
1993-03-22 06:00:00,36.9968,30.7868,34.2593
1993-03-23 06:00:00,45.5468,35.1068,38.69555
1993-03-24 06:00:00,38.9768,32.4068,35.4743
1993-03-25 06:00:00,41.7668,33.7568,36.8843
1993-03-26 06:00:00,44.8268,31.7768,37.63805
1993-03-27 06:00:00,43.9268,29.7068,34.99055
1993-03-28 06:00:00,46.8968,29.5268,36.9068
1993-03-29 06:00:00,53.6468,32.3168,41.3018
1993-03-30 06:00:00,57.0668,28.9868,43.9418
1993-03-31 06:00:00,47.886803,35.5568,42.9668
1993-04-01 06:00:00,34.9268,24.396801,28.236801
1993-04-02 06:00:00,35.1068,21.6068,28.0943
1993-04-03 06:00:00,37.9868,18.0068,27.948051
1993-04-04 06:00:00,37.1768,23.9468,31.0568
1993-04-05 06:00:00,40.776802,29.1668,35.06555
1993-04-06 06:00:00,47.6168,31.6868,39.07055
1993-04-07 06:00:00,54.276802,37.1768,46.63805
1993-04-08 06:00:00,57.3368,49.8668,52.9943
1993-04-09 06:00:00,56.3468,42.4868,50.48555
1993-04-10 06:00:00,53.1068,37.4468,44.46305
1993-04-11 06:00:00,52.9268,36.1868,44.70305
1993-04-12 06:00:00,45.186802,34.6568,38.3843
1993-04-13 06:00:00,45.3668,34.7468,39.29555
1993-04-14 06:00:00,45.9068,37.8068,41.29055
1993-04-15 06:00:00,50.5868,39.3368,44.35805
1993-04-16 06:00:00,41.6768,33.4868,37.8293
1993-04-17 06:00:00,53.5568,31.0568,42.381798
1993-04-18 06:00:00,61.566795,41.7668,52.173054
1993-04-19 06:00:00,58.9568,47.3468,53.2793
1993-04-20 06:00:00,57.4268,35.9168,38.64305
1993-04-21 06:00:00,50.9468,34.2068,41.170547
1993-04-22 06:00:00,56.9768,34.2968,46.2668
1993-04-23 06:00:00,61.026802,37.7168,51.57305
1993-04-24 06:00:00,73.2668,53.3768,61.986797
1993-04-25 06:00:00,52.4768,40.1468,47.6693
1993-04-26 06:00:00,44.1068,32.6768,39.17555
1993-04-27 06:00:00,63.006798,31.8668,49.75805
1993-04-28 06:00:00,68.0468,53.0168,59.069305
1993-04-29 06:00:00,59.8568,43.2068,53.5193
1993-04-30 06:00:00,61.566795,43.1168,52.7918
1993-05-01 06:00:00,65.7968,47.3468,56.286797
1993-05-02 06:00:00,69.5768,51.3968,59.3993
1993-05-03 06:00:00,65.3468,56.6168,59.8193
1993-05-04 06:00:00,66.066795,54.636803,59.973045
1993-05-05 06:00:00,64.0868,51.4868,56.3843
1993-05-06 06:00:00,73.0868,47.7968,58.934303
1993-05-07 06:00:00,73.3568,50.4968,63.880554
1993-05-08 06:00:00,77.496796,60.6668,68.5193
1993-05-09 06:00:00,81.4568,62.1968,71.29805
1993-05-10 06:00:00,78.4868,64.2668,69.7868
1993-05-11 06:00:00,66.1568,52.8368,59.21555
1993-05-12 06:00:00,77.5868,42.3968,57.40055
1993-05-13 06:00:00,53.6468,41.4968,47.3918
1993-05-14 06:00:00,73.5368,45.636803,61.2968
1993-05-15 06:00:00,68.6768,56.0768,62.3018
1993-05-16 06:00:00,60.3068,45.3668,53.834297
1993-05-17 06:00:00,61.1168,48.1568,54.276802
1993-05-18 06:00:00,61.9268,46.8968,54.6368
1993-05-19 06:00:00,56.886803,43.5668,50.481804
1993-05-20 06:00:00,59.6768,41.0468,51.1268
1993-05-21 06:00:00,62.916798,45.9968,55.14305
1993-05-22 06:00:00,72.4568,48.2468,60.348045
1993-05-23 06:00:00,72.636795,56.9768,63.60305
1993-05-24 06:00:00,64.9868,55.9868,61.7543
1993-05-25 06:00:00,62.5568,52.6568,57.858047
1993-05-26 06:00:00,74.7068,49.9568,63.363056
1993-05-27 06:00:00,73.8968,54.5468,65.29805
1993-05-28 06:00:00,69.9368,48.5168,59.016804
1993-05-29 06:00:00,57.7868,46.3568,52.019302
1993-05-30 06:00:00,70.4768,51.4868,60.539303
1993-05-31 06:00:00,61.6568,49.3268,54.57305
1993-06-01 06:00:00,62.916798,43.5668,54.869297
1993-06-02 06:00:00,58.8668,50.9468,55.296803
1993-06-03 06:00:00,56.526802,51.6668,55.0793
1993-06-04 06:00:00,59.3168,50.4068,53.37305
1993-06-05 06:00:00,69.9368,47.886803,59.2118
1993-06-06 06:00:00,72.9068,52.5668,64.3043
1993-06-07 06:00:00,67.416794,60.3068,63.1343
1993-06-08 06:00:00,76.8668,66.5168,71.13305
1993-06-09 06:00:00,77.316795,67.416794,71.8943
1993-06-10 06:00:00,78.3068,62.3768,70.7543
1993-06-11 06:00:00,74.2568,63.9068,68.38055
1993-06-12 06:00:00,74.166794,63.9968,69.07805
1993-06-13 06:00:00,80.0168,64.2668,72.82805
1993-06-14 06:00:00,80.1068,65.7968,73.023056
1993-06-15 06:00:00,69.3968,58.776802,63.8618
1993-06-16 06:00:00,75.6968,56.256798,66.3743
1993-06-17 06:00:00,86.6768,66.3368,76.30055
1993-06-18 06:00:00,81.7268,69.3968,74.97305
1993-06-19 06:00:00,81.1868,69.3968,74.316795
1993-06-20 06:00:00,75.5168,65.6168,70.3493
1993-06-21 06:00:00,75.9668,62.736797,68.815544
1993-06-22 06:00:00,80.0168,61.7468,70.44305
1993-06-23 06:00:00,81.816795,64.0868,74.19305
1993-06-24 06:00:00,85.416794,70.9268,77.57179
1993-06-25 06:00:00,78.1268,66.1568,72.25805
1993-06-26 06:00:00,81.3668,63.006798,73.0943
1993-06-27 06:00:00,82.1768,66.066795,73.83305
1993-06-28 06:00:00,73.7168,62.1968,67.8593
1993-06-29 06:00:00,72.636795,59.3168,66.929306
1993-06-30 06:00:00,71.7368,65.886795,68.0618
1993-07-01 06:00:00,71.916794,64.8968,68.26805
1993-07-02 06:00:00,80.4668,64.8968,73.349304
1993-07-03 06:00:00,84.9668,69.2168,77.534294
1993-07-04 06:00:00,87.0368,74.2568,80.958046
1993-07-05 06:00:00,86.4068,74.9768,80.8568
1993-07-06 06:00:00,82.6268,67.7768,75.82056
1993-07-07 06:00:00,79.566795,69.7568,74.4743
1993-07-08 06:00:00,84.3368,69.3068,77.5118
1993-07-09 06:00:00,85.5068,74.6168,79.2443
1993-07-10 06:00:00,82.8068,70.0268,77.14055
1993-07-11 06:00:00,84.5168,72.816795,77.2943
1993-07-12 06:00:00,78.0368,66.7868,72.79055
1993-07-13 06:00:00,80.6468,61.9268,72.565544
1993-07-14 06:00:00,74.886795,69.0368,72.30679
1993-07-15 06:00:00,74.4368,67.2368,70.69805
1993-07-16 06:00:00,78.7568,69.3068,74.29805
1993-07-17 06:00:00,79.566795,71.3768,74.965546
1993-07-18 06:00:00,87.666794,72.2768,76.6793
1993-07-19 06:00:00,85.0568,70.2068,76.5593
1993-07-20 06:00:00,78.8468,66.5168,72.52805
1993-07-21 06:00:00,74.7968,65.7068,70.33805
1993-07-22 06:00:00,71.916794,65.7968,69.036804
1993-07-23 06:00:00,75.4268,67.1468,71.37305
1993-07-24 06:00:00,81.636795,68.2268,74.3243
1993-07-25 06:00:00,87.3068,72.4568,79.39805
1993-07-26 06:00:00,84.8768,70.4768,77.7143
1993-07-27 06:00:00,88.4768,70.2968,79.6568
1993-07-28 06:00:00,84.3368,71.4668,78.33305
1993-07-29 06:00:00,76.416794,67.5968,72.1868
1993-07-30 06:00:00,77.6768,64.5368,70.98305
1993-07-31 06:00:00,81.7268,62.916798,73.83305
1993-08-01 06:00:00,82.6268,70.2068,75.14555
1993-08-02 06:00:00,75.8768,64.8968,70.55555
1993-08-03 06:00:00,79.2968,64.3568,69.996796
1993-08-04 06:00:00,70.0268,59.4068,64.896805
1993-08-05 06:00:00,72.0068,56.7068,64.61555
1993-08-06 06:00:00,71.4668,59.6768,65.30555
1993-08-07 06:00:00,71.916794,58.776802,65.9018
1993-08-08 06:00:00,76.7768,62.646797,70.42805
1993-08-09 06:00:00,78.8468,64.8068,72.62555
1993-08-10 06:00:00,82.8968,68.7668,74.3993
1993-08-11 06:00:00,82.6268,68.0468,76.00055
1993-08-12 06:00:00,78.8468,72.816795,75.6968
1993-08-13 06:00:00,82.4468,72.1868,77.0318
1993-08-14 06:00:00,84.9668,68.5868,77.62055
1993-08-15 06:00:00,82.1768,73.3568,76.709305
1993-08-16 06:00:00,80.3768,70.1168,74.92805
1993-08-17 06:00:00,80.1068,71.0168,75.3668
1993-08-18 06:00:00,82.9868,71.1968,77.065544
1993-08-19 06:00:00,82.8968,72.5468,76.48805
1993-08-20 06:00:00,77.8568,68.2268,73.08681
1993-08-21 06:00:00,74.7968,67.3268,70.503044
1993-08-22 06:00:00,78.4868,66.6068,72.7943
1993-08-23 06:00:00,88.1168,71.6468,77.7968
1993-08-24 06:00:00,85.3268,71.6468,78.1193
1993-08-25 06:00:00,85.7768,69.7568,77.8868
1993-08-26 06:00:00,90.1868,73.8068,80.72555
1993-08-27 06:00:00,90.0968,75.1568,80.84555
1993-08-28 06:00:00,76.3268,70.386795,73.10555
1993-08-29 06:00:00,78.0368,69.9368,73.52555
1993-08-30 06:00:00,86.94679,72.5468,77.46305
1993-08-31 06:00:00,72.3668,62.016796,69.15305
1993-09-01 06:00:00,73.3568,58.506798,66.9593
1993-09-02 06:00:00,74.4368,66.066795,69.4643
1993-09-03 06:00:00,71.3768,63.006798,67.5068
1993-09-04 06:00:00,74.2568,57.9668,66.40055
1993-09-05 06:00:00,70.2068,62.5568,66.16055
1993-09-06 06:00:00,66.6968,59.4068,62.620552
1993-09-07 06:00:00,69.3068,53.1968,62.29055
1993-09-08 06:00:00,69.3068,56.526802,62.9093
1993-09-09 06:00:00,73.0868,59.2268,65.3468
1993-09-10 06:00:00,63.4568,52.9268,58.660553
1993-09-11 06:00:00,66.8768,47.256798,57.79055
1993-09-12 06:00:00,77.9468,58.686802,69.38555
1993-09-13 06:00:00,76.1468,71.5568,73.6643
1993-09-14 06:00:00,72.1868,55.9868,65.2418
1993-09-15 06:00:00,58.596798,54.0968,56.118053
1993-09-16 06:00:00,60.2168,54.5468,57.1493
1993-09-17 06:00:00,63.9068,55.4468,59.02805
1993-09-18 06:00:00,67.5068,55.2668,60.471798
1993-09-19 06:00:00,65.166794,59.4068,62.7593
1993-09-20 06:00:00,67.8668,58.3268,62.4368
1993-09-21 06:00:00,65.5268,56.7068,60.8693
1993-09-22 06:00:00,71.0168,57.9668,63.85055
1993-09-23 06:00:00,65.0768,53.1968,58.76555
1993-09-24 06:00:00,63.6368,46.8068,56.043053
1993-09-25 06:00:00,60.5768,52.6568,57.99305
1993-09-26 06:00:00,64.1768,53.3768,59.0243
1993-09-27 06:00:00,56.7068,48.5168,51.67055
1993-09-28 06:00:00,57.4268,47.256798,51.40805
1993-09-29 06:00:00,52.2968,43.1168,46.9718
1993-09-30 06:00:00,57.6068,37.0868,49.12055
1993-10-01 06:00:00,66.8768,53.1968,59.71055
1993-10-02 06:00:00,52.4768,42.756798,48.87305
1993-10-03 06:00:00,66.7868,42.3068,55.2443
1993-10-04 06:00:00,64.7168,49.1468,57.6818
1993-10-05 06:00:00,59.8568,43.1168,52.00055
1993-10-06 06:00:00,72.7268,49.3268,60.9593
1993-10-07 06:00:00,77.0468,60.756798,68.0543
1993-10-08 06:00:00,74.7068,57.1568,65.9843
1993-10-09 06:00:00,54.9968,42.0368,47.0318
1993-10-10 06:00:00,50.5868,37.4468,43.780552
1993-10-11 06:00:00,54.9068,38.7968,46.945553
1993-10-12 06:00:00,54.4568,43.7468,47.48555
1993-10-13 06:00:00,50.136803,41.136803,45.57305
1993-10-14 06:00:00,59.3168,41.3168,49.6418
1993-10-15 06:00:00,67.416794,51.936802,59.2418
1993-10-16 06:00:00,62.1068,56.7968,59.418053
1993-10-17 06:00:00,57.4268,44.1968,53.703053
1993-10-18 06:00:00,57.2468,40.8668,49.71305
1993-10-19 06:00:00,59.8568,51.3968,55.20305
1993-10-20 06:00:00,59.4068,53.4668,56.256798
1993-10-21 06:00:00,51.3068,42.3068,46.3868
1993-10-22 06:00:00,55.9868,38.7968,46.390553
1993-10-23 06:00:00,65.0768,42.6668,52.90055
1993-10-24 06:00:00,65.7068,50.136803,56.28305
1993-10-25 06:00:00,65.6168,46.5368,55.248055
1993-10-26 06:00:00,58.506798,48.0668,52.574303
1993-10-27 06:00:00,47.256798,37.6268,43.780552
1993-10-28 06:00:00,54.3668,37.1768,45.87305
1993-10-29 06:00:00,41.136803,34.2968,37.1468
1993-10-30 06:00:00,38.5268,33.4868,35.83055
1993-10-31 06:00:00,39.1568,31.5968,35.0468
1993-11-01 06:00:00,42.3068,30.6968,36.2768
1993-11-02 06:00:00,46.5368,36.0068,40.81805
1993-11-03 06:00:00,53.3768,37.2668,45.3443
1993-11-04 06:00:00,55.9868,46.1768,51.3068
1993-11-05 06:00:00,51.8468,34.1168,42.1793
1993-11-06 06:00:00,33.4868,28.896801,31.2668
1993-11-07 06:00:00,38.0768,22.956799,30.4643
1993-11-08 06:00:00,47.436802,31.2368,37.92305
1993-11-09 06:00:00,47.526802,32.5868,39.10055
1993-11-10 06:00:00,48.2468,34.2068,39.951797
1993-11-11 06:00:00,54.3668,36.5468,44.5868
1993-11-12 06:00:00,50.136803,38.7068,44.25305
1993-11-13 06:00:00,64.2668,46.3568,53.9618
1993-11-14 06:00:00,46.1768,43.7468,44.8718
1993-11-15 06:00:00,43.6568,38.2568,40.81055
1993-11-16 06:00:00,44.8268,37.3568,40.9118
1993-11-17 06:00:00,44.1068,36.8168,41.15555
1993-11-18 06:00:00,47.886803,31.6868,40.1618
1993-11-19 06:00:00,44.7368,30.6068,40.6868
1993-11-20 06:00:00,39.7868,27.0068,33.17555
1993-11-21 06:00:00,49.8668,36.3668,42.3743
1993-11-22 06:00:00,51.1268,36.9968,43.139297
1993-11-23 06:00:00,52.5668,40.9568,45.04055
1993-11-24 06:00:00,43.9268,39.6068,42.5993
1993-11-25 06:00:00,44.1068,38.1668,40.57805
1993-11-26 06:00:00,43.9268,21.7868,30.674301
1993-11-27 06:00:00,34.2968,21.6068,27.46055
1993-11-28 06:00:00,35.5568,24.396801,29.01305
1993-11-29 06:00:00,31.2368,25.0268,27.7343
1993-11-30 06:00:00,35.4668,27.0968,31.07555
1993-12-01 06:00:00,44.4668,28.9868,36.54305
1993-12-02 06:00:00,46.2668,33.6668,41.901802
1993-12-03 06:00:00,45.006798,29.8868,37.24055
1993-12-04 06:00:00,42.9368,37.8968,39.89555
1993-12-05 06:00:00,43.026802,34.7468,39.0068
1993-12-06 06:00:00,38.7068,27.9068,35.4668
1993-12-07 06:00:00,35.1068,26.4668,31.31555
1993-12-08 06:00:00,39.6968,31.6868,34.70555
1993-12-09 06:00:00,51.5768,33.3968,43.33055
1993-12-10 06:00:00,50.5868,24.8468,38.59055
1993-12-11 06:00:00,30.6968,24.0368,26.14055
1993-12-12 06:00:00,39.4268,25.0268,31.8218
1993-12-13 06:00:00,43.4768,34.026802,38.4818
1993-12-14 06:00:00,42.3968,37.1768,39.6968
1993-12-15 06:00:00,43.2968,39.1568,41.23805
1993-12-16 06:00:00,40.5968,36.0068,37.7318
1993-12-17 06:00:00,40.326797,36.9068,38.6768
1993-12-18 06:00:00,40.5968,33.8468,37.0643
1993-12-19 06:00:00,36.8168,32.2268,34.8368
1993-12-20 06:00:00,35.8268,28.7168,33.2243
1993-12-21 06:00:00,29.6168,24.9368,27.670551
1993-12-22 06:00:00,30.6068,24.7568,27.640549
1993-12-23 06:00:00,27.4568,19.7168,23.40305
1993-12-24 06:00:00,18.9968,11.976801,16.221802
1993-12-25 06:00:00,17.2868,8.466801,14.403049
1993-12-26 06:00:00,15.126801,7.8368015,11.500551
1993-12-27 06:00:00,16.9268,11.1668,13.896801
1993-12-28 06:00:00,21.7868,9.996799,15.809299
1993-12-29 06:00:00,22.8668,8.826801,17.309303
1993-12-30 06:00:00,25.1168,5.4967995,13.694302
1993-12-31 06:00:00,36.9068,26.2868,31.2893
1994-01-01 06:00:00,39.8768,28.5368,34.780552
1994-01-02 06:00:00,31.5968,27.9968,29.21555
1994-01-03 06:00:00,31.3268,27.0968,29.02805
1994-01-04 06:00:00,29.6168,21.0668,26.6993
1994-01-05 06:00:00,24.5768,11.976801,18.9143
1994-01-06 06:00:00,32.3168,25.386799,28.9943
1994-01-07 06:00:00,26.736801,-6.3832016,11.080549
1994-01-08 06:00:00,11.2568,-9.173199,-0.056949615
1994-01-09 06:00:00,19.3568,-1.0732002,9.303049
1994-01-10 06:00:00,32.3168,14.316799,24.869299
1994-01-11 06:00:00,32.5868,22.956799,28.81055
1994-01-12 06:00:00,33.7568,23.226799,28.938051
1994-01-13 06:00:00,28.0868,3.9668007,17.024302
1994-01-14 06:00:00,1.9867973,-10.523201,-5.0707016
1994-01-15 06:00:00,-8.543201,-20.063202,-14.066948
1994-01-16 06:00:00,10.4468,-16.463203,-3.563202
1994-01-17 06:00:00,10.896801,-15.203201,-1.7932014
1994-01-18 06:00:00,-16.5532,-25.8232,-21.184448
1994-01-19 06:00:00,-1.8832016,-28.433197,-14.505707
1994-01-20 06:00:00,10.2668,-17.543201,-3.7919464
1994-01-21 06:00:00,18.5468,-6.2932014,6.981802
1994-01-22 06:00:00,28.7168,12.966801,21.72305
1994-01-23 06:00:00,38.4368,28.7168,33.7343
1994-01-24 06:00:00,34.2968,23.0468,28.9718
1994-01-25 06:00:00,32.6768,19.6268,27.269299
1994-01-26 06:00:00,20.7968,14.046801,17.729301
1994-01-27 06:00:00,33.2168,17.646801,27.2468
1994-01-28 06:00:00,30.5168,20.0768,25.30805
1994-01-29 06:00:00,23.3168,9.816799,17.65055
1994-01-30 06:00:00,12.066799,3.2467995,8.628052
1994-01-31 06:00:00,9.0968,-6.743202,0.87680435
1994-02-01 06:00:00,10.2668,-12.773201,-1.3582039
1994-02-02 06:00:00,22.7768,4.8668003,14.729301
1994-02-03 06:00:00,15.6668,-4.313202,7.5518
1994-02-04 06:00:00,17.3768,5.5868015,11.7068
1994-02-05 06:00:00,23.3168,6.2168007,14.965549
1994-02-06 06:00:00,31.5068,7.2968006,20.1893
1994-02-07 06:00:00,9.2768,3.6068,6.490551
1994-02-08 06:00:00,11.436802,4.5067997,8.6618
1994-02-09 06:00:00,8.376801,-0.9832039,4.634302
1994-02-10 06:00:00,14.9468,-7.6432,4.0155487
1994-02-11 06:00:00,17.0168,-5.3032,7.8855534
1994-02-12 06:00:00,25.9268,13.8668,19.548052
1994-02-13 06:00:00,25.386799,15.0368,19.803051
1994-02-14 06:00:00,41.2268,17.2868,29.8418
1994-02-15 06:00:00,37.6268,25.0268,31.60055
1994-02-16 06:00:00,42.0368,17.556799,30.5318
1994-02-17 06:00:00,49.686802,34.1168,40.88555
1994-02-18 06:00:00,59.4968,37.3568,46.9868
1994-02-19 06:00:00,62.286797,51.1268,55.4468
1994-02-20 06:00:00,55.4468,34.4768,44.785553
1994-02-21 06:00:00,35.5568,23.226799,31.04555
1994-02-22 06:00:00,24.7568,13.956799,19.698051
1994-02-23 06:00:00,20.2568,11.706799,18.096798
1994-02-24 06:00:00,18.9068,6.486801,13.244301
1994-02-25 06:00:00,21.4268,3.3368015,12.329304
1994-02-26 06:00:00,14.316799,-2.3332024,7.476799
1994-02-27 06:00:00,17.646801,-3.233204,7.758051
1994-02-28 06:00:00,26.646801,6.0368004,18.546804
1994-03-01 06:00:00,27.9968,18.456799,24.16055
1994-03-02 06:00:00,29.7968,17.2868,23.8568
1994-03-03 06:00:00,38.5268,16.4768,27.3293
1994-03-04 06:00:00,43.386803,29.3468,36.75305
1994-03-05 06:00:00,44.4668,17.0168,33.4568
1994-03-06 06:00:00,56.1668,37.7168,45.41555
1994-03-07 06:00:00,47.7068,31.8668,39.31805
1994-03-08 06:00:00,34.7468,24.7568,29.2943
1994-03-09 06:00:00,33.3068,22.7768,27.3368
1994-03-10 06:00:00,38.9768,22.4168,29.736801
1994-03-11 06:00:00,36.5468,22.4168,28.44305
1994-03-12 06:00:00,54.0968,28.896801,41.47055
1994-03-13 06:00:00,45.4568,29.0768,36.0218
1994-03-14 06:00:00,50.0468,27.2768,39.02555
1994-03-15 06:00:00,42.8468,28.8068,38.37305
1994-03-16 06:00:00,30.2468,19.6268,24.90305
1994-03-17 06:00:00,37.0868,18.9968,28.67555
1994-03-18 06:00:00,41.5868,25.8368,35.151802
1994-03-19 06:00:00,46.5368,24.9368,35.4218
1994-03-20 06:00:00,51.756798,34.2968,42.60305
1994-03-21 06:00:00,52.1168,40.8668,44.96555
1994-03-22 06:00:00,62.736797,38.3468,50.50055
1994-03-23 06:00:00,66.8768,46.3568,57.29555
1994-03-24 06:00:00,61.4768,35.0168,42.64055
1994-03-25 06:00:00,38.2568,28.3568,32.6543
1994-03-26 06:00:00,46.4468,29.2568,36.70055
1994-03-27 06:00:00,47.9768,30.9668,39.0443
1994-03-28 06:00:00,44.1968,28.3568,35.5193
1994-03-29 06:00:00,40.506798,26.916801,33.7943
1994-03-30 06:00:00,38.7068,24.7568,31.75055
1994-03-31 06:00:00,49.5968,27.1868,38.6843
1994-04-01 06:00:00,58.4168,37.3568,47.5418
1994-04-02 06:00:00,65.2568,41.0468,52.2518
1994-04-03 06:00:00,45.7268,32.5868,38.8043
1994-04-04 06:00:00,57.0668,34.1168,45.925552
1994-04-05 06:00:00,48.9668,30.0668,34.26305
1994-04-06 06:00:00,33.3968,27.5468,30.2468
1994-04-07 06:00:00,44.6468,27.726799,35.39555
1994-04-08 06:00:00,53.6468,32.3168,43.3493
1994-04-09 06:00:00,63.1868,48.1568,54.989304
1994-04-10 06:00:00,48.0668,38.3468,42.8918
1994-04-11 06:00:00,47.7068,39.1568,41.86055
1994-04-12 06:00:00,63.4568,39.6968,48.5768
1994-04-13 06:00:00,53.4668,42.756798,46.96805
1994-04-14 06:00:00,67.6868,42.2168,55.1018
1994-04-15 06:00:00,61.9268,49.4168,56.286797
1994-04-16 06:00:00,58.686802,45.3668,51.63305
1994-04-17 06:00:00,62.5568,45.3668,53.133053
1994-04-18 06:00:00,75.3368,47.436802,61.934303
1994-04-19 06:00:00,64.1768,47.7068,57.0968
1994-04-20 06:00:00,56.7968,42.4868,50.245552
1994-04-21 06:00:00,52.4768,40.4168,46.334297
1994-04-22 06:00:00,51.756798,36.3668,43.319298
1994-04-23 06:00:00,63.9068,35.3768,51.381798
1994-04-24 06:00:00,76.8668,54.006798,65.47055
1994-04-25 06:00:00,79.2968,63.1868,69.8093
1994-04-26 06:00:00,81.0068,64.2668,71.5043
1994-04-27 06:00:00,65.0768,38.3468,52.581802
1994-04-28 06:00:00,53.8268,36.7268,42.1043
1994-04-29 06:00:00,55.8068,41.8568,48.269302
1994-04-30 06:00:00,43.026802,35.0168,38.0768
1994-05-01 06:00:00,52.4768,34.9268,43.3793
1994-05-02 06:00:00,56.7068,38.6168,48.171803
1994-05-03 06:00:00,58.4168,39.2468,49.551804
1994-05-04 06:00:00,60.6668,43.1168,52.2818
1994-05-05 06:00:00,66.246796,48.2468,56.25305
1994-05-06 06:00:00,50.136803,40.4168,44.98805
1994-05-07 06:00:00,51.3968,40.776802,45.1193
1994-05-08 06:00:00,65.3468,38.3468,54.06305
1994-05-09 06:00:00,66.4268,49.4168,58.75805
1994-05-10 06:00:00,63.4568,48.8768,56.95805
1994-05-11 06:00:00,72.9068,53.6468,63.273052
1994-05-12 06:00:00,58.4168,46.6268,52.424297
1994-05-13 06:00:00,66.9668,44.1968,56.804302
1994-05-14 06:00:00,62.916798,52.4768,58.99055
1994-05-15 06:00:00,72.5468,50.9468,62.80055
1994-05-16 06:00:00,56.1668,44.0168,50.2118
1994-05-17 06:00:00,55.0868,42.576797,47.99555
1994-05-18 06:00:00,58.506798,43.6568,49.9568
1994-05-19 06:00:00,63.5468,43.1168,53.65055
1994-05-20 06:00:00,71.916794,46.1768,61.07555
1994-05-21 06:00:00,78.8468,52.2968,67.49555
1994-05-22 06:00:00,82.9868,62.016796,73.2818
1994-05-23 06:00:00,73.6268,58.4168,65.928055
1994-05-24 06:00:00,73.5368,56.9768,64.91555
1994-05-25 06:00:00,68.136795,58.776802,63.066803
1994-05-26 06:00:00,58.776802,45.636803,51.775555
1994-05-27 06:00:00,62.736797,42.756798,53.4068
1994-05-28 06:00:00,75.1568,50.3168,63.5918
1994-05-29 06:00:00,77.4068,57.0668,68.6618
1994-05-30 06:00:00,82.7168,62.3768,73.1693
1994-05-31 06:00:00,81.0068,67.5968,74.0093
1994-06-01 06:00:00,66.4268,53.9168,59.6618
1994-06-02 06:00:00,62.016796,50.8568,55.9118
1994-06-03 06:00:00,69.4868,49.3268,60.096798
1994-06-04 06:00:00,75.5168,56.7968,66.56555
1994-06-05 06:00:00,83.5268,57.2468,71.44806
1994-06-06 06:00:00,83.166794,67.416794,74.20805
1994-06-07 06:00:00,80.1968,56.7968,65.72555
1994-06-08 06:00:00,60.6668,53.6468,56.849297
1994-06-09 06:00:00,69.3068,51.936802,61.13555
1994-06-10 06:00:00,74.4368,51.3968,64.5818
1994-06-11 06:00:00,79.6568,55.1768,67.334305
1994-06-12 06:00:00,82.6268,61.7468,73.07555
1994-06-13 06:00:00,86.2268,69.4868,76.0943
1994-06-14 06:00:00,89.5568,69.7568,80.74805
1994-06-15 06:00:00,90.8168,75.246796,83.1743
1994-06-16 06:00:00,90.9968,74.9768,83.05805
1994-06-17 06:00:00,89.9168,71.7368,81.9293
1994-06-18 06:00:00,90.9968,73.0868,82.66055
1994-06-19 06:00:00,86.2268,72.0968,77.62055
1994-06-20 06:00:00,88.386795,70.746796,78.888054
1994-06-21 06:00:00,80.7368,67.9568,76.803055
1994-06-22 06:00:00,84.246796,64.8968,75.389305
1994-06-23 06:00:00,75.1568,65.7968,71.3093
1994-06-24 06:00:00,66.7868,62.916798,64.7918
1994-06-25 06:00:00,79.386795,60.5768,70.5443
1994-06-26 06:00:00,73.7168,64.4468,68.59805
1994-06-27 06:00:00,76.3268,64.7168,70.72055
1994-06-28 06:00:00,83.0768,66.066795,73.75805
1994-06-29 06:00:00,76.2368,67.3268,71.148056
1994-06-30 06:00:00,77.8568,63.006798,71.20805
1994-07-01 06:00:00,85.3268,67.5968,75.996796
1994-07-02 06:00:00,72.9068,61.7468,65.916794
1994-07-03 06:00:00,75.4268,62.8268,70.5668
1994-07-04 06:00:00,85.9568,71.0168,77.740555
1994-07-05 06:00:00,89.4668,74.0768,81.138054
1994-07-06 06:00:00,87.5768,75.9668,80.7968
1994-07-07 06:00:00,86.6768,72.0068,77.59805
1994-07-08 06:00:00,78.666794,67.1468,74.1368
1994-07-09 06:00:00,72.3668,64.3568,68.32805
1994-07-10 06:00:00,69.1268,60.2168,65.436806
1994-07-11 06:00:00,80.6468,58.0568,70.82555
1994-07-12 06:00:00,85.6868,70.566795,77.10305
1994-07-13 06:00:00,76.3268,67.0568,71.5193
1994-07-14 06:00:00,81.4568,67.9568,74.1743
1994-07-15 06:00:00,76.1468,67.1468,71.35805
1994-07-16 06:00:00,80.1968,65.0768,72.655556
1994-07-17 06:00:00,81.5468,67.9568,73.6568
1994-07-18 06:00:00,82.2668,65.9768,75.11555
1994-07-19 06:00:00,84.246796,70.386795,77.9693
1994-07-20 06:00:00,87.666794,72.9068,80.2493
1994-07-21 06:00:00,82.8968,70.6568,75.84305
1994-07-22 06:00:00,78.4868,66.5168,72.72305
1994-07-23 06:00:00,82.8068,67.0568,75.3218
1994-07-24 06:00:00,82.1768,68.8568,75.3143
1994-07-25 06:00:00,79.8368,66.1568,72.69679
1994-07-26 06:00:00,74.2568,62.3768,68.3468
1994-07-27 06:00:00,69.8468,61.2968,66.194305
1994-07-28 06:00:00,72.996796,61.9268,67.683044
1994-07-29 06:00:00,77.6768,55.9868,68.62055
1994-07-30 06:00:00,80.1968,60.9368,71.61305
1994-07-31 06:00:00,82.9868,65.5268,74.9843
1994-08-01 06:00:00,84.9668,69.0368,74.6543
1994-08-02 06:00:00,76.5968,66.1568,71.871796
1994-08-03 06:00:00,85.3268,61.2068,74.39555
1994-08-04 06:00:00,78.1268,61.2068,69.06305
1994-08-05 06:00:00,64.2668,57.1568,61.214302
1994-08-06 06:00:00,69.9368,55.8968,64.05681
1994-08-07 06:00:00,76.0568,56.3468,67.413055
1994-08-08 06:00:00,81.0068,66.7868,71.9468
1994-08-09 06:00:00,68.6768,61.026802,64.7843
1994-08-10 06:00:00,66.3368,60.2168,63.62555
1994-08-11 06:00:00,71.2868,62.916798,66.86931
1994-08-12 06:00:00,72.816795,64.7168,68.77055
1994-08-13 06:00:00,80.4668,70.6568,75.280556
1994-08-14 06:00:00,70.746796,61.2968,66.1193
1994-08-15 06:00:00,73.4468,59.0468,66.5168
1994-08-16 06:00:00,77.136795,59.4068,68.9993
1994-08-17 06:00:00,78.5768,61.2068,70.82179
1994-08-18 06:00:00,80.3768,65.886795,72.5093
1994-08-19 06:00:00,85.416794,67.0568,76.69055
1994-08-20 06:00:00,76.6868,66.4268,71.56055
1994-08-21 06:00:00,72.0968,61.8368,67.44679
1994-08-22 06:00:00,77.2268,60.3068,69.56555
1994-08-23 06:00:00,78.4868,64.1768,72.2768
1994-08-24 06:00:00,83.5268,68.8568,75.4343
1994-08-25 06:00:00,88.746796,69.3068,78.80555
1994-08-26 06:00:00,81.1868,72.0968,75.4868
1994-08-27 06:00:00,85.9568,68.496796,78.074295
1994-08-28 06:00:00,80.4668,63.816795,72.16431
1994-08-29 06:00:00,75.4268,60.396797,67.8368
1994-08-30 06:00:00,71.6468,62.3768,65.70305
1994-08-31 06:00:00,68.496796,60.1268,63.97055
1994-09-01 06:00:00,64.5368,55.4468,60.1943
1994-09-02 06:00:00,65.5268,52.6568,60.1193
1994-09-03 06:00:00,68.2268,57.1568,62.98055
1994-09-04 06:00:00,66.5168,58.4168,61.63805
1994-09-05 06:00:00,70.746796,59.9468,65.466805
1994-09-06 06:00:00,73.8968,60.3068,66.6443
1994-09-07 06:00:00,74.7968,57.7868,66.3893
1994-09-08 06:00:00,78.3068,60.756798,69.13805
1994-09-09 06:00:00,80.8268,62.5568,71.63555
1994-09-10 06:00:00,78.3968,64.8968,71.25305
1994-09-11 06:00:00,81.1868,66.4268,73.2368
1994-09-12 06:00:00,83.4368,66.246796,74.68055
1994-09-13 06:00:00,85.2368,67.2368,76.25179
1994-09-14 06:00:00,86.136795,71.7368,78.7118
1994-09-15 06:00:00,86.316795,72.3668,79.18805
1994-09-16 06:00:00,82.0868,67.1468,75.621796
1994-09-17 06:00:00,69.7568,58.4168,65.4218
1994-09-18 06:00:00,75.3368,57.2468,66.69305
1994-09-19 06:00:00,78.9368,60.3068,69.730545
1994-09-20 06:00:00,80.4668,61.7468,71.15555
1994-09-21 06:00:00,79.1168,64.4468,71.68805
1994-09-22 06:00:00,73.8968,63.9068,68.091805
1994-09-23 06:00:00,71.1068,61.566795,66.05555
1994-09-24 06:00:00,65.886795,59.2268,62.954304
1994-09-25 06:00:00,67.6868,54.8168,60.123055
1994-09-26 06:00:00,63.096798,54.0968,57.441803
1994-09-27 06:00:00,62.916798,52.4768,57.6968
1994-09-28 06:00:00,60.9368,52.6568,56.95055
1994-09-29 06:00:00,65.166794,49.2368,56.53805
1994-09-30 06:00:00,75.066795,53.6468,64.1768
1994-10-01 06:00:00,64.9868,56.3468,60.1193
1994-10-02 06:00:00,59.0468,52.2968,56.099304
1994-10-03 06:00:00,59.4068,52.1168,55.626804
1994-10-04 06:00:00,58.9568,53.2868,55.8443
1994-10-05 06:00:00,60.9368,48.0668,54.7643
1994-10-06 06:00:00,71.916794,51.4868,61.608047
1994-10-07 06:00:00,76.5068,61.4768,68.29805
1994-10-08 06:00:00,65.2568,51.3068,56.091805
1994-10-09 06:00:00,55.3568,46.2668,50.5793
1994-10-10 06:00:00,55.1768,43.2968,48.633053
1994-10-11 06:00:00,58.3268,41.4068,50.07305
1994-10-12 06:00:00,62.466797,46.3568,54.6668
1994-10-13 06:00:00,64.4468,49.4168,57.33305
1994-10-14 06:00:00,64.9868,53.8268,59.459297
1994-10-15 06:00:00,64.8968,53.1968,59.500553
1994-10-16 06:00:00,70.8368,56.526802,62.714302
1994-10-17 06:00:00,73.4468,59.6768,65.32805
1994-10-18 06:00:00,71.0168,61.6568,65.60181
1994-10-19 06:00:00,70.6568,60.6668,63.9593
1994-10-20 06:00:00,61.566795,54.186802,57.749302
1994-10-21 06:00:00,66.8768,45.276802,56.451797
1994-10-22 06:00:00,68.7668,50.6768,59.28305
1994-10-23 06:00:00,58.3268,47.6168,52.000553
1994-10-24 06:00:00,51.4868,42.4868,47.1668
1994-10-25 06:00:00,45.0968,39.0668,42.4043
1994-10-26 06:00:00,49.4168,39.6068,44.211803
1994-10-27 06:00:00,56.526802,37.3568,46.5368
1994-10-28 06:00:00,60.2168,45.9068,52.93055
1994-10-29 06:00:00,61.8368,50.3168,55.840546
1994-10-30 06:00:00,59.5868,39.5168,51.3893
1994-10-31 06:00:00,50.7668,42.9368,46.371803
1994-11-01 06:00:00,50.4968,37.8968,43.7993
1994-11-02 06:00:00,59.6768,37.1768,49.0868
1994-11-03 06:00:00,67.0568,53.2868,60.01805
1994-11-04 06:00:00,62.916798,55.6268,61.169304
1994-11-05 06:00:00,55.9868,52.8368,54.261803
1994-11-06 06:00:00,55.0868,42.2168,48.95555
1994-11-07 06:00:00,55.8068,38.5268,48.029297
1994-11-08 06:00:00,59.7668,48.4268,53.37305
1994-11-09 06:00:00,52.6568,45.7268,47.86805
1994-11-10 06:00:00,48.5168,41.9468,44.92055
1994-11-11 06:00:00,51.2168,38.5268,44.3693
1994-11-12 06:00:00,55.7168,41.4968,48.490547
1994-11-13 06:00:00,62.916798,52.386803,58.026802
1994-11-14 06:00:00,60.0368,45.0968,55.7618
1994-11-15 06:00:00,47.9768,39.8768,43.8443
1994-11-16 06:00:00,49.3268,36.6368,42.9368
1994-11-17 06:00:00,50.5868,39.5168,45.1793
1994-11-18 06:00:00,52.2968,39.7868,47.324303
1994-11-19 06:00:00,46.5368,31.4168,39.944298
1994-11-20 06:00:00,57.5168,42.3068,48.3818
1994-11-21 06:00:00,55.3568,34.4768,45.47555
1994-11-22 06:00:00,36.8168,28.0868,32.06555
1994-11-23 06:00:00,39.9668,30.9668,34.0118
1994-11-24 06:00:00,46.9868,31.1468,38.4293
1994-11-25 06:00:00,45.3668,31.7768,37.7843
1994-11-26 06:00:00,37.8968,33.8468,35.8118
1994-11-27 06:00:00,57.4268,36.0968,44.6168
1994-11-28 06:00:00,43.9268,32.1368,36.2093
1994-11-29 06:00:00,34.6568,27.9968,31.24805
1994-11-30 06:00:00,34.8368,26.646801,29.89805
1994-12-01 06:00:00,49.5968,30.0668,40.34555
1994-12-02 06:00:00,51.936802,39.4268,44.71055
1994-12-03 06:00:00,53.3768,43.1168,47.5343
1994-12-04 06:00:00,53.9168,44.9168,48.82055
1994-12-05 06:00:00,48.7868,39.4268,44.425552
1994-12-06 06:00:00,39.3368,34.2068,35.83055
1994-12-07 06:00:00,34.6568,30.0668,33.45305
1994-12-08 06:00:00,31.6868,27.9968,30.2993
1994-12-09 06:00:00,32.0468,21.8768,29.3543
1994-12-10 06:00:00,30.6968,17.736801,22.709301
1994-12-11 06:00:00,20.6168,9.0068,13.338049
1994-12-12 06:00:00,27.5468,9.456799,19.566803
1994-12-13 06:00:00,28.4468,11.886801,21.0818
1994-12-14 06:00:00,29.8868,24.8468,27.9143
1994-12-15 06:00:00,36.4568,27.8168,32.3168
1994-12-16 06:00:00,37.9868,32.9468,35.6168
1994-12-17 06:00:00,38.3468,28.9868,33.9143
1994-12-18 06:00:00,33.0368,26.8268,29.9693
1994-12-19 06:00:00,35.3768,25.6568,29.6768
1994-12-20 06:00:00,40.776802,29.6168,35.46305
1994-12-21 06:00:00,45.8168,27.726799,36.03305
1994-12-22 06:00:00,48.6968,28.4468,37.1018
1994-12-23 06:00:00,41.5868,36.0068,38.7068
1994-12-24 06:00:00,40.506798,31.8668,36.5543
1994-12-25 06:00:00,44.9168,30.9668,35.5493
1994-12-26 06:00:00,45.276802,26.1068,34.413048
1994-12-27 06:00:00,48.1568,31.4168,38.9468
1994-12-28 06:00:00,40.6868,35.7368,37.975548
1994-12-29 06:00:00,35.7368,30.5168,34.0343
1994-12-30 06:00:00,36.9968,28.0868,31.8743
1994-12-31 06:00:00,35.4668,28.7168,32.62805
1995-01-01 06:00:00,30.5168,15.0368,21.948051
1995-01-02 06:00:00,22.956799,13.5968,17.6768
1995-01-03 06:00:00,19.7168,8.736801,16.375551
1995-01-04 06:00:00,9.0968,3.9668007,6.445553
1995-01-05 06:00:00,22.236801,2.2567997,12.213051
1995-01-06 06:00:00,26.2868,20.3468,24.089298
1995-01-07 06:00:00,24.9368,13.146801,20.53805
1995-01-08 06:00:00,18.456799,4.9567986,11.609299
1995-01-09 06:00:00,20.0768,8.376801,15.021801
1995-01-10 06:00:00,28.6268,18.456799,23.75555
1995-01-11 06:00:00,38.2568,22.3268,30.771801
1995-01-12 06:00:00,47.1668,33.6668,41.00555
1995-01-13 06:00:00,36.8168,33.0368,34.63055
1995-01-14 06:00:00,36.3668,31.5068,35.10305
1995-01-15 06:00:00,34.9268,30.0668,31.72805
1995-01-16 06:00:00,34.6568,30.6068,31.9718
1995-01-17 06:00:00,44.6468,29.7968,36.7718
1995-01-18 06:00:00,37.5368,28.1768,32.83805
1995-01-19 06:00:00,34.3868,32.6768,33.8243
1995-01-20 06:00:00,32.9468,25.2068,27.97805
1995-01-21 06:00:00,25.386799,22.146801,24.209301
1995-01-22 06:00:00,24.486801,20.706799,22.1918
1995-01-23 06:00:00,24.486801,16.206799,19.885551
1995-01-24 06:00:00,22.5068,9.816799,15.681803
1995-01-25 06:00:00,27.9968,2.436798,15.486797
1995-01-26 06:00:00,28.6268,7.476801,17.305552
1995-01-27 06:00:00,32.2268,16.0268,25.6568
1995-01-28 06:00:00,29.3468,23.5868,27.078049
1995-01-29 06:00:00,27.4568,21.8768,24.539299
1995-01-30 06:00:00,30.6068,16.836802,23.5418
1995-01-31 06:00:00,36.1868,22.7768,29.60555
1995-02-01 06:00:00,36.6368,30.6068,33.7343
1995-02-02 06:00:00,33.1268,23.7668,30.07055
1995-02-03 06:00:00,32.9468,24.486801,29.14805
1995-02-04 06:00:00,27.9068,13.236801,19.7468
1995-02-05 06:00:00,10.986801,-0.62319946,5.549301
1995-02-06 06:00:00,17.1968,1.2667961,8.714298
1995-02-07 06:00:00,18.2768,7.7467995,12.025551
1995-02-08 06:00:00,16.9268,2.7067986,9.513052
1995-02-09 06:00:00,34.8368,13.956799,25.626799
1995-02-10 06:00:00,36.0968,15.8468,27.483051
1995-02-11 06:00:00,14.316799,-0.71320343,5.1518
1995-02-12 06:00:00,14.046801,-4.6731987,4.8293
1995-02-13 06:00:00,22.4168,7.9268,13.900549
1995-02-14 06:00:00,27.636799,5.0467987,18.269299
1995-02-15 06:00:00,35.7368,25.1168,31.42805
1995-02-16 06:00:00,30.6968,17.736801,23.6468
1995-02-17 06:00:00,44.1068,19.986801,30.678051
1995-02-18 06:00:00,52.5668,28.7168,38.92055
1995-02-19 06:00:00,38.3468,26.4668,33.6818
1995-02-20 06:00:00,50.9468,25.9268,37.1918
1995-02-21 06:00:00,30.5168,22.956799,26.05055
1995-02-22 06:00:00,47.1668,25.1168,34.9118
1995-02-23 06:00:00,48.0668,28.7168,36.5018
1995-02-24 06:00:00,37.6268,27.9068,31.72805
1995-02-25 06:00:00,42.6668,29.9768,34.2593
1995-02-26 06:00:00,34.2068,27.0968,30.4268
1995-02-27 06:00:00,30.3368,25.7468,28.5368
1995-02-28 06:00:00,34.4768,22.956799,27.22805
1995-03-01 06:00:00,24.306799,15.216801,19.07555
1995-03-02 06:00:00,24.1268,10.716801,17.508053
1995-03-03 06:00:00,33.3068,14.9468,23.785551
1995-03-04 06:00:00,38.1668,20.4368,29.0993
1995-03-05 06:00:00,38.7068,30.6068,33.9218
1995-03-06 06:00:00,33.3968,25.9268,30.3443
1995-03-07 06:00:00,33.2168,24.7568,27.9743
1995-03-08 06:00:00,26.1068,14.586802,20.8118
1995-03-09 06:00:00,28.5368,13.5068,21.783049
1995-03-10 06:00:00,51.4868,25.9268,37.6793
1995-03-11 06:00:00,59.4068,38.1668,47.808052
1995-03-12 06:00:00,64.8968,41.8568,53.020554
1995-03-13 06:00:00,67.5068,47.0768,56.013054
1995-03-14 06:00:00,67.6868,45.3668,54.67805
1995-03-15 06:00:00,59.2268,39.0668,48.2243
1995-03-16 06:00:00,58.686802,36.2768,43.43555
1995-03-17 06:00:00,43.5668,32.6768,36.85055
1995-03-18 06:00:00,56.7968,34.2968,45.5243
1995-03-19 06:00:00,58.8668,39.5168,50.0168
1995-03-20 06:00:00,57.3368,38.1668,47.035553
1995-03-21 06:00:00,51.4868,37.0868,43.18805
1995-03-22 06:00:00,42.3968,32.9468,36.87305
1995-03-23 06:00:00,40.4168,30.6068,35.1668
1995-03-24 06:00:00,44.0168,29.4368,35.3843
1995-03-25 06:00:00,51.3068,26.1968,38.62805
1995-03-26 06:00:00,44.5568,38.4368,41.95055
1995-03-27 06:00:00,44.1068,35.5568,40.0043
1995-03-28 06:00:00,42.3968,33.7568,37.62305
1995-03-29 06:00:00,43.8368,32.7668,37.33055
1995-03-30 06:00:00,44.3768,30.5168,37.199303
1995-03-31 06:00:00,41.6768,28.9868,35.91305
1995-04-01 06:00:00,43.386803,30.9668,37.4768
1995-04-02 06:00:00,50.2268,31.4168,42.0368
1995-04-03 06:00:00,59.4968,46.8068,52.41305
1995-04-04 06:00:00,44.2868,23.6768,29.1593
1995-04-05 06:00:00,43.2068,22.5968,33.7718
1995-04-06 06:00:00,60.756798,37.9868,49.8443
1995-04-07 06:00:00,47.1668,34.9268,39.93305
1995-04-08 06:00:00,47.436802,37.0868,40.75055
1995-04-09 06:00:00,38.4368,32.1368,35.53055
1995-04-10 06:00:00,37.8968,32.2268,35.6168
1995-04-11 06:00:00,67.9568,37.0868,51.1343
1995-04-12 06:00:00,46.5368,36.7268,41.38055
1995-04-13 06:00:00,56.7068,38.6168,46.765553
1995-04-14 06:00:00,47.3468,31.6868,40.09055
1995-04-15 06:00:00,53.3768,36.6368,45.3143
1995-04-16 06:00:00,59.0468,43.8368,50.0243
1995-04-17 06:00:00,53.3768,42.576797,47.046803
1995-04-18 06:00:00,73.1768,45.636803,57.5318
1995-04-19 06:00:00,52.1168,41.4968,46.975548
1995-04-20 06:00:00,46.8968,39.8768,43.27055
1995-04-21 06:00:00,49.9568,42.576797,46.2068
1995-04-22 06:00:00,54.7268,40.326797,47.620552
1995-04-23 06:00:00,50.9468,40.6868,45.273052
1995-04-24 06:00:00,58.686802,33.3068,47.770554
1995-04-25 06:00:00,54.7268,38.1668,47.47055
1995-04-26 06:00:00,53.7368,44.1068,47.950554
1995-04-27 06:00:00,51.6668,42.8468,47.061802
1995-04-28 06:00:00,59.8568,40.1468,50.57555
1995-04-29 06:00:00,53.3768,41.4068,47.40305
1995-04-30 06:00:00,48.4268,39.6068,43.70555
1995-05-01 06:00:00,48.5168,38.3468,43.844303
1995-05-02 06:00:00,52.8368,39.5168,46.3343
1995-05-03 06:00:00,56.6168,35.2868,46.776802
1995-05-04 06:00:00,52.7468,41.7668,48.663048
1995-05-05 06:00:00,65.886795,38.9768,52.81055
1995-05-06 06:00:00,65.4368,41.0468,54.60305
1995-05-07 06:00:00,67.8668,49.9568,59.31305
1995-05-08 06:00:00,59.7668,48.5168,54.261803
1995-05-09 06:00:00,69.1268,50.5868,56.669304
1995-05-10 06:00:00,60.2168,50.9468,53.984303
1995-05-11 06:00:00,63.4568,50.3168,56.0918
1995-05-12 06:00:00,68.496796,48.9668,59.94305
1995-05-13 06:00:00,65.6168,55.9868,60.944298
1995-05-14 06:00:00,68.0468,56.436802,62.50805
1995-05-15 06:00:00,70.0268,49.2368,60.6293
1995-05-16 06:00:00,74.886795,55.8968,65.2193
1995-05-17 06:00:00,65.2568,50.8568,55.58555
1995-05-18 06:00:00,52.8368,48.2468,50.5793
1995-05-19 06:00:00,72.636795,47.7968,60.753048
1995-05-20 06:00:00,71.8268,55.3568,62.9468
1995-05-21 06:00:00,67.6868,51.756798,60.6068
1995-05-22 06:00:00,72.636795,49.686802,63.775547
1995-05-23 06:00:00,68.8568,52.026802,61.88555
1995-05-24 06:00:00,54.0968,50.3168,51.745552
1995-05-25 06:00:00,58.0568,49.5968,53.065548
1995-05-26 06:00:00,63.096798,48.9668,56.140556
1995-05-27 06:00:00,65.5268,55.2668,59.316795
1995-05-28 06:00:00,74.2568,60.0368,66.39305
1995-05-29 06:00:00,65.7068,55.2668,60.01055
1995-05-30 06:00:00,75.6068,55.5368,65.8943
1995-05-31 06:00:00,77.6768,56.3468,68.1818
1995-06-01 06:00:00,75.7868,63.9068,69.1343
1995-06-02 06:00:00,70.8368,62.1068,66.363045
1995-06-03 06:00:00,69.3968,58.776802,64.52555
1995-06-04 06:00:00,73.8968,56.436802,66.1043
1995-06-05 06:00:00,75.6968,59.4968,68.5493
1995-06-06 06:00:00,82.9868,64.1768,72.153046
1995-06-07 06:00:00,84.5168,59.0468,72.9743
1995-06-08 06:00:00,60.3068,54.7268,56.976803
1995-06-09 06:00:00,65.3468,56.1668,60.993053
1995-06-10 06:00:00,78.666794,60.0368,68.87555
1995-06-11 06:00:00,63.6368,54.7268,60.56555
1995-06-12 06:00:00,65.4368,51.0368,59.249302
1995-06-13 06:00:00,77.5868,50.8568,65.7668
1995-06-14 06:00:00,80.1968,60.756798,70.96055
1995-06-15 06:00:00,81.5468,60.3068,72.53555
1995-06-16 06:00:00,82.4468,65.7068,74.733055
1995-06-17 06:00:00,83.7968,66.9668,75.95555
1995-06-18 06:00:00,85.0568,68.6768,77.3993
1995-06-19 06:00:00,88.2068,70.566795,79.80305
1995-06-20 06:00:00,86.6768,73.5368,79.8443
1995-06-21 06:00:00,82.5368,70.746796,76.0643
1995-06-22 06:00:00,85.3268,68.136795,76.78055
1995-06-23 06:00:00,85.0568,68.4068,77.271805
1995-06-24 06:00:00,84.69679,67.9568,76.4693
1995-06-25 06:00:00,82.3568,70.2068,75.58804
1995-06-26 06:00:00,77.7668,69.9368,73.50305
1995-06-27 06:00:00,76.8668,67.7768,71.6168
1995-06-28 06:00:00,78.2168,66.3368,71.31305
1995-06-29 06:00:00,80.7368,66.3368,72.9518
1995-06-30 06:00:00,76.6868,67.5968,72.4268
1995-07-01 06:00:00,71.8268,59.8568,66.02554
1995-07-02 06:00:00,72.2768,54.636803,65.4518
1995-07-03 06:00:00,78.3968,60.2168,70.0643
1995-07-04 06:00:00,81.636795,66.4268,73.94556
1995-07-05 06:00:00,79.6568,70.2068,73.386795
1995-07-06 06:00:00,75.8768,67.5068,71.466805
1995-07-07 06:00:00,74.4368,65.166794,69.68181
1995-07-08 06:00:00,77.496796,56.436802,69.2243
1995-07-09 06:00:00,79.2068,65.886795,71.06179
1995-07-10 06:00:00,84.4268,61.7468,74.8343
1995-07-11 06:00:00,85.0568,70.1168,78.14931
1995-07-12 06:00:00,92.7968,74.2568,84.02556
1995-07-13 06:00:00,99.4568,79.8368,89.35054
1995-07-14 06:00:00,98.2868,81.816795,90.27305
1995-07-15 06:00:00,94.4168,78.1268,86.729294
1995-07-16 06:00:00,90.7268,75.5168,81.3668
1995-07-17 06:00:00,84.5168,71.0168,77.395546
1995-07-18 06:00:00,81.7268,67.9568,74.8343
1995-07-19 06:00:00,85.6868,66.4268,76.99429
1995-07-20 06:00:00,76.8668,70.2068,73.28931
1995-07-21 06:00:00,80.916794,67.7768,74.5793
1995-07-22 06:00:00,85.7768,69.7568,75.21306
1995-07-23 06:00:00,82.1768,69.2168,75.130554
1995-07-24 06:00:00,84.8768,67.7768,75.15306
1995-07-25 06:00:00,87.666794,70.8368,79.53305
1995-07-26 06:00:00,82.4468,72.4568,76.20305
1995-07-27 06:00:00,87.4868,70.566795,79.8293
1995-07-28 06:00:00,85.416794,71.8268,78.63304
1995-07-29 06:00:00,89.9168,71.3768,81.20929
1995-07-30 06:00:00,91.6268,73.3568,83.15181
1995-07-31 06:00:00,91.0868,75.1568,83.1068
1995-08-01 06:00:00,77.9468,72.3668,74.77431
1995-08-02 06:00:00,76.2368,71.8268,73.97555
1995-08-03 06:00:00,77.2268,71.4668,74.02055
1995-08-04 06:00:00,82.5368,70.0268,74.54555
1995-08-05 06:00:00,82.4468,69.0368,75.65555
1995-08-06 06:00:00,82.7168,71.1968,77.425545
1995-08-07 06:00:00,82.8068,73.9868,77.12555
1995-08-08 06:00:00,83.0768,71.916794,77.6543
1995-08-09 06:00:00,87.0368,72.7268,78.434296
1995-08-10 06:00:00,86.8568,71.1068,78.7643
1995-08-11 06:00:00,90.7268,74.5268,82.84805
1995-08-12 06:00:00,93.3368,76.0568,84.5618
1995-08-13 06:00:00,91.896805,78.5768,85.2968
1995-08-14 06:00:00,90.8168,78.8468,83.93931
1995-08-15 06:00:00,83.6168,73.8968,79.206795
1995-08-16 06:00:00,85.9568,75.3368,79.983055
1995-08-17 06:00:00,86.7668,73.6268,79.7543
1995-08-18 06:00:00,84.6068,75.5168,80.1443
1995-08-19 06:00:00,87.4868,74.2568,79.4093
1995-08-20 06:00:00,79.8368,70.8368,76.13555
1995-08-21 06:00:00,84.4268,64.7168,75.07431
1995-08-22 06:00:00,78.3068,68.7668,73.7993
1995-08-23 06:00:00,85.1468,65.9768,75.2018
1995-08-24 06:00:00,77.316795,71.5568,74.38429
1995-08-25 06:00:00,83.0768,70.9268,76.5743
1995-08-26 06:00:00,85.5068,71.1068,78.3818
1995-08-27 06:00:00,82.9868,70.2968,77.541794
1995-08-28 06:00:00,86.136795,71.8268,79.10181
1995-08-29 06:00:00,82.4468,71.7368,76.8218
1995-08-30 06:00:00,90.366806,74.4368,81.68179
1995-08-31 06:00:00,83.886795,72.2768,79.42429
1995-09-01 06:00:00,76.0568,63.5468,70.44679
1995-09-02 06:00:00,78.5768,58.506798,69.01805
1995-09-03 06:00:00,80.0168,62.8268,72.14931
1995-09-04 06:00:00,83.5268,68.496796,75.79804
1995-09-05 06:00:00,84.3368,66.7868,76.45055
1995-09-06 06:00:00,83.166794,68.0468,75.659294
1995-09-07 06:00:00,68.5868,60.0368,65.07305
1995-09-08 06:00:00,61.8368,58.3268,60.4418
1995-09-09 06:00:00,66.066795,59.4068,62.03555
1995-09-10 06:00:00,64.1768,53.8268,60.7268
1995-09-11 06:00:00,68.6768,52.1168,61.113052
1995-09-12 06:00:00,77.6768,58.9568,68.3618
1995-09-13 06:00:00,80.1068,64.5368,71.59431
1995-09-14 06:00:00,75.1568,61.9268,67.724304
1995-09-15 06:00:00,72.0968,58.8668,65.62055
1995-09-16 06:00:00,81.4568,64.2668,72.24305
1995-09-17 06:00:00,67.2368,58.0568,61.6268
1995-09-18 06:00:00,64.7168,51.936802,59.8268
1995-09-19 06:00:00,68.136795,57.7868,62.568054
1995-09-20 06:00:00,62.466797,56.7068,59.6393
1995-09-21 06:00:00,56.526802,44.5568,49.49555
1995-09-22 06:00:00,51.5768,39.5168,45.10055
1995-09-23 06:00:00,54.7268,36.8168,47.14055
1995-09-24 06:00:00,58.686802,45.9068,52.956802
1995-09-25 06:00:00,65.6168,49.5968,57.040546
1995-09-26 06:00:00,71.1968,48.8768,59.9243
1995-09-27 06:00:00,75.5168,54.5468,63.985546
1995-09-28 06:00:00,76.7768,57.6968,66.65555
1995-09-29 06:00:00,76.2368,59.4068,68.598045
1995-09-30 06:00:00,80.4668,67.2368,73.2443
1995-10-01 06:00:00,71.6468,60.396797,66.1418
1995-10-02 06:00:00,73.7168,54.006798,63.59555
1995-10-03 06:00:00,66.8768,56.256798,61.784298
1995-10-04 06:00:00,67.0568,50.9468,59.4293
1995-10-05 06:00:00,62.736797,57.3368,60.2993
1995-10-06 06:00:00,66.1568,55.4468,58.701797
1995-10-07 06:00:00,54.8168,51.2168,52.8218
1995-10-08 06:00:00,60.1268,49.776802,54.2768
1995-10-09 06:00:00,69.9368,52.5668,59.714302
1995-10-10 06:00:00,67.8668,48.9668,57.824303
1995-10-11 06:00:00,75.5168,49.686802,62.515553
1995-10-12 06:00:00,79.4768,58.4168,67.9568
1995-10-13 06:00:00,79.8368,57.6968,68.84555
1995-10-14 06:00:00,55.0868,46.8068,50.50805
1995-10-15 06:00:00,53.0168,41.4968,47.11805
1995-10-16 06:00:00,57.3368,40.326797,47.7593
1995-10-17 06:00:00,72.9068,46.8968,60.40805
1995-10-18 06:00:00,62.286797,53.6468,56.98055
1995-10-19 06:00:00,76.5968,54.0968,64.731804
1995-10-20 06:00:00,53.3768,42.576797,46.79555
1995-10-21 06:00:00,42.9368,39.6068,40.89305
1995-10-22 06:00:00,58.0568,38.7968,48.2393
1995-10-23 06:00:00,68.496796,51.5768,59.485554
1995-10-24 06:00:00,49.8668,41.9468,46.33805
1995-10-25 06:00:00,59.3168,37.6268,48.2468
1995-10-26 06:00:00,58.596798,44.5568,52.0568
1995-10-27 06:00:00,55.8968,47.886803,52.76555
1995-10-28 06:00:00,50.4968,43.386803,47.995552
1995-10-29 06:00:00,51.8468,38.4368,45.1343
1995-10-30 06:00:00,45.276802,40.326797,42.4343
1995-10-31 06:00:00,47.526802,40.4168,44.0243
1995-11-01 06:00:00,64.1768,47.9768,56.2268
1995-11-02 06:00:00,59.0468,32.5868,45.3893
1995-11-03 06:00:00,34.9268,26.2868,30.2243
1995-11-04 06:00:00,32.7668,26.3768,28.6118
1995-11-05 06:00:00,37.0868,25.476799,30.8093
1995-11-06 06:00:00,49.686802,30.4268,40.1243
1995-11-07 06:00:00,45.0968,32.6768,39.284298
1995-11-08 06:00:00,32.4068,26.0168,29.53805
1995-11-09 06:00:00,45.7268,23.7668,33.8468
1995-11-10 06:00:00,52.4768,39.8768,47.64305
1995-11-11 06:00:00,37.0868,20.8868,27.955551
1995-11-12 06:00:00,29.5268,18.6368,24.445549
1995-11-13 06:00:00,33.6668,25.2968,28.608051
1995-11-14 06:00:00,34.7468,24.1268,28.7618
1995-11-15 06:00:00,34.026802,24.1268,29.0618
1995-11-16 06:00:00,36.3668,27.636799,32.1593
1995-11-17 06:00:00,37.7168,27.4568,34.4918
1995-11-18 06:00:00,38.3468,32.7668,35.29055
1995-11-19 06:00:00,46.5368,31.5968,38.5493
1995-11-20 06:00:00,49.506798,37.2668,41.9843
1995-11-21 06:00:00,36.2768,26.646801,30.53555
1995-11-22 06:00:00,34.6568,22.3268,30.0293
1995-11-23 06:00:00,31.8668,25.1168,28.5368
1995-11-24 06:00:00,32.2268,20.706799,27.1418
1995-11-25 06:00:00,43.386803,29.3468,35.37305
1995-11-26 06:00:00,50.2268,34.2968,41.0543
1995-11-27 06:00:00,44.4668,29.4368,38.3843
1995-11-28 06:00:00,28.5368,21.5168,24.7118
1995-11-29 06:00:00,30.4268,20.706799,25.158049
1995-11-30 06:00:00,46.7168,26.3768,36.5993
1995-12-01 06:00:00,46.1768,29.3468,39.36305
1995-12-02 06:00:00,52.5668,28.1768,40.5668
1995-12-03 06:00:00,53.1968,37.8068,44.538048
1995-12-04 06:00:00,39.7868,31.6868,36.1193
1995-12-05 06:00:00,42.4868,28.8068,36.39305
1995-12-06 06:00:00,32.4968,26.8268,29.0543
1995-12-07 06:00:00,30.6968,22.056799,26.331799
1995-12-08 06:00:00,29.4368,22.236801,25.9568
1995-12-09 06:00:00,17.9168,-4.1332016,2.5042992
1995-12-10 06:00:00,16.2968,1.3568001,8.043049
1995-12-11 06:00:00,12.876801,3.2467995,8.324303
1995-12-12 06:00:00,24.396801,9.726801,17.481802
1995-12-13 06:00:00,42.1268,20.4368,26.86805
1995-12-14 06:00:00,46.1768,29.5268,38.6243
1995-12-15 06:00:00,37.5368,27.726799,31.1168
1995-12-16 06:00:00,34.026802,24.1268,28.0418
1995-12-17 06:00:00,35.4668,25.6568,30.6818
1995-12-18 06:00:00,35.5568,31.0568,33.0068
1995-12-19 06:00:00,31.3268,28.4468,29.8718
1995-12-20 06:00:00,28.3568,21.8768,24.27305
1995-12-21 06:00:00,30.5168,20.7968,25.09805
1995-12-22 06:00:00,28.9868,23.226799,25.5368
1995-12-23 06:00:00,31.3268,24.396801,27.021801
1995-12-24 06:00:00,32.4968,23.7668,27.666801
1995-12-25 06:00:00,25.386799,19.7168,23.2943
1995-12-26 06:00:00,29.7068,19.2668,24.57305
1995-12-27 06:00:00,27.2768,18.7268,22.1693
1995-12-28 06:00:00,30.8768,18.0968,23.920551
1995-12-29 06:00:00,33.1268,19.7168,26.1143
1995-12-30 06:00:00,35.7368,26.5568,30.47555
1995-12-31 06:00:00,35.1968,30.6068,32.2493
1996-01-01 06:00:00,36.9068,30.4268,32.9768
1996-01-02 06:00:00,31.8668,22.236801,26.174301
1996-01-03 06:00:00,24.6668,20.706799,22.7618
1996-01-04 06:00:00,25.9268,19.4468,23.28305
1996-01-05 06:00:00,21.6068,13.326801,18.0668
1996-01-06 06:00:00,24.8468,13.686802,19.506802
1996-01-07 06:00:00,21.2468,8.736801,16.983051
1996-01-08 06:00:00,26.1968,7.476801,16.881802
1996-01-09 06:00:00,30.4268,22.5968,26.56805
1996-01-10 06:00:00,26.916801,15.936802,22.0493
1996-01-11 06:00:00,26.0168,23.1368,24.48305
1996-01-12 06:00:00,33.4868,21.9668,28.1618
1996-01-13 06:00:00,39.8768,26.916801,32.5793
1996-01-14 06:00:00,39.9668,26.646801,34.1243
1996-01-15 06:00:00,25.386799,20.0768,22.03805
1996-01-16 06:00:00,46.3568,20.1668,34.92305
1996-01-17 06:00:00,51.3968,34.9268,43.026802
1996-01-18 06:00:00,55.3568,13.056799,45.213047
1996-01-19 06:00:00,14.8568,6.2168007,10.476799
1996-01-20 06:00:00,22.236801,10.896801,16.5518
1996-01-21 06:00:00,34.8368,16.2968,25.19555
1996-01-22 06:00:00,43.5668,30.5168,34.99805
1996-01-23 06:00:00,33.8468,22.7768,30.22055
1996-01-24 06:00:00,21.6068,13.686802,16.9868
1996-01-25 06:00:00,33.2168,7.0268,20.643051
1996-01-26 06:00:00,38.7968,20.976799,31.56305
1996-01-27 06:00:00,21.6968,7.2067986,16.146801
1996-01-28 06:00:00,29.4368,3.3368015,16.728052
1996-01-29 06:00:00,29.6168,0.1867981,14.6768
1996-01-30 06:00:00,6.6667995,-2.5132027,1.4280453
1996-01-31 06:00:00,4.8668003,-11.243202,-4.3169518
1996-02-01 06:00:00,6.936802,-9.263203,-3.1019478
1996-02-02 06:00:00,-4.313202,-15.743202,-10.496956
1996-02-03 06:00:00,-3.5932007,-19.0732,-12.169445
1996-02-04 06:00:00,2.7067986,-16.1932,-7.1106987
1996-02-05 06:00:00,21.1568,0.09679794,10.083054
1996-02-06 06:00:00,32.4068,-2.8731995,18.051802
1996-02-07 06:00:00,44.2868,30.6068,37.48805
1996-02-08 06:00:00,47.436802,33.9368,41.1893
1996-02-09 06:00:00,47.886803,29.4368,37.75055
1996-02-10 06:00:00,54.9968,34.7468,43.3118
1996-02-11 06:00:00,35.8268,25.5668,32.36555
1996-02-12 06:00:00,26.8268,19.4468,23.21555
1996-02-13 06:00:00,39.9668,20.8868,29.789299
1996-02-14 06:00:00,32.5868,23.4968,29.65055
1996-02-15 06:00:00,30.4268,16.4768,23.33555
1996-02-16 06:00:00,28.896801,15.7568,21.63305
1996-02-17 06:00:00,31.4168,17.556799,24.3218
1996-02-18 06:00:00,29.0768,12.156799,21.8168
1996-02-19 06:00:00,45.8168,25.386799,34.0943
1996-02-20 06:00:00,50.3168,32.6768,39.280552
1996-02-21 06:00:00,33.8468,27.636799,31.1693
1996-02-22 06:00:00,36.3668,31.9568,34.00805
1996-02-23 06:00:00,56.256798,36.6368,43.4093
1996-02-24 06:00:00,54.8168,34.5668,42.933052
1996-02-25 06:00:00,54.3668,35.4668,43.848053
1996-02-26 06:00:00,50.2268,37.3568,40.675552
1996-02-27 06:00:00,54.9068,29.3468,46.641804
1996-02-28 06:00:00,27.726799,15.486801,20.8868
1996-02-29 06:00:00,25.9268,12.966801,19.319302
1996-03-01 06:00:00,37.6268,17.646801,27.2618
1996-03-02 06:00:00,29.2568,7.7467995,21.580551
1996-03-03 06:00:00,24.8468,4.686802,15.010551
1996-03-04 06:00:00,36.6368,16.1168,27.25055
1996-03-05 06:00:00,34.5668,22.4168,28.46555
1996-03-06 06:00:00,23.6768,11.1668,16.611801
1996-03-07 06:00:00,16.1168,4.686802,10.184301
1996-03-08 06:00:00,18.6368,1.4467983,10.64555
1996-03-09 06:00:00,30.0668,9.816799,19.844301
1996-03-10 06:00:00,38.9768,16.7468,27.655552
1996-03-11 06:00:00,45.0968,26.3768,34.89305
1996-03-12 06:00:00,51.936802,30.6968,40.17305
1996-03-13 06:00:00,53.6468,33.3968,42.4718
1996-03-14 06:00:00,57.1568,31.6868,42.9068
1996-03-15 06:00:00,51.4868,28.2668,37.69055
1996-03-16 06:00:00,39.4268,25.6568,32.25305
1996-03-17 06:00:00,36.6368,27.5468,31.90805
1996-03-18 06:00:00,46.1768,25.0268,34.9643
1996-03-19 06:00:00,36.2768,29.4368,32.4818
1996-03-20 06:00:00,30.6968,22.146801,27.445549
1996-03-21 06:00:00,30.5168,19.3568,23.350548
1996-03-22 06:00:00,43.2968,19.3568,30.7043
1996-03-23 06:00:00,47.6168,25.386799,36.23555
1996-03-24 06:00:00,62.016796,33.8468,47.91305
1996-03-25 06:00:00,56.6168,18.8168,36.43055
1996-03-26 06:00:00,24.306799,15.396801,19.139301
1996-03-27 06:00:00,33.7568,14.6768,24.56555
1996-03-28 06:00:00,39.1568,28.5368,33.0968
1996-03-29 06:00:00,42.8468,28.2668,34.90055
1996-03-30 06:00:00,50.7668,33.0368,41.5568
1996-03-31 06:00:00,39.6068,31.7768,36.4118
1996-04-01 06:00:00,39.7868,27.1868,32.6918
1996-04-02 06:00:00,57.5168,30.6068,43.4543
1996-04-03 06:00:00,65.6168,38.5268,48.734303
1996-04-04 06:00:00,37.7168,27.9968,32.26805
1996-04-05 06:00:00,36.7268,25.2068,30.1943
1996-04-06 06:00:00,36.3668,25.6568,30.3518
1996-04-07 06:00:00,35.8268,23.9468,29.4518
1996-04-08 06:00:00,38.0768,22.956799,29.9918
1996-04-09 06:00:00,41.9468,25.8368,34.11305
1996-04-10 06:00:00,56.7068,26.8268,44.0018
1996-04-11 06:00:00,71.4668,43.1168,57.9818
1996-04-12 06:00:00,62.466797,50.6768,57.936802
1996-04-13 06:00:00,47.9768,31.5968,40.8368
1996-04-14 06:00:00,40.326797,30.8768,35.913048
1996-04-15 06:00:00,45.7268,35.2868,40.413048
1996-04-16 06:00:00,48.9668,32.4968,40.64555
1996-04-17 06:00:00,60.1268,28.8068,46.6118
1996-04-18 06:00:00,70.2068,50.7668,59.58305
1996-04-19 06:00:00,68.9468,50.7668,59.02055
1996-04-20 06:00:00,58.776802,49.2368,55.3643
1996-04-21 06:00:00,58.3268,41.4968,50.08805
1996-04-22 06:00:00,59.9468,40.5968,49.476803
1996-04-23 06:00:00,47.436802,36.9968,41.7293
1996-04-24 06:00:00,65.6168,40.9568,53.8793
1996-04-25 06:00:00,69.3068,54.276802,58.859306
1996-04-26 06:00:00,53.8268,38.8868,44.808052
1996-04-27 06:00:00,55.2668,35.2868,45.9893
1996-04-28 06:00:00,49.9568,38.3468,44.5418
1996-04-29 06:00:00,44.9168,36.0968,40.6418
1996-04-30 06:00:00,52.8368,35.8268,43.07555
1996-05-01 06:00:00,58.0568,39.7868,49.026802
1996-05-02 06:00:00,62.8268,40.0568,51.59555
1996-05-03 06:00:00,60.396797,41.2268,50.6168
1996-05-04 06:00:00,52.6568,40.1468,44.9093
1996-05-05 06:00:00,56.6168,41.5868,47.5793
1996-05-06 06:00:00,50.7668,39.2468,45.69305
1996-05-07 06:00:00,57.5168,44.1068,49.1543
1996-05-08 06:00:00,64.9868,46.4468,55.7243
1996-05-09 06:00:00,73.0868,48.3368,59.1068
1996-05-10 06:00:00,65.166794,41.2268,52.2443
1996-05-11 06:00:00,49.506798,37.3568,42.15305
1996-05-12 06:00:00,49.0568,36.1868,42.5093
1996-05-13 06:00:00,55.3568,34.1168,45.831802
1996-05-14 06:00:00,56.9768,38.9768,48.7943
1996-05-15 06:00:00,58.2368,48.2468,52.0568
1996-05-16 06:00:00,61.566795,50.6768,54.0443
1996-05-17 06:00:00,83.346794,53.1068,71.365555
1996-05-18 06:00:00,85.5068,72.2768,78.4718
1996-05-19 06:00:00,84.6068,71.6468,77.75931
1996-05-20 06:00:00,73.6268,54.5468,64.4468
1996-05-21 06:00:00,73.4468,54.186802,64.09805
1996-05-22 06:00:00,76.7768,55.4468,66.96305
1996-05-23 06:00:00,62.1968,48.6068,54.588055
1996-05-24 06:00:00,56.886803,48.6068,52.27055
1996-05-25 06:00:00,55.8968,49.4168,51.936802
1996-05-26 06:00:00,58.3268,49.0568,53.0243
1996-05-27 06:00:00,55.1768,49.2368,51.843052
1996-05-28 06:00:00,55.2668,51.1268,52.6268
1996-05-29 06:00:00,57.7868,45.7268,51.936802
1996-05-30 06:00:00,60.6668,43.386803,52.4093
1996-05-31 06:00:00,70.386795,45.9068,59.9168
1996-06-01 06:00:00,74.6168,55.5368,64.1243
1996-06-02 06:00:00,76.416794,61.4768,67.1693
1996-06-03 06:00:00,67.416794,57.2468,62.331802
1996-06-04 06:00:00,61.9268,53.9168,58.06805
1996-06-05 06:00:00,72.4568,50.6768,63.153053
1996-06-06 06:00:00,76.2368,59.2268,66.64805
1996-06-07 06:00:00,63.4568,54.4568,58.866802
1996-06-08 06:00:00,61.2068,52.8368,56.7143
1996-06-09 06:00:00,59.9468,55.8068,57.19805
1996-06-10 06:00:00,70.4768,56.3468,63.03305
1996-06-11 06:00:00,67.1468,57.2468,62.121803
1996-06-12 06:00:00,74.4368,56.886803,65.7368
1996-06-13 06:00:00,84.246796,64.2668,73.7318
1996-06-14 06:00:00,74.3468,63.7268,69.2168
1996-06-15 06:00:00,75.7868,58.596798,67.15805
1996-06-16 06:00:00,82.7168,59.136803,72.28055
1996-06-17 06:00:00,82.8068,68.9468,75.20555
1996-06-18 06:00:00,79.386795,69.7568,73.66055
1996-06-19 06:00:00,76.1468,66.3368,70.5893
1996-06-20 06:00:00,82.6268,65.4368,73.40555
1996-06-21 06:00:00,85.1468,70.0268,77.3618
1996-06-22 06:00:00,75.6068,63.7268,70.6268
1996-06-23 06:00:00,78.2168,61.8368,69.48305
1996-06-24 06:00:00,74.9768,60.396797,69.7043
1996-06-25 06:00:00,70.9268,57.4268,64.2518
1996-06-26 06:00:00,78.4868,57.4268,69.6893
1996-06-27 06:00:00,84.9668,64.1768,75.23555
1996-06-28 06:00:00,88.4768,67.8668,78.700554
1996-06-29 06:00:00,89.5568,72.636795,81.67055
1996-06-30 06:00:00,87.2168,73.5368,80.699295
1996-07-01 06:00:00,81.0968,70.2068,75.42305
1996-07-02 06:00:00,78.7568,64.6268,70.784294
1996-07-03 06:00:00,70.8368,60.5768,65.646805
1996-07-04 06:00:00,73.8968,55.8968,66.0668
1996-07-05 06:00:00,82.1768,59.0468,71.83805
1996-07-06 06:00:00,85.3268,63.6368,76.05305
1996-07-07 06:00:00,83.5268,70.566795,76.9043
1996-07-08 06:00:00,82.1768,62.5568,72.94805
1996-07-09 06:00:00,66.6968,56.886803,63.5918
1996-07-10 06:00:00,71.1068,56.7068,64.10181
1996-07-11 06:00:00,78.4868,58.0568,69.29555
1996-07-12 06:00:00,80.5568,64.3568,72.2693
1996-07-13 06:00:00,79.566795,65.886795,73.0718
1996-07-14 06:00:00,78.3068,64.2668,69.88805
1996-07-15 06:00:00,80.1968,62.5568,71.83055
1996-07-16 06:00:00,87.1268,66.9668,77.24555
1996-07-17 06:00:00,83.886795,72.2768,76.66055
1996-07-18 06:00:00,88.6568,73.1768,81.801796
1996-07-19 06:00:00,79.1168,62.916798,71.5868
1996-07-20 06:00:00,70.2068,63.096798,66.65931
1996-07-21 06:00:00,67.0568,59.3168,63.78305
1996-07-22 06:00:00,79.6568,54.636803,68.35805
1996-07-23 06:00:00,79.1168,63.7268,71.83805
1996-07-24 06:00:00,80.1968,65.0768,70.66431
1996-07-25 06:00:00,73.6268,61.9268,68.12555
1996-07-26 06:00:00,74.2568,62.016796,67.71305
1996-07-27 06:00:00,76.416794,61.2968,68.613045
1996-07-28 06:00:00,76.3268,65.5268,69.61055
1996-07-29 06:00:00,77.496796,64.8068,71.25305
1996-07-30 06:00:00,73.0868,63.6368,68.178055
1996-07-31 06:00:00,73.5368,60.0368,67.27805
1996-08-01 06:00:00,73.0868,59.7668,67.7843
1996-08-02 06:00:00,74.6168,60.1268,68.4443
1996-08-03 06:00:00,77.7668,59.4968,70.61179
1996-08-04 06:00:00,82.8968,66.6968,75.52055
1996-08-05 06:00:00,88.2968,73.1768,80.6168
1996-08-06 06:00:00,90.006805,75.246796,82.6343
1996-08-07 06:00:00,90.366806,75.8768,81.70805
1996-08-08 06:00:00,82.5368,69.7568,76.81055
1996-08-09 06:00:00,76.9568,65.166794,70.9718
1996-08-10 06:00:00,75.1568,62.3768,69.48305
1996-08-11 06:00:00,75.8768,66.8768,71.11055
1996-08-12 06:00:00,80.916794,62.916798,72.614296
1996-08-13 06:00:00,84.1568,67.6868,76.176796
1996-08-14 06:00:00,83.9768,69.4868,76.28555
1996-08-15 06:00:00,75.3368,65.3468,70.885544
1996-08-16 06:00:00,76.0568,63.096798,69.58055
1996-08-17 06:00:00,78.7568,63.816795,71.5868
1996-08-18 06:00:00,80.3768,64.1768,73.034294
1996-08-19 06:00:00,84.066795,69.666794,75.5543
1996-08-20 06:00:00,83.0768,71.5568,75.7118
1996-08-21 06:00:00,85.416794,69.5768,77.57181
1996-08-22 06:00:00,87.4868,72.0068,79.15056
1996-08-23 06:00:00,74.2568,67.0568,71.069305
1996-08-24 06:00:00,79.1168,64.4468,71.3618
1996-08-25 06:00:00,81.4568,62.5568,72.15305
1996-08-26 06:00:00,81.996796,64.3568,73.62305
1996-08-27 06:00:00,75.3368,66.7868,70.84055
1996-08-28 06:00:00,76.416794,64.1768,70.300545
1996-08-29 06:00:00,77.136795,63.7268,70.3343
1996-08-30 06:00:00,77.4068,62.916798,70.93055
1996-08-31 06:00:00,80.1968,65.166794,72.97055
1996-09-01 06:00:00,81.2768,65.7068,74.0693
1996-09-02 06:00:00,81.5468,63.7268,73.8443
1996-09-03 06:00:00,80.4668,67.8668,74.2268
1996-09-04 06:00:00,81.3668,66.8768,74.9018
1996-09-05 06:00:00,82.5368,67.416794,75.209305
1996-09-06 06:00:00,79.1168,70.746796,74.5268
1996-09-07 06:00:00,77.7668,68.136795,72.666794
1996-09-08 06:00:00,78.5768,66.7868,71.661804
1996-09-09 06:00:00,75.9668,66.5168,70.319305
1996-09-10 06:00:00,79.386795,63.006798,71.0243
1996-09-11 06:00:00,74.7968,61.6568,68.77055
1996-09-12 06:00:00,65.4368,54.8168,59.9993
1996-09-13 06:00:00,64.3568,53.9168,58.964302
1996-09-14 06:00:00,63.816795,51.3968,58.05305
1996-09-15 06:00:00,66.8768,54.006798,60.97055
1996-09-16 06:00:00,65.9768,58.686802,62.050545
1996-09-17 06:00:00,65.0768,59.4968,61.645554
1996-09-18 06:00:00,68.496796,56.436802,61.8068
1996-09-19 06:00:00,70.0268,56.526802,63.3218
1996-09-20 06:00:00,70.6568,57.7868,63.43805
1996-09-21 06:00:00,70.2968,55.9868,62.538048
1996-09-22 06:00:00,70.566795,56.526802,62.676796
1996-09-23 06:00:00,67.7768,52.6568,60.651802
1996-09-24 06:00:00,67.1468,54.7268,61.0643
1996-09-25 06:00:00,64.5368,48.1568,58.004303
1996-09-26 06:00:00,64.5368,55.6268,60.76805
1996-09-27 06:00:00,65.9768,53.8268,58.87805
1996-09-28 06:00:00,60.3068,49.776802,54.756805
1996-09-29 06:00:00,66.1568,51.756798,57.839302
1996-09-30 06:00:00,73.5368,52.2068,62.26055
1996-10-01 06:00:00,72.9068,54.8168,63.996803
1996-10-02 06:00:00,68.8568,50.9468,59.748047
1996-10-03 06:00:00,53.8268,45.9068,49.33805
1996-10-04 06:00:00,56.6168,44.5568,50.68805
1996-10-05 06:00:00,64.8068,45.5468,55.0418
1996-10-06 06:00:00,73.9868,54.7268,63.801796
1996-10-07 06:00:00,63.3668,53.1068,56.425552
1996-10-08 06:00:00,54.0968,47.7068,51.39305
1996-10-09 06:00:00,57.3368,43.2968,50.151802
1996-10-10 06:00:00,50.8568,45.7268,48.2168
1996-10-11 06:00:00,55.9868,39.4268,48.12305
1996-10-12 06:00:00,67.3268,50.2268,57.888054
1996-10-13 06:00:00,74.5268,56.3468,64.63055
1996-10-14 06:00:00,61.8368,54.9068,57.584305
1996-10-15 06:00:00,74.7968,56.7068,64.42805
1996-10-16 06:00:00,72.7268,59.7668,65.12556
1996-10-17 06:00:00,73.2668,49.8668,62.61305
1996-10-18 06:00:00,53.1968,43.7468,47.9768
1996-10-19 06:00:00,53.7368,39.8768,45.6893
1996-10-20 06:00:00,56.6168,35.9168,49.16555
1996-10-21 06:00:00,63.006798,46.3568,54.76055
1996-10-22 06:00:00,60.3068,54.4568,58.154305
1996-10-23 06:00:00,52.386803,40.4168,44.7893
1996-10-24 06:00:00,56.886803,43.8368,49.90055
1996-10-25 06:00:00,64.1768,45.006798,53.84555
1996-10-26 06:00:00,67.5068,52.8368,60.003048
1996-10-27 06:00:00,65.166794,52.1168,60.130547
1996-10-28 06:00:00,54.5468,44.0168,49.1393
1996-10-29 06:00:00,64.1768,40.8668,53.324303
1996-10-30 06:00:00,60.9368,34.026802,46.664303
1996-10-31 06:00:00,39.5168,29.6168,33.85805
1996-11-01 06:00:00,37.9868,27.9068,32.2718
1996-11-02 06:00:00,36.0068,27.1868,30.6068
1996-11-03 06:00:00,44.4668,26.8268,35.0468
1996-11-04 06:00:00,47.7068,35.9168,41.81555
1996-11-05 06:00:00,52.2968,42.756798,47.2943
1996-11-06 06:00:00,65.2568,50.8568,57.9518
1996-11-07 06:00:00,54.8168,37.8968,43.61555
1996-11-08 06:00:00,45.8168,34.7468,39.21305
1996-11-09 06:00:00,39.1568,30.4268,34.82555
1996-11-10 06:00:00,33.6668,26.916801,29.8718
1996-11-11 06:00:00,32.4968,25.386799,27.91055
1996-11-12 06:00:00,29.4368,21.6968,25.3493
1996-11-13 06:00:00,30.4268,24.486801,26.721802
1996-11-14 06:00:00,33.3068,22.956799,28.0268
1996-11-15 06:00:00,36.8168,26.5568,31.9568
1996-11-16 06:00:00,52.8368,35.8268,44.466805
1996-11-17 06:00:00,52.2068,30.4268,43.12805
1996-11-18 06:00:00,35.7368,28.0868,31.2593
1996-11-19 06:00:00,33.9368,28.896801,30.8468
1996-11-20 06:00:00,36.9968,28.6268,32.3093
1996-11-21 06:00:00,37.8968,29.0768,33.3218
1996-11-22 06:00:00,37.8068,27.9968,32.54555
1996-11-23 06:00:00,40.326797,33.4868,36.34805
1996-11-24 06:00:00,39.1568,33.2168,36.468052
1996-11-25 06:00:00,36.7268,27.726799,32.4518
1996-11-26 06:00:00,27.636799,20.7968,24.0593
1996-11-27 06:00:00,29.3468,18.456799,23.6543
1996-11-28 06:00:00,36.7268,21.6968,28.31555
1996-11-29 06:00:00,42.8468,28.6268,35.3993
1996-11-30 06:00:00,45.636803,34.6568,42.3293
1996-12-01 06:00:00,35.1968,25.5668,30.61055
1996-12-02 06:00:00,32.5868,25.2968,28.6943
1996-12-03 06:00:00,36.2768,26.736801,32.26805
1996-12-04 06:00:00,33.3968,25.6568,28.8893
1996-12-05 06:00:00,33.8468,28.896801,31.96805
1996-12-06 06:00:00,36.9968,28.2668,32.6018
1996-12-07 06:00:00,37.4468,24.1268,29.42555
1996-12-08 06:00:00,31.2368,26.8268,28.473051
1996-12-09 06:00:00,30.6068,23.1368,27.018051
1996-12-10 06:00:00,41.4968,28.8068,35.31305
1996-12-11 06:00:00,39.5168,37.6268,38.4518
1996-12-12 06:00:00,39.4268,33.9368,37.24805
1996-12-13 06:00:00,41.9468,28.4468,35.2718
1996-12-14 06:00:00,44.1968,30.0668,38.52305
1996-12-15 06:00:00,42.4868,27.9968,37.1168
1996-12-16 06:00:00,33.1268,24.7568,27.925549
1996-12-17 06:00:00,30.5168,20.2568,26.740551
1996-12-18 06:00:00,20.1668,11.1668,15.32555
1996-12-19 06:00:00,18.3668,6.7567997,12.243048
1996-12-20 06:00:00,18.9968,6.6667995,13.3943
1996-12-21 06:00:00,36.9968,18.186802,29.1143
1996-12-22 06:00:00,37.6268,32.5868,35.32055
1996-12-23 06:00:00,50.8568,33.5768,40.40555
1996-12-24 06:00:00,32.5868,12.876801,20.88305
1996-12-25 06:00:00,11.976801,4.056799,8.620554
1996-12-26 06:00:00,24.5768,10.626801,18.798054
1996-12-27 06:00:00,34.5668,18.456799,27.2543
1996-12-28 06:00:00,39.5168,33.9368,35.8268
1996-12-29 06:00:00,35.0168,26.2868,31.3118
1996-12-30 06:00:00,36.8168,25.5668,30.44555
1996-12-31 06:00:00,33.6668,25.7468,31.3043
1997-01-01 06:00:00,40.6868,31.7768,36.34805
1997-01-02 06:00:00,51.1268,38.8868,46.81805
1997-01-03 06:00:00,42.6668,34.2068,37.82555
1997-01-04 06:00:00,59.9468,38.6168,50.2943
1997-01-05 06:00:00,37.8068,18.6368,28.5818
1997-01-06 06:00:00,24.5768,12.246799,18.044304
1997-01-07 06:00:00,23.1368,10.626801,17.050552
1997-01-08 06:00:00,28.896801,15.396801,22.3493
1997-01-09 06:00:00,27.726799,23.1368,26.05805
1997-01-10 06:00:00,22.956799,13.956799,19.281801
1997-01-11 06:00:00,16.2968,-1.1632004,8.718048
1997-01-12 06:00:00,4.236801,-7.193199,-1.7481956
1997-01-13 06:00:00,10.2668,-3.9532013,2.3318024
1997-01-14 06:00:00,17.1068,1.0867977,8.950552
1997-01-15 06:00:00,26.5568,9.816799,19.54805
1997-01-16 06:00:00,22.956799,-5.3932,7.053051
1997-01-17 06:00:00,0.9067993,-12.953201,-5.719448
1997-01-18 06:00:00,5.7668,-7.103203,-1.9206963
1997-01-19 06:00:00,24.306799,-0.8931999,11.005552
1997-01-20 06:00:00,35.4668,23.4068,28.0868
1997-01-21 06:00:00,46.8068,23.0468,33.77555
1997-01-22 06:00:00,47.1668,23.4968,37.9868
1997-01-23 06:00:00,26.1968,19.986801,23.99555
1997-01-24 06:00:00,36.0968,26.0168,29.77055
1997-01-25 06:00:00,27.1868,6.7567997,15.813051
1997-01-26 06:00:00,19.2668,3.4267998,10.165552
1997-01-27 06:00:00,27.8168,8.556799,21.71555
1997-01-28 06:00:00,7.6567993,-5.9332047,0.8880501
1997-01-29 06:00:00,15.7568,-6.8332024,7.1993046
1997-01-30 06:00:00,21.5168,2.976801,14.429302
1997-01-31 06:00:00,43.9268,18.5468,33.9293
1997-02-01 06:00:00,36.2768,26.4668,31.69805
1997-02-02 06:00:00,41.5868,27.0968,33.57305
1997-02-03 06:00:00,34.1168,28.2668,30.75305
1997-02-04 06:00:00,37.9868,28.4468,33.42305
1997-02-05 06:00:00,34.2068,25.2068,29.601799
1997-02-06 06:00:00,31.1468,23.5868,26.85305
1997-02-07 06:00:00,30.9668,24.306799,26.909302
1997-02-08 06:00:00,28.7168,21.7868,25.878052
1997-02-09 06:00:00,32.1368,22.236801,26.920551
1997-02-10 06:00:00,31.6868,24.1268,27.4643
1997-02-11 06:00:00,28.5368,24.5768,26.09555
1997-02-12 06:00:00,24.2168,12.156799,20.13305
1997-02-13 06:00:00,28.1768,5.8568,18.610554
1997-02-14 06:00:00,34.9268,12.246799,23.789299
1997-02-15 06:00:00,26.8268,19.6268,22.75055
1997-02-16 06:00:00,23.8568,8.646801,19.5068
1997-02-17 06:00:00,42.3968,9.816799,28.6568
1997-02-18 06:00:00,54.276802,41.6768,48.4043
1997-02-19 06:00:00,49.0568,28.2668,39.80555
1997-02-20 06:00:00,45.7268,25.8368,37.66805
1997-02-21 06:00:00,43.026802,24.8468,33.63305
1997-02-22 06:00:00,31.7768,19.3568,25.1918
1997-02-23 06:00:00,33.9368,19.5368,28.8518
1997-02-24 06:00:00,29.3468,17.3768,21.53555
1997-02-25 06:00:00,36.9968,16.9268,26.8718
1997-02-26 06:00:00,39.5168,32.4968,34.4468
1997-02-27 06:00:00,37.1768,29.8868,33.4343
1997-02-28 06:00:00,40.2368,29.0768,34.42055
1997-03-01 06:00:00,56.7068,37.0868,46.9793
1997-03-02 06:00:00,39.6068,27.1868,32.0693
1997-03-03 06:00:00,37.2668,26.646801,30.94055
1997-03-04 06:00:00,46.0868,29.2568,36.4043
1997-03-05 06:00:00,36.0068,28.4468,32.62805
1997-03-06 06:00:00,31.4168,23.226799,27.3293
1997-03-07 06:00:00,45.276802,20.3468,32.28305
1997-03-08 06:00:00,42.576797,26.4668,31.7768
1997-03-09 06:00:00,45.8168,29.4368,38.3243
1997-03-10 06:00:00,54.006798,31.2368,42.19055
1997-03-11 06:00:00,44.3768,26.2868,34.8968
1997-03-12 06:00:00,37.8968,25.8368,31.45805
1997-03-13 06:00:00,41.4968,30.1568,34.94555
1997-03-14 06:00:00,32.3168,23.4968,28.990551
1997-03-15 06:00:00,28.896801,17.1968,22.85555
1997-03-16 06:00:00,37.2668,15.396801,26.931799
1997-03-17 06:00:00,53.5568,32.5868,41.6243
1997-03-18 06:00:00,34.8368,28.1768,30.98555
1997-03-19 06:00:00,44.2868,25.386799,34.85555
1997-03-20 06:00:00,47.886803,33.6668,40.11305
1997-03-21 06:00:00,67.8668,38.0768,53.13305
1997-03-22 06:00:00,43.1168,29.7968,37.76555
1997-03-23 06:00:00,34.3868,27.0068,31.709301
1997-03-24 06:00:00,41.8568,26.2868,35.0468
1997-03-25 06:00:00,48.8768,36.3668,42.8768
1997-03-26 06:00:00,54.7268,29.8868,42.7868
1997-03-27 06:00:00,67.6868,45.7268,56.020557
1997-03-28 06:00:00,62.1968,47.9768,54.475548
1997-03-29 06:00:00,51.3968,39.3368,46.4543
1997-03-30 06:00:00,44.1068,30.7868,37.2443
1997-03-31 06:00:00,43.386803,28.4468,33.7643
1997-04-01 06:00:00,56.9768,25.8368,41.95805
1997-04-02 06:00:00,63.7268,39.4268,51.19805
1997-04-03 06:00:00,62.1068,48.6968,54.3443
1997-04-04 06:00:00,71.3768,51.756798,60.479298
1997-04-05 06:00:00,62.916798,53.8268,57.955547
1997-04-06 06:00:00,60.4868,33.1268,48.430553
1997-04-07 06:00:00,40.776802,26.2868,33.70055
1997-04-08 06:00:00,33.3068,27.4568,29.271801
1997-04-09 06:00:00,35.0168,25.6568,29.11055
1997-04-10 06:00:00,38.7968,26.0168,32.5343
1997-04-11 06:00:00,34.2968,32.3168,33.31805
1997-04-12 06:00:00,37.0868,31.3268,34.5068
1997-04-13 06:00:00,41.5868,29.2568,34.53305
1997-04-14 06:00:00,51.2168,24.0368,38.58305
1997-04-15 06:00:00,61.6568,32.1368,48.453053
1997-04-16 06:00:00,48.6968,36.0968,43.041798
1997-04-17 06:00:00,44.1068,31.1468,37.20305
1997-04-18 06:00:00,51.756798,28.9868,41.48555
1997-04-19 06:00:00,50.5868,37.5368,43.139297
1997-04-20 06:00:00,55.9868,39.6068,47.4668
1997-04-21 06:00:00,49.0568,37.8968,43.364304
1997-04-22 06:00:00,48.3368,35.6468,41.9993
1997-04-23 06:00:00,50.7668,37.7168,43.420547
1997-04-24 06:00:00,51.936802,37.4468,43.93805
1997-04-25 06:00:00,55.0868,37.8968,45.38555
1997-04-26 06:00:00,58.686802,34.1168,47.6843
1997-04-27 06:00:00,58.0568,41.8568,48.951797
1997-04-28 06:00:00,59.4068,34.6568,49.49555
1997-04-29 06:00:00,69.8468,47.7968,58.705555
1997-04-30 06:00:00,66.4268,44.2868,56.823048
1997-05-01 06:00:00,58.3268,37.2668,48.10055
1997-05-02 06:00:00,48.5168,44.6468,47.054302
1997-05-03 06:00:00,54.9068,42.576797,46.71305
1997-05-04 06:00:00,62.016796,41.2268,52.08305
1997-05-05 06:00:00,68.0468,49.3268,57.04805
1997-05-06 06:00:00,63.006798,45.636803,54.8093
1997-05-07 06:00:00,64.7168,44.9168,53.3168
1997-05-08 06:00:00,69.7568,52.8368,60.43055
1997-05-09 06:00:00,53.8268,45.8168,49.72055
1997-05-10 06:00:00,60.9368,41.9468,51.8018
1997-05-11 06:00:00,68.316795,51.4868,59.339302
1997-05-12 06:00:00,58.8668,45.7268,51.77555
1997-05-13 06:00:00,52.9268,39.7868,46.683052
1997-05-14 06:00:00,54.3668,44.2868,49.31555
1997-05-15 06:00:00,50.6768,40.5968,46.00055
1997-05-16 06:00:00,62.3768,38.1668,51.9668
1997-05-17 06:00:00,58.596798,43.8368,50.076797
1997-05-18 06:00:00,74.0768,45.4568,61.1768
1997-05-19 06:00:00,63.096798,49.2368,59.4293
1997-05-20 06:00:00,60.3068,45.006798,52.739304
1997-05-21 06:00:00,55.1768,43.4768,48.918053
1997-05-22 06:00:00,60.846798,38.5268,51.5318
1997-05-23 06:00:00,67.5068,43.4768,57.273045
1997-05-24 06:00:00,77.9468,55.5368,66.21305
1997-05-25 06:00:00,61.8368,50.136803,54.0443
1997-05-26 06:00:00,54.9068,47.886803,50.87555
1997-05-27 06:00:00,60.9368,47.7068,54.794296
1997-05-28 06:00:00,63.6368,52.386803,57.213047
1997-05-29 06:00:00,64.6268,56.0768,59.661804
1997-05-30 06:00:00,66.5168,55.9868,61.000553
1997-05-31 06:00:00,64.4468,53.2868,58.844303
1997-06-01 06:00:00,65.4368,53.3768,58.9793
1997-06-02 06:00:00,62.8268,56.436802,59.18555
1997-06-03 06:00:00,65.6168,55.9868,60.0593
1997-06-04 06:00:00,68.316795,52.4768,60.895554
1997-06-05 06:00:00,72.7268,51.3968,63.216805
1997-06-06 06:00:00,68.4068,58.8668,62.594296
1997-06-07 06:00:00,64.3568,58.506798,61.3118
1997-06-08 06:00:00,66.3368,55.9868,60.64055
1997-06-09 06:00:00,71.2868,55.7168,63.4268
1997-06-10 06:00:00,77.6768,56.0768,67.9343
1997-06-11 06:00:00,76.0568,59.7668,68.7743
1997-06-12 06:00:00,76.1468,61.3868,68.5793
1997-06-13 06:00:00,79.6568,60.846798,66.9218
1997-06-14 06:00:00,65.4368,53.7368,59.913048
1997-06-15 06:00:00,79.4768,46.2668,66.558044
1997-06-16 06:00:00,79.6568,60.9368,70.79555
1997-06-17 06:00:00,67.0568,57.6968,62.418053
1997-06-18 06:00:00,78.3968,58.596798,69.49805
1997-06-19 06:00:00,84.3368,63.9068,75.12679
1997-06-20 06:00:00,83.5268,73.8068,77.52305
1997-06-21 06:00:00,81.2768,67.2368,75.42305
1997-06-22 06:00:00,84.8768,65.166794,76.15804
1997-06-23 06:00:00,89.3768,71.7368,79.9418
1997-06-24 06:00:00,90.9968,73.8968,82.98679
1997-06-25 06:00:00,84.9668,71.8268,78.78305
1997-06-26 06:00:00,80.3768,68.496796,74.18555
1997-06-27 06:00:00,82.9868,63.7268,74.65054
1997-06-28 06:00:00,86.4068,64.7168,77.50805
1997-06-29 06:00:00,86.136795,68.4068,78.60304
1997-06-30 06:00:00,83.346794,70.9268,76.199295
1997-07-01 06:00:00,86.8568,69.1268,77.9843
1997-07-02 06:00:00,89.9168,69.1268,77.9468
1997-07-03 06:00:00,71.916794,65.886795,68.64305
1997-07-04 06:00:00,65.6168,59.3168,62.316795
1997-07-05 06:00:00,74.7068,57.6068,67.131805
1997-07-06 06:00:00,77.0468,62.1968,68.08805
1997-07-07 06:00:00,74.5268,59.8568,68.05055
1997-07-08 06:00:00,81.636795,65.7068,72.19805
1997-07-09 06:00:00,68.136795,62.016796,64.86305
1997-07-10 06:00:00,75.4268,58.776802,68.08055
1997-07-11 06:00:00,80.5568,60.4868,71.793045
1997-07-12 06:00:00,84.8768,64.3568,75.8618
1997-07-13 06:00:00,92.256805,72.2768,82.62305
1997-07-14 06:00:00,87.7568,73.3568,79.7093
1997-07-15 06:00:00,86.316795,68.2268,77.823044
1997-07-16 06:00:00,92.256805,71.6468,82.28555
1997-07-17 06:00:00,90.636795,74.2568,81.7418
1997-07-18 06:00:00,87.666794,71.7368,78.9218
1997-07-19 06:00:00,79.9268,72.0068,75.584305
1997-07-20 06:00:00,85.5068,70.0268,77.740555
1997-07-21 06:00:00,76.5968,71.1068,73.8668
1997-07-22 06:00:00,76.1468,69.4868,72.528046
1997-07-23 06:00:00,75.5168,69.9368,72.194305
1997-07-24 06:00:00,80.3768,67.3268,74.45556
1997-07-25 06:00:00,86.4068,70.1168,79.1768
1997-07-26 06:00:00,94.5968,78.2168,85.311806
1997-07-27 06:00:00,90.7268,74.7968,80.8643
1997-07-28 06:00:00,80.4668,68.4068,75.39305
1997-07-29 06:00:00,70.9268,63.7268,67.68305
1997-07-30 06:00:00,74.7968,63.9068,69.61805
1997-07-31 06:00:00,80.5568,63.276802,73.05305
1997-08-01 06:00:00,83.9768,64.2668,74.950554
1997-08-02 06:00:00,88.386795,71.4668,79.08306
1997-08-03 06:00:00,88.1168,67.8668,78.1643
1997-08-04 06:00:00,77.5868,67.5068,71.92055
1997-08-05 06:00:00,69.9368,59.9468,66.1193
1997-08-06 06:00:00,75.5168,57.8768,67.42055
1997-08-07 06:00:00,78.5768,60.5768,70.5893
1997-08-08 06:00:00,81.996796,62.916798,73.0343
1997-08-09 06:00:00,77.6768,67.5968,72.24306
1997-08-10 06:00:00,82.0868,68.4068,74.3543
1997-08-11 06:00:00,71.1968,65.886795,68.05805
1997-08-12 06:00:00,78.4868,64.8968,70.7918
1997-08-13 06:00:00,72.9068,64.7168,68.6843
1997-08-14 06:00:00,74.7968,61.6568,69.0593
1997-08-15 06:00:00,82.8068,68.7668,75.1793
1997-08-16 06:00:00,86.8568,72.2768,77.51179
1997-08-17 06:00:00,76.9568,67.6868,72.37805
1997-08-18 06:00:00,68.316795,64.1768,65.5718
1997-08-19 06:00:00,71.0168,61.8368,67.0268
1997-08-20 06:00:00,71.916794,61.566795,67.32305
1997-08-21 06:00:00,69.2168,59.6768,64.026794
1997-08-22 06:00:00,70.566795,57.4268,64.1768
1997-08-23 06:00:00,74.166794,57.9668,66.599304
1997-08-24 06:00:00,75.066795,63.9968,68.474304
1997-08-25 06:00:00,71.1068,63.276802,67.0943
1997-08-26 06:00:00,80.7368,59.3168,71.05055
1997-08-27 06:00:00,83.7068,69.3968,75.73805
1997-08-28 06:00:00,75.4268,65.5268,70.9418
1997-08-29 06:00:00,73.8968,61.566795,67.8593
1997-08-30 06:00:00,76.0568,62.466797,68.7143
1997-08-31 06:00:00,77.0468,65.4368,70.54805
1997-09-01 06:00:00,81.0068,62.466797,71.7668
1997-09-02 06:00:00,73.1768,62.1068,68.05805
1997-09-03 06:00:00,63.816795,56.6168,60.47555
1997-09-04 06:00:00,67.6868,52.9268,60.531803
1997-09-05 06:00:00,72.3668,53.8268,63.411797
1997-09-06 06:00:00,83.2568,62.016796,72.1718
1997-09-07 06:00:00,75.246796,65.4368,70.1993
1997-09-08 06:00:00,71.1968,64.8968,68.0543
1997-09-09 06:00:00,71.916794,63.6368,67.683044
1997-09-10 06:00:00,69.4868,60.3068,64.386795
1997-09-11 06:00:00,68.2268,56.7968,62.62805
1997-09-12 06:00:00,72.2768,52.2068,63.130547
1997-09-13 06:00:00,75.5168,56.7068,65.9618
1997-09-14 06:00:00,75.4268,64.8968,69.3668
1997-09-15 06:00:00,78.7568,61.7468,71.099304
1997-09-16 06:00:00,83.0768,66.5168,74.6618
1997-09-17 06:00:00,79.2068,65.2568,71.6393
1997-09-18 06:00:00,80.916794,60.756798,70.99805
1997-09-19 06:00:00,82.6268,68.6768,74.2418
1997-09-20 06:00:00,67.416794,58.146797,62.946796
1997-09-21 06:00:00,63.006798,54.7268,58.96805
1997-09-22 06:00:00,61.3868,54.0968,57.5693
1997-09-23 06:00:00,64.6268,54.4568,57.8543
1997-09-24 06:00:00,67.5068,52.2068,59.18555
1997-09-25 06:00:00,74.6168,55.8068,63.8693
1997-09-26 06:00:00,65.5268,56.9768,60.865555
1997-09-27 06:00:00,72.816795,54.8168,63.88805
1997-09-28 06:00:00,69.9368,60.3068,64.0643
1997-09-29 06:00:00,72.2768,58.0568,64.233055
1997-09-30 06:00:00,61.8368,54.9968,59.174305
1997-10-01 06:00:00,57.6068,48.7868,53.5118
1997-10-02 06:00:00,75.1568,48.0668,61.81805
1997-10-03 06:00:00,82.0868,61.3868,71.50805
1997-10-04 06:00:00,76.416794,60.9368,70.1918
1997-10-05 06:00:00,83.4368,60.3068,71.47054
1997-10-06 06:00:00,81.996796,63.6368,72.40805
1997-10-07 06:00:00,81.636795,64.8068,72.865555
1997-10-08 06:00:00,81.3668,66.9668,74.41429
1997-10-09 06:00:00,74.9768,57.3368,67.1768
1997-10-10 06:00:00,65.7068,52.386803,58.473053
1997-10-11 06:00:00,72.9068,54.8168,62.845547
1997-10-12 06:00:00,76.5968,62.5568,70.36805
1997-10-13 06:00:00,73.9868,48.6068,58.99055
1997-10-14 06:00:00,50.3168,42.1268,46.311802
1997-10-15 06:00:00,54.006798,36.0968,46.3493
1997-10-16 06:00:00,54.0968,45.8168,50.0168
1997-10-17 06:00:00,54.186802,45.3668,49.4093
1997-10-18 06:00:00,56.7068,43.6568,49.4393
1997-10-19 06:00:00,62.916798,42.0368,52.03805
1997-10-20 06:00:00,50.9468,42.3968,46.87055
1997-10-21 06:00:00,48.7868,39.2468,43.214302
1997-10-22 06:00:00,42.756798,32.6768,37.5368
1997-10-23 06:00:00,50.7668,33.6668,42.34055
1997-10-24 06:00:00,47.9768,42.9368,45.90305
1997-10-25 06:00:00,49.5968,46.1768,47.598053
1997-10-26 06:00:00,45.9068,40.506798,42.6368
1997-10-27 06:00:00,40.506798,32.6768,36.72305
1997-10-28 06:00:00,50.9468,29.7968,39.9593
1997-10-29 06:00:00,56.526802,35.8268,45.2243
1997-10-30 06:00:00,60.6668,42.3068,52.1918
1997-10-31 06:00:00,63.276802,53.8268,57.94055
1997-11-01 06:00:00,56.6168,44.7368,51.175552
1997-11-02 06:00:00,44.2868,33.9368,40.45055
1997-11-03 06:00:00,40.5968,32.4968,36.6443
1997-11-04 06:00:00,41.3168,35.9168,38.5643
1997-11-05 06:00:00,44.9168,36.8168,41.0768
1997-11-06 06:00:00,46.6268,42.1268,44.2043
1997-11-07 06:00:00,47.886803,42.576797,44.699303
1997-11-08 06:00:00,46.9868,42.756798,44.48555
1997-11-09 06:00:00,44.9168,39.3368,42.11555
1997-11-10 06:00:00,41.4968,33.0368,38.3318
1997-11-11 06:00:00,33.3968,28.2668,30.90305
1997-11-12 06:00:00,32.7668,24.9368,28.96805
1997-11-13 06:00:00,34.6568,27.9968,31.63805
1997-11-14 06:00:00,39.3368,33.4868,36.32555
1997-11-15 06:00:00,33.4868,26.646801,31.5818
1997-11-16 06:00:00,27.2768,20.5268,23.96555
1997-11-17 06:00:00,35.9168,19.986801,26.6543
1997-11-18 06:00:00,39.8768,26.0168,31.7468
1997-11-19 06:00:00,34.1168,25.2968,28.27055
1997-11-20 06:00:00,44.2868,21.5168,33.558052
1997-11-21 06:00:00,40.8668,34.026802,37.54055
1997-11-22 06:00:00,44.2868,28.3568,35.20805
1997-11-23 06:00:00,31.1468,23.4068,26.9468
1997-11-24 06:00:00,32.6768,20.6168,26.883049
1997-11-25 06:00:00,53.4668,33.6668,44.7443
1997-11-26 06:00:00,48.2468,33.9368,43.99805
1997-11-27 06:00:00,49.9568,30.7868,38.96555
1997-11-28 06:00:00,54.7268,43.386803,49.649303
1997-11-29 06:00:00,46.9868,43.1168,45.021797
1997-11-30 06:00:00,44.1968,38.8868,40.9268
1997-12-01 06:00:00,40.6868,36.9968,38.5793
1997-12-02 06:00:00,39.4268,34.1168,36.381798
1997-12-03 06:00:00,36.9068,33.4868,34.8068
1997-12-04 06:00:00,34.3868,27.3668,31.1543
1997-12-05 06:00:00,29.4368,25.476799,27.2843
1997-12-06 06:00:00,33.2168,23.7668,28.9193
1997-12-07 06:00:00,34.5668,29.1668,30.87305
1997-12-08 06:00:00,31.5968,27.3668,29.5793
1997-12-09 06:00:00,34.8368,30.0668,32.29055
1997-12-10 06:00:00,35.3768,32.8568,34.2593
1997-12-11 06:00:00,36.7268,30.4268,33.52805
1997-12-12 06:00:00,33.3968,23.8568,28.885551
1997-12-13 06:00:00,36.4568,23.6768,28.59305
1997-12-14 06:00:00,36.6368,25.0268,29.35055
1997-12-15 06:00:00,44.7368,28.1768,35.15555
1997-12-16 06:00:00,45.006798,33.3968,37.1543
1997-12-17 06:00:00,44.1968,28.1768,34.9943
1997-12-18 06:00:00,45.7268,32.4968,37.6493
1997-12-19 06:00:00,45.9968,30.8768,37.42055
1997-12-20 06:00:00,35.1968,31.1468,33.38555
1997-12-21 06:00:00,34.6568,29.6168,31.95305
1997-12-22 06:00:00,36.1868,31.9568,34.06805
1997-12-23 06:00:00,36.3668,28.6268,32.2868
1997-12-24 06:00:00,34.3868,30.9668,32.74805
1997-12-25 06:00:00,34.8368,26.1068,30.9218
1997-12-26 06:00:00,31.5968,25.9268,28.188051
1997-12-27 06:00:00,28.8068,11.5268,23.47055
1997-12-28 06:00:00,33.5768,13.7768,26.6543
1997-12-29 06:00:00,32.4968,24.306799,29.59055
1997-12-30 06:00:00,25.7468,17.2868,22.2518
1997-12-31 06:00:00,23.226799,11.5268,16.6643
1998-01-01 06:00:00,40.1468,12.966801,31.27055
1998-01-02 06:00:00,49.5968,38.0768,44.230553
1998-01-03 06:00:00,55.9868,37.4468,49.6718
1998-01-04 06:00:00,53.2868,34.6568,40.5743
1998-01-05 06:00:00,53.3768,39.9668,46.611797
1998-01-06 06:00:00,44.6468,38.6168,40.54055
1998-01-07 06:00:00,38.2568,35.4668,36.9743
1998-01-08 06:00:00,35.0168,33.0368,33.749302
1998-01-09 06:00:00,32.5868,22.5068,28.84805
1998-01-10 06:00:00,18.7268,4.9567986,10.836803
1998-01-11 06:00:00,20.8868,7.9268,14.046801
1998-01-12 06:00:00,30.5168,15.306799,25.27805
1998-01-13 06:00:00,13.146801,-1.6132011,5.6355476
1998-01-14 06:00:00,26.1068,8.736801,20.444302
1998-01-15 06:00:00,30.4268,18.186802,24.933048
1998-01-16 06:00:00,28.7168,25.5668,26.988049
1998-01-17 06:00:00,29.4368,23.226799,26.33555
1998-01-18 06:00:00,28.0868,8.9168,21.018051
1998-01-19 06:00:00,29.7968,19.896801,24.5168
1998-01-20 06:00:00,27.8168,20.6168,24.8918
1998-01-21 06:00:00,31.1468,27.0068,29.44805
1998-01-22 06:00:00,32.4068,29.8868,31.25555
1998-01-23 06:00:00,31.9568,25.476799,29.09555
1998-01-24 06:00:00,31.9568,22.4168,26.95805
1998-01-25 06:00:00,31.5968,21.8768,26.7368
1998-01-26 06:00:00,36.1868,23.4068,28.990551
1998-01-27 06:00:00,34.026802,24.7568,29.2118
1998-01-28 06:00:00,37.8068,29.0768,33.31055
1998-01-29 06:00:00,35.5568,26.916801,32.95805
1998-01-30 06:00:00,33.9368,26.1068,29.4068
1998-01-31 06:00:00,39.4268,24.0368,31.5443
1998-02-01 06:00:00,42.6668,30.2468,36.68555
1998-02-02 06:00:00,39.5168,26.4668,32.8118
1998-02-03 06:00:00,38.2568,25.476799,31.90055
1998-02-04 06:00:00,31.3268,29.7068,30.5543
1998-02-05 06:00:00,33.4868,29.6168,30.9968
1998-02-06 06:00:00,38.3468,29.1668,32.3168
1998-02-07 06:00:00,38.8868,26.3768,32.0018
1998-02-08 06:00:00,39.2468,24.486801,30.78305
1998-02-09 06:00:00,44.0168,26.3768,33.86555
1998-02-10 06:00:00,46.1768,29.6168,36.86555
1998-02-11 06:00:00,40.2368,33.8468,37.4918
1998-02-12 06:00:00,36.5468,29.1668,32.86805
1998-02-13 06:00:00,41.3168,28.1768,33.089302
1998-02-14 06:00:00,40.9568,28.4468,34.73555
1998-02-15 06:00:00,49.776802,32.0468,39.29555
1998-02-16 06:00:00,42.756798,35.8268,38.86055
1998-02-17 06:00:00,42.9368,38.5268,40.0793
1998-02-18 06:00:00,37.8068,35.1068,36.5318
1998-02-19 06:00:00,40.5968,34.6568,36.98555
1998-02-20 06:00:00,40.0568,32.9468,36.0218
1998-02-21 06:00:00,43.386803,28.2668,36.69305
1998-02-22 06:00:00,45.9968,31.6868,37.7993
1998-02-23 06:00:00,45.3668,32.7668,38.42555
1998-02-24 06:00:00,52.4768,35.4668,43.428047
1998-02-25 06:00:00,51.3068,30.0668,41.8718
1998-02-26 06:00:00,58.776802,44.1068,50.77805
1998-02-27 06:00:00,50.4968,35.6468,45.31055
1998-02-28 06:00:00,50.7668,34.7468,40.428047
1998-03-01 06:00:00,37.2668,28.6268,33.63305
1998-03-02 06:00:00,37.8068,27.8168,33.1418
1998-03-03 06:00:00,36.9968,30.7868,33.18305
1998-03-04 06:00:00,37.3568,30.2468,32.4218
1998-03-05 06:00:00,36.8168,30.5168,33.4268
1998-03-06 06:00:00,39.6968,31.7768,34.8968
1998-03-07 06:00:00,39.4268,27.9968,35.6093
1998-03-08 06:00:00,37.3568,34.6568,35.804302
1998-03-09 06:00:00,34.3868,14.9468,26.459301
1998-03-10 06:00:00,19.7168,10.626801,14.61305
1998-03-11 06:00:00,19.1768,10.5368,13.664303
1998-03-12 06:00:00,23.6768,4.9567986,13.675552
1998-03-13 06:00:00,36.6368,10.986801,25.7468
1998-03-14 06:00:00,28.8068,21.9668,25.72805
1998-03-15 06:00:00,29.5268,22.146801,25.9643
1998-03-16 06:00:00,33.3968,24.0368,29.69555
1998-03-17 06:00:00,40.776802,30.9668,35.3618
1998-03-18 06:00:00,52.4768,37.8968,43.9943
1998-03-19 06:00:00,37.5368,32.2268,34.5818
1998-03-20 06:00:00,34.2968,31.0568,32.74055
1998-03-21 06:00:00,39.2468,31.2368,34.10555
1998-03-22 06:00:00,42.576797,27.2768,34.34555
1998-03-23 06:00:00,40.776802,25.5668,32.9468
1998-03-24 06:00:00,47.526802,25.8368,38.2268
1998-03-25 06:00:00,56.886803,38.7068,48.07805
1998-03-26 06:00:00,71.6468,56.7068,64.4843
1998-03-27 06:00:00,72.5468,60.396797,65.7968
1998-03-28 06:00:00,63.1868,50.2268,57.60305
1998-03-29 06:00:00,75.066795,43.2968,60.4868
1998-03-30 06:00:00,74.6168,63.096798,67.72055
1998-03-31 06:00:00,68.136795,49.506798,58.69805
1998-04-01 06:00:00,48.9668,37.9868,44.12555
1998-04-02 06:00:00,50.4068,35.5568,42.38555
1998-04-03 06:00:00,44.2868,38.1668,40.45055
1998-04-04 06:00:00,45.5468,36.0068,40.8668
1998-04-05 06:00:00,49.1468,33.5768,40.45055
1998-04-06 06:00:00,56.256798,32.2268,44.49305
1998-04-07 06:00:00,59.136803,44.6468,50.2118
1998-04-08 06:00:00,52.026802,44.4668,48.3218
1998-04-09 06:00:00,44.0168,41.4968,42.6743
1998-04-10 06:00:00,52.026802,35.9168,43.6193
1998-04-11 06:00:00,63.276802,32.8568,49.9193
1998-04-12 06:00:00,67.8668,49.9568,58.7168
1998-04-13 06:00:00,63.9968,54.7268,58.20305
1998-04-14 06:00:00,64.4468,53.4668,57.54305
1998-04-15 06:00:00,59.136803,44.4668,52.176804
1998-04-16 06:00:00,52.9268,41.136803,44.7593
1998-04-17 06:00:00,54.636803,34.9268,45.381798
1998-04-18 06:00:00,58.3268,39.6968,49.5443
1998-04-19 06:00:00,58.596798,40.506798,50.871803
1998-04-20 06:00:00,62.1968,43.5668,51.69305
1998-04-21 06:00:00,54.9068,45.636803,48.75305
1998-04-22 06:00:00,59.2268,43.1168,50.6543
1998-04-23 06:00:00,68.496796,41.136803,54.9668
1998-04-24 06:00:00,68.4068,49.8668,56.939293
1998-04-25 06:00:00,65.9768,48.7868,56.1518
1998-04-26 06:00:00,56.436802,45.006798,50.114304
1998-04-27 06:00:00,50.0468,41.4968,44.8118
1998-04-28 06:00:00,53.1068,41.3168,47.905552
1998-04-29 06:00:00,59.9468,47.7068,51.9593
1998-04-30 06:00:00,59.136803,49.9568,54.12305
1998-05-01 06:00:00,61.2968,51.1268,55.73555
1998-05-02 06:00:00,62.1968,50.8568,55.7993
1998-05-03 06:00:00,56.886803,47.436802,52.405552
1998-05-04 06:00:00,67.1468,48.6068,57.745552
1998-05-05 06:00:00,71.2868,53.0168,62.594296
1998-05-06 06:00:00,71.916794,55.5368,62.9543
1998-05-07 06:00:00,59.9468,56.1668,58.533047
1998-05-08 06:00:00,65.886795,53.9168,58.364296
1998-05-09 06:00:00,63.4568,51.756798,56.8643
1998-05-10 06:00:00,63.006798,50.5868,55.833054
1998-05-11 06:00:00,66.5168,49.506798,58.1168
1998-05-12 06:00:00,75.9668,53.1968,65.1518
1998-05-13 06:00:00,73.6268,59.2268,65.08806
1998-05-14 06:00:00,79.386795,53.7368,68.99555
1998-05-15 06:00:00,82.4468,66.9668,75.20555
1998-05-16 06:00:00,78.7568,62.736797,70.8743
1998-05-17 06:00:00,81.4568,57.4268,71.324295
1998-05-18 06:00:00,84.6068,64.1768,74.65805
1998-05-19 06:00:00,85.8668,67.5068,75.880554
1998-05-20 06:00:00,74.3468,60.9368,68.7893
1998-05-21 06:00:00,72.7268,57.6968,62.995552
1998-05-22 06:00:00,65.7968,56.1668,60.1193
1998-05-23 06:00:00,65.166794,57.2468,61.4468
1998-05-24 06:00:00,65.0768,55.5368,60.235554
1998-05-25 06:00:00,66.5168,52.386803,59.7743
1998-05-26 06:00:00,74.2568,49.2368,63.9518
1998-05-27 06:00:00,77.316795,55.7168,68.808044
1998-05-28 06:00:00,85.596794,64.4468,74.436806
1998-05-29 06:00:00,80.7368,67.2368,72.66305
1998-05-30 06:00:00,85.1468,62.5568,75.14555
1998-05-31 06:00:00,77.496796,61.8368,73.7168
1998-06-01 06:00:00,72.1868,56.9768,64.5518
1998-06-02 06:00:00,76.5968,55.4468,65.043045
1998-06-03 06:00:00,60.2168,52.9268,56.7443
1998-06-04 06:00:00,64.7168,51.8468,58.7468
1998-06-05 06:00:00,58.0568,50.6768,54.711803
1998-06-06 06:00:00,61.2968,47.1668,55.34555
1998-06-07 06:00:00,66.066795,48.8768,58.2443
1998-06-08 06:00:00,67.1468,48.7868,59.028053
1998-06-09 06:00:00,63.816795,57.1568,60.9968
1998-06-10 06:00:00,74.3468,58.776802,66.3368
1998-06-11 06:00:00,72.816795,64.2668,68.474304
1998-06-12 06:00:00,81.1868,63.096798,71.7968
1998-06-13 06:00:00,74.6168,61.8368,67.990555
1998-06-14 06:00:00,72.636795,59.9468,67.2068
1998-06-15 06:00:00,73.7168,62.5568,68.84555
1998-06-16 06:00:00,75.066795,59.3168,67.9643
1998-06-17 06:00:00,81.996796,62.286797,72.6743
1998-06-18 06:00:00,84.69679,70.2068,76.46181
1998-06-19 06:00:00,79.1168,68.8568,73.71305
1998-06-20 06:00:00,87.1268,67.6868,77.5493
1998-06-21 06:00:00,81.1868,72.0968,76.21805
1998-06-22 06:00:00,82.3568,67.5068,74.24555
1998-06-23 06:00:00,83.2568,65.166794,75.42305
1998-06-24 06:00:00,90.366806,73.0868,82.0268
1998-06-25 06:00:00,89.0168,77.136795,83.5193
1998-06-26 06:00:00,86.2268,72.0068,78.80181
1998-06-27 06:00:00,90.9968,75.8768,83.44429
1998-06-28 06:00:00,85.3268,76.3268,80.09555
1998-06-29 06:00:00,84.9668,72.5468,78.58429
1998-06-30 06:00:00,78.2168,68.0468,73.21805
1998-07-01 06:00:00,77.8568,66.5168,72.1643
1998-07-02 06:00:00,82.1768,61.8368,73.63805
1998-07-03 06:00:00,84.8768,69.0368,75.81305
1998-07-04 06:00:00,74.2568,66.066795,70.8818
1998-07-05 06:00:00,76.1468,65.3468,70.72055
1998-07-06 06:00:00,83.166794,69.5768,76.12805
1998-07-07 06:00:00,78.3068,71.4668,75.006805
1998-07-08 06:00:00,79.386795,70.746796,74.871796
1998-07-09 06:00:00,80.1068,68.6768,74.74805
1998-07-10 06:00:00,77.496796,68.136795,73.083046
1998-07-11 06:00:00,77.8568,64.1768,71.84555
1998-07-12 06:00:00,79.8368,60.4868,72.3968
1998-07-13 06:00:00,83.0768,62.466797,74.0768
1998-07-14 06:00:00,87.2168,66.7868,78.1268
1998-07-15 06:00:00,85.2368,69.666794,77.7593
1998-07-16 06:00:00,83.6168,72.0968,77.6168
1998-07-17 06:00:00,81.0068,68.496796,74.9843
1998-07-18 06:00:00,84.5168,67.8668,76.8443
1998-07-19 06:00:00,89.8268,72.5468,78.91055
1998-07-20 06:00:00,89.3768,69.5768,81.21305
1998-07-21 06:00:00,92.9768,79.1168,85.521805
1998-07-22 06:00:00,82.6268,69.3968,75.4868
1998-07-23 06:00:00,78.3968,68.0468,73.28181
1998-07-24 06:00:00,76.3268,64.5368,70.57055
1998-07-25 06:00:00,76.9568,62.646797,70.53305
1998-07-26 06:00:00,79.1168,61.566795,72.1118
1998-07-27 06:00:00,82.8968,65.4368,74.5943
1998-07-28 06:00:00,86.6768,68.8568,78.2318
1998-07-29 06:00:00,81.9068,71.1968,76.33055
1998-07-30 06:00:00,76.9568,66.6068,71.75555
1998-07-31 06:00:00,74.7968,66.5168,70.8518
1998-08-01 06:00:00,80.7368,61.6568,73.083046
1998-08-02 06:00:00,81.0068,65.0768,74.39555
1998-08-03 06:00:00,81.0068,70.2068,74.75555
1998-08-04 06:00:00,77.4068,68.7668,73.18805
1998-08-05 06:00:00,80.3768,70.1168,73.65305
1998-08-06 06:00:00,80.8268,70.1168,74.21179
1998-08-07 06:00:00,78.7568,70.4768,73.206795
1998-08-08 06:00:00,81.1868,70.2068,75.269295
1998-08-09 06:00:00,83.166794,69.9368,76.64179
1998-08-10 06:00:00,82.6268,71.1068,75.9593
1998-08-11 06:00:00,75.4268,68.5868,72.22055
1998-08-12 06:00:00,76.1468,65.5268,70.72804
1998-08-13 06:00:00,77.6768,63.816795,71.44806
1998-08-14 06:00:00,81.0068,63.7268,73.161804
1998-08-15 06:00:00,77.7668,69.3968,73.0043
1998-08-16 06:00:00,82.3568,64.5368,74.3243
1998-08-17 06:00:00,85.7768,69.2168,76.10555
1998-08-18 06:00:00,74.9768,67.5068,71.7443
1998-08-19 06:00:00,75.6968,65.4368,70.12055
1998-08-20 06:00:00,85.5068,62.646797,74.440544
1998-08-21 06:00:00,85.7768,70.566795,76.7693
1998-08-22 06:00:00,83.6168,72.3668,77.1293
1998-08-23 06:00:00,88.746796,72.2768,80.23805
1998-08-24 06:00:00,88.2068,74.0768,80.0168
1998-08-25 06:00:00,82.0868,68.9468,75.70055
1998-08-26 06:00:00,81.7268,67.6868,74.8793
1998-08-27 06:00:00,81.3668,68.6768,74.35055
1998-08-28 06:00:00,75.246796,66.6068,70.90805
1998-08-29 06:00:00,84.066795,67.0568,74.94679
1998-08-30 06:00:00,78.1268,64.8968,71.7668
1998-08-31 06:00:00,77.7668,60.2168,69.77555
1998-09-01 06:00:00,77.7668,61.9268,70.7543
1998-09-02 06:00:00,73.7168,62.016796,67.8743
1998-09-03 06:00:00,78.2168,58.8668,68.8268
1998-09-04 06:00:00,76.3268,62.1068,70.00055
1998-09-05 06:00:00,84.69679,58.506798,72.760544
1998-09-06 06:00:00,90.006805,71.1968,80.3168
1998-09-07 06:00:00,75.4268,65.2568,71.223045
1998-09-08 06:00:00,65.5268,59.5868,62.83055
1998-09-09 06:00:00,70.4768,58.8668,63.850548
1998-09-10 06:00:00,76.0568,55.4468,65.85305
1998-09-11 06:00:00,81.0068,60.5768,70.450554
1998-09-12 06:00:00,85.7768,62.5568,73.5293
1998-09-13 06:00:00,87.4868,62.466797,75.81305
1998-09-14 06:00:00,75.066795,66.9668,70.7393
1998-09-15 06:00:00,73.8068,65.5268,69.40805
1998-09-16 06:00:00,72.9068,65.2568,69.16805
1998-09-17 06:00:00,75.9668,65.166794,70.02305
1998-09-18 06:00:00,78.2168,62.3768,70.34555
1998-09-19 06:00:00,81.4568,63.6368,72.404305
1998-09-20 06:00:00,84.1568,67.0568,72.9218
1998-09-21 06:00:00,67.9568,61.2068,64.146805
1998-09-22 06:00:00,64.2668,57.0668,60.83555
1998-09-23 06:00:00,65.166794,51.6668,58.9118
1998-09-24 06:00:00,67.2368,54.276802,60.524303
1998-09-25 06:00:00,78.8468,57.5168,69.246796
1998-09-26 06:00:00,86.136795,70.386795,77.95805
1998-09-27 06:00:00,77.496796,67.0568,74.6768
1998-09-28 06:00:00,71.8268,60.1268,65.88305
1998-09-29 06:00:00,74.7968,60.9368,67.51805
1998-09-30 06:00:00,75.6068,57.0668,66.08555
1998-10-01 06:00:00,59.8568,50.0468,54.5618
1998-10-02 06:00:00,57.2468,47.7968,52.2818
1998-10-03 06:00:00,56.1668,51.2168,53.8268
1998-10-04 06:00:00,60.846798,54.186802,57.145554
1998-10-05 06:00:00,72.3668,56.256798,63.925556
1998-10-06 06:00:00,68.8568,53.1968,62.898052
1998-10-07 06:00:00,62.016796,50.5868,55.58555
1998-10-08 06:00:00,57.9668,51.6668,54.56555
1998-10-09 06:00:00,58.9568,47.7968,53.9393
1998-10-10 06:00:00,62.736797,44.0168,53.6768
1998-10-11 06:00:00,65.4368,50.136803,57.6443
1998-10-12 06:00:00,64.9868,50.3168,57.153046
1998-10-13 06:00:00,52.9268,44.3768,48.9068
1998-10-14 06:00:00,54.9068,42.0368,48.7193
1998-10-15 06:00:00,63.3668,47.7968,55.72805
1998-10-16 06:00:00,74.6168,56.6168,65.448044
1998-10-17 06:00:00,69.666794,65.5268,67.80305
1998-10-18 06:00:00,68.136795,49.3268,56.418053
1998-10-19 06:00:00,62.916798,44.0168,52.6418
1998-10-20 06:00:00,55.7168,44.1968,49.45805
1998-10-21 06:00:00,50.9468,42.756798,46.660553
1998-10-22 06:00:00,52.6568,39.5168,45.543053
1998-10-23 06:00:00,60.4868,41.3168,49.6268
1998-10-24 06:00:00,62.8268,42.4868,51.83555
1998-10-25 06:00:00,64.8068,45.9968,55.11305
1998-10-26 06:00:00,69.9368,52.5668,59.7068
1998-10-27 06:00:00,68.316795,56.0768,61.25555
1998-10-28 06:00:00,60.9368,50.6768,57.160553
1998-10-29 06:00:00,61.2968,49.2368,55.81805
1998-10-30 06:00:00,62.1068,52.7468,57.651802
1998-10-31 06:00:00,58.686802,54.0968,55.660553
1998-11-01 06:00:00,57.6068,52.4768,54.3293
1998-11-02 06:00:00,52.2068,44.9168,48.8168
1998-11-03 06:00:00,43.9268,40.8668,42.3293
1998-11-04 06:00:00,42.1268,38.7068,40.0568
1998-11-05 06:00:00,42.3968,37.8968,39.50555
1998-11-06 06:00:00,41.7668,32.8568,37.7393
1998-11-07 06:00:00,40.8668,33.3068,37.1393
1998-11-08 06:00:00,39.9668,34.5668,37.5293
1998-11-09 06:00:00,45.9068,37.0868,42.22055
1998-11-10 06:00:00,61.026802,40.326797,49.3193
1998-11-11 06:00:00,44.0168,36.1868,39.44555
1998-11-12 06:00:00,47.3468,37.0868,41.26805
1998-11-13 06:00:00,50.6768,36.9968,42.79055
1998-11-14 06:00:00,56.526802,42.4868,48.10055
1998-11-15 06:00:00,45.4568,38.5268,41.444298
1998-11-16 06:00:00,54.9968,39.0668,45.23555
1998-11-17 06:00:00,46.8968,38.8868,41.96555
1998-11-18 06:00:00,54.9968,38.5268,47.144302
1998-11-19 06:00:00,55.2668,35.1968,41.560547
1998-11-20 06:00:00,36.0968,29.2568,32.3843
1998-11-21 06:00:00,40.4168,27.3668,34.18805
1998-11-22 06:00:00,54.8168,38.1668,47.339302
1998-11-23 06:00:00,57.2468,43.6568,51.00305
1998-11-24 06:00:00,52.9268,36.9968,44.56055
1998-11-25 06:00:00,50.9468,44.8268,47.2718
1998-11-26 06:00:00,55.8968,40.8668,47.19305
1998-11-27 06:00:00,60.2168,34.2068,47.264305
1998-11-28 06:00:00,62.466797,45.636803,53.84555
1998-11-29 06:00:00,65.0768,55.4468,60.764305
1998-11-30 06:00:00,63.816795,43.2968,56.7743
1998-12-01 06:00:00,55.0868,38.1668,46.60805
1998-12-02 06:00:00,59.8568,49.0568,53.800552
1998-12-03 06:00:00,65.166794,56.1668,60.52805
1998-12-04 06:00:00,63.9968,58.146797,60.550552
1998-12-05 06:00:00,60.9368,57.8768,59.316803
1998-12-06 06:00:00,60.4868,37.1768,51.2918
1998-12-07 06:00:00,43.4768,37.1768,39.81305
1998-12-08 06:00:00,43.2068,33.1268,37.69805
1998-12-09 06:00:00,46.5368,30.8768,37.39055
1998-12-10 06:00:00,40.0568,30.7868,34.97555
1998-12-11 06:00:00,45.3668,29.6168,35.706802
1998-12-12 06:00:00,45.7268,30.8768,36.45305
1998-12-13 06:00:00,45.7268,30.6068,37.52555
1998-12-14 06:00:00,46.1768,28.5368,37.69805
1998-12-15 06:00:00,49.1468,36.9968,40.9118
1998-12-16 06:00:00,41.2268,33.0368,37.225548
1998-12-17 06:00:00,36.4568,29.3468,32.2268
1998-12-18 06:00:00,48.2468,30.5168,40.09055
1998-12-19 06:00:00,40.8668,33.2168,35.6918
1998-12-20 06:00:00,35.1068,32.1368,33.4118
1998-12-21 06:00:00,32.9468,14.406799,25.0793
1998-12-22 06:00:00,13.7768,5.7668,10.191803
1998-12-23 06:00:00,22.956799,10.1768,16.0193
1998-12-24 06:00:00,25.7468,13.236801,19.008049
1998-12-25 06:00:00,31.1468,18.0068,24.25055
1998-12-26 06:00:00,27.726799,21.6068,25.27055
1998-12-27 06:00:00,40.6868,28.5368,32.4518
1998-12-28 06:00:00,38.4368,23.4968,31.053051
1998-12-29 06:00:00,35.1068,10.3568,27.3443
1998-12-30 06:00:00,14.6768,2.976801,9.591803
1998-12-31 06:00:00,17.646801,8.736801,12.70055
1999-01-01 06:00:00,22.5068,7.2968006,15.2017975
1999-01-02 06:00:00,27.9068,17.1968,21.8768
1999-01-03 06:00:00,27.4568,7.7467995,15.089298
1999-01-04 06:00:00,7.2067986,-8.363201,1.1018009
1999-01-05 06:00:00,12.4268,-18.4432,-7.223198
1999-01-06 06:00:00,17.646801,4.4167995,14.050549
1999-01-07 06:00:00,4.3268013,-6.2932014,-0.30070114
1999-01-08 06:00:00,22.056799,2.5268002,14.57555
1999-01-09 06:00:00,13.5968,-6.9231987,4.311804
1999-01-10 06:00:00,10.716801,-6.473198,4.638052
1999-01-11 06:00:00,12.5168,-6.113201,2.553049
1999-01-12 06:00:00,25.7468,10.626801,18.475552
1999-01-13 06:00:00,22.7768,14.226801,18.2468
1999-01-14 06:00:00,17.0168,12.066799,14.219299
1999-01-15 06:00:00,27.0968,12.066799,17.74805
1999-01-16 06:00:00,38.2568,27.0068,32.5268
1999-01-17 06:00:00,40.4168,18.2768,30.918049
1999-01-18 06:00:00,34.4768,22.956799,30.9668
1999-01-19 06:00:00,30.6968,13.5968,20.609299
1999-01-20 06:00:00,34.1168,8.736801,21.6893
1999-01-21 06:00:00,36.7268,25.386799,32.20055
1999-01-22 06:00:00,45.006798,34.8368,38.34305
1999-01-23 06:00:00,40.5968,28.896801,34.694298
1999-01-24 06:00:00,34.2968,26.2868,30.6218
1999-01-25 06:00:00,31.6868,21.3368,27.57305
1999-01-26 06:00:00,36.1868,13.326801,26.133049
1999-01-27 06:00:00,49.4168,33.0368,39.655552
1999-01-28 06:00:00,35.3768,30.5168,32.50055
1999-01-29 06:00:00,38.6168,29.2568,32.4893
1999-01-30 06:00:00,39.7868,24.486801,32.38055
1999-01-31 06:00:00,38.4368,29.3468,34.12055
1999-02-01 06:00:00,42.4868,34.7468,39.00305
1999-02-02 06:00:00,41.3168,34.026802,38.3168
1999-02-03 06:00:00,46.3568,33.3968,40.214302
1999-02-04 06:00:00,40.506798,25.8368,31.896801
1999-02-05 06:00:00,42.4868,22.5968,33.2468
1999-02-06 06:00:00,45.8168,31.1468,37.319298
1999-02-07 06:00:00,36.0968,28.8068,32.14805
1999-02-08 06:00:00,45.0968,28.6268,36.83555
1999-02-09 06:00:00,52.026802,31.1468,41.50805
1999-02-10 06:00:00,52.8368,29.8868,42.82055
1999-02-11 06:00:00,66.5168,28.7168,53.886795
1999-02-12 06:00:00,30.5168,17.736801,24.9143
1999-02-13 06:00:00,32.4068,16.6568,23.16305
1999-02-14 06:00:00,45.3668,23.3168,33.2543
1999-02-15 06:00:00,52.6568,33.3068,41.4368
1999-02-16 06:00:00,42.3968,33.4868,37.27055
1999-02-17 06:00:00,33.1268,26.3768,30.26555
1999-02-18 06:00:00,34.5668,22.6868,28.32305
1999-02-19 06:00:00,31.5068,22.3268,25.78055
1999-02-20 06:00:00,28.0868,21.4268,23.7368
1999-02-21 06:00:00,30.2468,19.1768,23.4968
1999-02-22 06:00:00,31.5068,20.706799,25.574299
1999-02-23 06:00:00,32.7668,24.396801,27.633049
1999-02-24 06:00:00,36.5468,22.146801,28.8818
1999-02-25 06:00:00,37.2668,22.8668,29.680552
1999-02-26 06:00:00,42.2168,23.6768,33.67805
1999-02-27 06:00:00,47.526802,37.2668,40.92305
1999-02-28 06:00:00,41.2268,33.9368,37.3493
1999-03-01 06:00:00,41.7668,28.6268,34.96805
1999-03-02 06:00:00,41.5868,28.0868,35.433052
1999-03-03 06:00:00,33.8468,26.1968,30.0968
1999-03-04 06:00:00,36.3668,24.6668,29.32805
1999-03-05 06:00:00,38.2568,29.4368,32.9168
1999-03-06 06:00:00,28.5368,15.396801,21.2243
1999-03-07 06:00:00,24.6668,12.966801,18.17555
1999-03-08 06:00:00,29.3468,15.216801,22.705551
1999-03-09 06:00:00,31.0568,26.5568,28.709301
1999-03-10 06:00:00,29.8868,19.986801,25.35305
1999-03-11 06:00:00,31.0568,19.6268,24.6593
1999-03-12 06:00:00,31.3268,18.186802,24.2318
1999-03-13 06:00:00,31.8668,20.6168,25.776802
1999-03-14 06:00:00,33.5768,22.4168,27.633049
1999-03-15 06:00:00,38.5268,12.7868,28.143051
1999-03-16 06:00:00,49.0568,29.0768,38.905552
1999-03-17 06:00:00,60.0368,39.8768,49.73555
1999-03-18 06:00:00,44.1068,32.3168,37.409298
1999-03-19 06:00:00,41.4968,27.4568,33.85055
1999-03-20 06:00:00,50.8568,26.916801,40.026802
1999-03-21 06:00:00,42.756798,31.8668,37.51805
1999-03-22 06:00:00,40.8668,27.726799,33.14555
1999-03-23 06:00:00,50.7668,28.4468,39.60305
1999-03-24 06:00:00,39.2468,30.0668,34.17305
1999-03-25 06:00:00,34.8368,25.2968,30.258049
1999-03-26 06:00:00,41.6768,24.6668,32.99555
1999-03-27 06:00:00,51.0368,27.3668,39.04055
1999-03-28 06:00:00,52.9268,35.4668,43.968052
1999-03-29 06:00:00,58.686802,37.3568,47.47805
1999-03-30 06:00:00,67.2368,39.4268,53.2943
1999-03-31 06:00:00,66.8768,46.6268,55.95305
1999-04-01 06:00:00,59.3168,52.2968,55.63055
1999-04-02 06:00:00,70.0268,51.0368,60.44555
1999-04-03 06:00:00,73.3568,57.7868,63.419304
1999-04-04 06:00:00,65.166794,41.6768,57.749302
1999-04-05 06:00:00,56.0768,38.0768,46.51805
1999-04-06 06:00:00,58.506798,47.3468,53.08805
1999-04-07 06:00:00,70.6568,40.506798,57.1043
1999-04-08 06:00:00,57.1568,48.6968,52.5968
1999-04-09 06:00:00,52.7468,40.9568,44.433052
1999-04-10 06:00:00,54.636803,37.8968,45.37805
1999-04-11 06:00:00,48.6068,39.4268,44.3018
1999-04-12 06:00:00,53.9168,35.3768,44.9843
1999-04-13 06:00:00,57.1568,36.3668,47.14055
1999-04-14 06:00:00,57.3368,36.9068,48.3068
1999-04-15 06:00:00,46.9868,42.3968,45.1568
1999-04-16 06:00:00,44.1968,38.7068,41.778053
1999-04-17 06:00:00,45.8168,36.4568,41.6018
1999-04-18 06:00:00,47.6168,33.1268,41.6093
1999-04-19 06:00:00,52.386803,33.5768,42.8468
1999-04-20 06:00:00,56.526802,34.2968,46.06055
1999-04-21 06:00:00,58.3268,46.1768,50.01305
1999-04-22 06:00:00,56.436802,45.006798,48.843052
1999-04-23 06:00:00,45.636803,39.4268,42.903053
1999-04-24 06:00:00,50.136803,36.6368,43.2593
1999-04-25 06:00:00,57.8768,34.3868,46.9343
1999-04-26 06:00:00,60.2168,39.9668,50.09555
1999-04-27 06:00:00,53.4668,45.636803,49.12055
1999-04-28 06:00:00,55.5368,44.8268,48.925552
1999-04-29 06:00:00,57.5168,43.9268,49.9193
1999-04-30 06:00:00,58.506798,40.2368,49.656803
1999-05-01 06:00:00,65.4368,40.776802,53.0618
1999-05-02 06:00:00,67.8668,42.756798,56.2943
1999-05-03 06:00:00,72.816795,53.1068,63.213047
1999-05-04 06:00:00,74.5268,55.8068,66.115555
1999-05-05 06:00:00,74.886795,59.7668,65.7443
1999-05-06 06:00:00,63.6368,55.5368,58.8743
1999-05-07 06:00:00,57.4268,53.2868,55.33805
1999-05-08 06:00:00,58.686802,52.1168,54.6968
1999-05-09 06:00:00,60.396797,49.506798,54.78305
1999-05-10 06:00:00,70.1168,48.0668,60.055553
1999-05-11 06:00:00,73.8068,57.3368,65.56805
1999-05-12 06:00:00,72.2768,58.4168,63.9668
1999-05-13 06:00:00,56.886803,49.5968,53.2643
1999-05-14 06:00:00,60.1268,46.9868,54.3218
1999-05-15 06:00:00,69.2168,55.9868,63.280556
1999-05-16 06:00:00,78.1268,61.1168,70.4843
1999-05-17 06:00:00,76.1468,64.0868,70.52555
1999-05-18 06:00:00,66.3368,56.0768,61.311802
1999-05-19 06:00:00,70.1168,50.9468,61.236797
1999-05-20 06:00:00,75.5168,55.5368,66.53181
1999-05-21 06:00:00,76.3268,60.396797,66.9668
1999-05-22 06:00:00,65.3468,52.1168,59.63555
1999-05-23 06:00:00,68.9468,50.0468,59.2193
1999-05-24 06:00:00,54.8168,48.6068,51.9818
1999-05-25 06:00:00,64.6268,46.9868,56.425552
1999-05-26 06:00:00,67.416794,49.9568,58.48805
1999-05-27 06:00:00,76.8668,50.5868,64.8143
1999-05-28 06:00:00,80.4668,61.3868,70.9418
1999-05-29 06:00:00,81.7268,62.286797,72.63304
1999-05-30 06:00:00,81.4568,60.6668,71.93179
1999-05-31 06:00:00,79.4768,65.4368,70.3643
1999-06-01 06:00:00,78.8468,61.7468,70.40555
1999-06-02 06:00:00,70.9268,61.3868,66.33305
1999-06-03 06:00:00,64.1768,56.3468,61.195553
1999-06-04 06:00:00,77.2268,54.276802,67.679306
1999-06-05 06:00:00,86.94679,65.9768,77.7518
1999-06-06 06:00:00,88.1168,73.8968,81.24306
1999-06-07 06:00:00,85.5068,73.4468,79.5593
1999-06-08 06:00:00,88.0268,69.3068,79.25929
1999-06-09 06:00:00,85.416794,70.1168,77.6018
1999-06-10 06:00:00,88.0268,71.8268,79.19555
1999-06-11 06:00:00,88.386795,72.7268,78.62555
1999-06-12 06:00:00,82.0868,70.4768,75.614296
1999-06-13 06:00:00,70.6568,64.4468,68.755554
1999-06-14 06:00:00,71.916794,57.1568,65.444305
1999-06-15 06:00:00,60.5768,54.006798,57.539303
1999-06-16 06:00:00,64.1768,54.5468,59.856804
1999-06-17 06:00:00,62.1968,52.9268,58.169304
1999-06-18 06:00:00,70.0268,54.7268,63.220554
1999-06-19 06:00:00,74.2568,60.846798,67.5668
1999-06-20 06:00:00,75.6968,58.2368,68.83055
1999-06-21 06:00:00,79.386795,66.8768,73.00805
1999-06-22 06:00:00,82.5368,66.4268,74.583046
1999-06-23 06:00:00,83.0768,70.2068,75.850555
1999-06-24 06:00:00,81.2768,69.1268,74.916794
1999-06-25 06:00:00,83.4368,65.2568,75.88805
1999-06-26 06:00:00,84.69679,69.1268,77.3093
1999-06-27 06:00:00,82.0868,70.386795,76.199295
1999-06-28 06:00:00,84.3368,69.1268,77.36555
1999-06-29 06:00:00,71.1968,60.2168,66.0443
1999-06-30 06:00:00,76.2368,61.1168,69.5243
1999-07-01 06:00:00,78.0368,65.2568,71.20805
1999-07-02 06:00:00,85.2368,66.3368,76.38304
1999-07-03 06:00:00,89.3768,76.9568,82.878044
1999-07-04 06:00:00,91.9868,77.9468,84.715546
1999-07-05 06:00:00,91.1768,77.496796,84.48305
1999-07-06 06:00:00,84.9668,73.1768,80.26805
1999-07-07 06:00:00,84.246796,67.5968,76.20305
1999-07-08 06:00:00,84.8768,66.066795,77.12554
1999-07-09 06:00:00,85.0568,74.4368,79.6343
1999-07-10 06:00:00,72.3668,63.1868,67.38304
1999-07-11 06:00:00,76.416794,59.136803,69.1793
1999-07-12 06:00:00,78.666794,61.1168,70.9568
1999-07-13 06:00:00,82.7168,61.6568,73.76555
1999-07-14 06:00:00,85.1468,65.9768,76.16554
1999-07-15 06:00:00,88.1168,68.4068,78.78305
1999-07-16 06:00:00,90.366806,71.1968,81.18305
1999-07-17 06:00:00,78.5768,72.816795,75.809296
1999-07-18 06:00:00,83.2568,70.0268,77.19679
1999-07-19 06:00:00,86.8568,74.7968,79.596794
1999-07-20 06:00:00,82.0868,71.916794,77.1443
1999-07-21 06:00:00,91.2668,74.2568,81.97056
1999-07-22 06:00:00,88.6568,75.246796,81.53931
1999-07-23 06:00:00,91.9868,76.5968,84.60305
1999-07-24 06:00:00,93.966805,73.7168,82.975555
1999-07-25 06:00:00,92.3468,75.9668,83.849304
1999-07-26 06:00:00,87.4868,76.3268,82.16555
1999-07-27 06:00:00,85.0568,72.9068,79.96055
1999-07-28 06:00:00,91.2668,72.5468,80.08055
1999-07-29 06:00:00,95.6768,71.4668,84.06306
1999-07-30 06:00:00,98.466805,75.8768,86.886795
1999-07-31 06:00:00,84.246796,77.0468,82.18055
1999-08-01 06:00:00,79.386795,70.1168,75.63305
1999-08-02 06:00:00,77.0468,66.7868,72.3443
1999-08-03 06:00:00,82.3568,62.5568,73.2143
1999-08-04 06:00:00,79.566795,68.316795,73.870544
1999-08-05 06:00:00,78.3068,65.9768,71.96556
1999-08-06 06:00:00,84.3368,65.2568,75.42305
1999-08-07 06:00:00,74.6168,68.496796,72.30681
1999-08-08 06:00:00,71.3768,64.0868,68.6168
1999-08-09 06:00:00,74.6168,62.1968,68.5193
1999-08-10 06:00:00,83.2568,66.8768,75.78305
1999-08-11 06:00:00,81.636795,68.496796,75.08555
1999-08-12 06:00:00,77.4068,68.7668,72.490555
1999-08-13 06:00:00,81.5468,66.6968,73.95305
1999-08-14 06:00:00,69.9368,60.756798,65.9393
1999-08-15 06:00:00,76.8668,57.6068,68.47055
1999-08-16 06:00:00,82.6268,63.9968,73.701805
1999-08-17 06:00:00,83.9768,69.3068,76.480545
1999-08-18 06:00:00,74.7068,66.4268,69.82805
1999-08-19 06:00:00,71.7368,65.5268,68.4218
1999-08-20 06:00:00,74.3468,62.916798,68.80805
1999-08-21 06:00:00,76.2368,58.776802,68.44055
1999-08-22 06:00:00,76.6868,58.4168,69.42305
1999-08-23 06:00:00,80.1968,68.2268,72.85805
1999-08-24 06:00:00,73.2668,66.7868,69.22805
1999-08-25 06:00:00,71.916794,67.0568,69.3068
1999-08-26 06:00:00,76.8668,66.3368,71.6318
1999-08-27 06:00:00,84.6068,64.6268,75.074295
1999-08-28 06:00:00,86.94679,71.5568,78.663055
1999-08-29 06:00:00,73.7168,65.7968,70.6343
1999-08-30 06:00:00,67.8668,60.9368,64.8968
1999-08-31 06:00:00,74.7968,58.0568,67.0418
1999-09-01 06:00:00,82.5368,61.7468,72.12305
1999-09-02 06:00:00,87.3968,61.4768,75.6893
1999-09-03 06:00:00,87.2168,69.2168,77.7968
1999-09-04 06:00:00,87.7568,69.4868,78.52055
1999-09-05 06:00:00,89.7368,69.4868,79.19556
1999-09-06 06:00:00,73.5368,62.646797,69.1718
1999-09-07 06:00:00,77.0468,56.436802,67.889305
1999-09-08 06:00:00,81.7268,65.5268,72.04805
1999-09-09 06:00:00,69.2168,57.5168,63.1643
1999-09-10 06:00:00,72.816795,53.6468,63.276802
1999-09-11 06:00:00,77.7668,53.2868,66.95555
1999-09-12 06:00:00,78.0368,62.016796,67.85179
1999-09-13 06:00:00,66.4268,55.2668,60.3068
1999-09-14 06:00:00,68.8568,52.9268,60.366802
1999-09-15 06:00:00,65.4368,50.7668,58.75055
1999-09-16 06:00:00,65.2568,55.3568,59.74805
1999-09-17 06:00:00,68.7668,52.7468,60.82055
1999-09-18 06:00:00,73.8968,52.6568,63.67055
1999-09-19 06:00:00,78.0368,57.2468,67.11305
1999-09-20 06:00:00,62.8268,52.386803,57.95555
1999-09-21 06:00:00,59.6768,47.9768,54.738056
1999-09-22 06:00:00,70.9268,45.276802,57.9893
1999-09-23 06:00:00,77.136795,53.8268,65.0918
1999-09-24 06:00:00,64.0868,53.7368,59.361794
1999-09-25 06:00:00,76.9568,50.4968,64.13555
1999-09-26 06:00:00,83.346794,63.816795,73.5743
1999-09-27 06:00:00,72.9068,57.8768,65.03555
1999-09-28 06:00:00,63.7268,56.1668,59.17055
1999-09-29 06:00:00,61.026802,51.2168,56.253048
1999-09-30 06:00:00,66.6068,46.0868,56.46305
1999-10-01 06:00:00,59.5868,46.0868,53.391804
1999-10-02 06:00:00,54.006798,46.0868,51.3593
1999-10-03 06:00:00,49.776802,44.5568,46.39055
1999-10-04 06:00:00,52.386803,42.2168,47.46305
1999-10-05 06:00:00,61.566795,41.2268,50.57555
1999-10-06 06:00:00,56.436802,48.6968,51.70805
1999-10-07 06:00:00,68.316795,46.1768,56.50055
1999-10-08 06:00:00,68.2268,56.7068,61.360546
1999-10-09 06:00:00,69.4868,54.006798,61.334297
1999-10-10 06:00:00,74.7068,57.8768,64.8143
1999-10-11 06:00:00,65.4368,52.1168,58.45805
1999-10-12 06:00:00,70.746796,52.1168,61.6043
1999-10-13 06:00:00,66.246796,48.3368,56.20055
1999-10-14 06:00:00,57.5168,44.2868,51.01805
1999-10-15 06:00:00,72.996796,49.0568,60.546806
1999-10-16 06:00:00,67.1468,54.186802,62.260548
1999-10-17 06:00:00,53.0168,43.4768,48.1343
1999-10-18 06:00:00,52.1168,41.136803,45.895554
1999-10-19 06:00:00,56.7068,42.6668,48.3593
1999-10-20 06:00:00,50.8568,38.7068,44.519302
1999-10-21 06:00:00,63.9968,40.6868,52.3643
1999-10-22 06:00:00,57.3368,40.8668,48.2543
1999-10-23 06:00:00,46.8968,39.5168,42.918053
1999-10-24 06:00:00,49.1468,34.9268,41.53805
1999-10-25 06:00:00,61.566795,38.9768,49.593052
1999-10-26 06:00:00,59.5868,45.4568,51.066803
1999-10-27 06:00:00,57.8768,42.8468,50.035553
1999-10-28 06:00:00,73.2668,50.3168,57.891804
1999-10-29 06:00:00,72.996796,51.3068,62.178047
1999-10-30 06:00:00,71.6468,58.3268,64.7018
1999-10-31 06:00:00,65.2568,52.4768,58.21055
1999-11-01 06:00:00,72.636795,49.3268,59.793053
1999-11-02 06:00:00,47.9768,37.3568,42.1343
1999-11-03 06:00:00,45.0968,33.0368,38.32055
1999-11-04 06:00:00,59.8568,34.7468,47.0168
1999-11-05 06:00:00,62.8268,47.1668,53.804302
1999-11-06 06:00:00,53.7368,40.776802,46.4468
1999-11-07 06:00:00,54.0968,37.1768,45.7418
1999-11-08 06:00:00,69.7568,43.2968,55.671803
1999-11-09 06:00:00,72.0968,57.7868,63.6968
1999-11-10 06:00:00,67.9568,48.8768,59.204304
1999-11-11 06:00:00,50.0468,39.7868,45.99305
1999-11-12 06:00:00,60.0368,39.6968,48.7118
1999-11-13 06:00:00,68.5868,40.776802,55.1468
1999-11-14 06:00:00,58.596798,42.6668,49.5968
1999-11-15 06:00:00,49.0568,36.8168,43.120552
1999-11-16 06:00:00,44.5568,37.7168,40.6268
1999-11-17 06:00:00,47.7068,36.4568,41.733047
1999-11-18 06:00:00,65.886795,43.7468,54.243053
1999-11-19 06:00:00,57.3368,45.186802,52.300552
1999-11-20 06:00:00,46.8068,40.5968,43.7918
1999-11-21 06:00:00,53.3768,37.6268,46.18805
1999-11-22 06:00:00,60.1268,46.6268,51.9593
1999-11-23 06:00:00,62.1968,43.6568,54.276802
1999-11-24 06:00:00,45.636803,36.2768,40.6268
1999-11-25 06:00:00,46.4468,30.1568,38.56055
1999-11-26 06:00:00,47.886803,30.2468,40.6193
1999-11-27 06:00:00,47.1668,35.1968,40.15805
1999-11-28 06:00:00,44.7368,31.7768,37.0643
1999-11-29 06:00:00,36.4568,30.1568,32.6918
1999-11-30 06:00:00,38.2568,28.6268,32.51555
1999-12-01 06:00:00,43.4768,30.0668,36.3443
1999-12-02 06:00:00,53.8268,37.4468,46.113052
1999-12-03 06:00:00,54.3668,50.7668,52.60055
1999-12-04 06:00:00,50.9468,42.576797,46.6418
1999-12-05 06:00:00,46.6268,33.4868,38.65805
1999-12-06 06:00:00,34.7468,27.0068,30.68555
1999-12-07 06:00:00,41.2268,28.4468,34.0943
1999-12-08 06:00:00,47.7068,32.3168,38.98805
1999-12-09 06:00:00,50.5868,38.6168,43.664303
1999-12-10 06:00:00,38.8868,28.4468,32.92055
1999-12-11 06:00:00,38.9768,25.476799,32.9243
1999-12-12 06:00:00,41.4068,30.9668,34.9418
1999-12-13 06:00:00,42.2168,28.4468,34.9118
1999-12-14 06:00:00,36.8168,31.9568,35.1593
1999-12-15 06:00:00,36.9968,31.6868,34.51055
1999-12-16 06:00:00,32.2268,22.8668,27.37805
1999-12-17 06:00:00,31.6868,22.956799,27.31805
1999-12-18 06:00:00,30.7868,22.4168,26.260551
1999-12-19 06:00:00,37.6268,24.6668,30.7868
1999-12-20 06:00:00,33.8468,8.376801,20.50055
1999-12-21 06:00:00,15.396801,4.5067997,9.726799
1999-12-22 06:00:00,18.9068,9.546801,14.335552
1999-12-23 06:00:00,17.3768,6.5768013,13.06805
1999-12-24 06:00:00,20.6168,12.336802,16.653051
1999-12-25 06:00:00,31.3268,9.456799,20.766802
1999-12-26 06:00:00,35.5568,23.9468,28.5293
1999-12-27 06:00:00,24.396801,14.406799,21.10055
1999-12-28 06:00:00,32.4068,13.056799,23.515549
1999-12-29 06:00:00,44.5568,27.636799,36.07055
1999-12-30 06:00:00,38.1668,27.636799,33.8918
1999-12-31 06:00:00,40.4168,28.8068,33.2318
2000-01-01 06:00:00,45.9968,33.3968,38.44805
2000-01-02 06:00:00,59.0468,36.0068,47.541798
2000-01-03 06:00:00,38.0768,33.7568,36.0293
2000-01-04 06:00:00,33.3068,22.6868,27.15305
2000-01-05 06:00:00,27.636799,17.1968,23.2643
2000-01-06 06:00:00,37.9868,24.6668,29.64305
2000-01-07 06:00:00,28.3568,21.8768,25.57055
2000-01-08 06:00:00,46.2668,28.0868,37.09805
2000-01-09 06:00:00,40.6868,37.1768,38.74805
2000-01-10 06:00:00,44.6468,38.7968,40.8068
2000-01-11 06:00:00,37.9868,28.5368,33.00305
2000-01-12 06:00:00,34.6568,26.8268,31.03055
2000-01-13 06:00:00,31.5968,21.5168,27.3443
2000-01-14 06:00:00,27.9968,17.556799,23.609299
2000-01-15 06:00:00,43.386803,26.5568,34.08305
2000-01-16 06:00:00,34.9268,24.7568,29.084301
2000-01-17 06:00:00,24.8468,21.3368,23.718052
2000-01-18 06:00:00,36.0968,20.0768,26.95055
2000-01-19 06:00:00,28.896801,20.5268,24.783049
2000-01-20 06:00:00,23.226799,4.056799,10.649303
2000-01-21 06:00:00,10.626801,-2.4231987,2.9880486
2000-01-22 06:00:00,25.6568,-2.9632034,15.213051
2000-01-23 06:00:00,25.6568,3.9668007,13.7918
2000-01-24 06:00:00,11.976801,-6.653202,3.471796
2000-01-25 06:00:00,19.986801,11.2568,15.528049
2000-01-26 06:00:00,18.0968,1.8067989,9.8843
2000-01-27 06:00:00,24.486801,8.1968,17.32055
2000-01-28 06:00:00,26.3768,4.9567986,14.991802
2000-01-29 06:00:00,25.7468,14.6768,22.9193
2000-01-30 06:00:00,28.5368,20.8868,25.334301
2000-01-31 06:00:00,21.2468,12.066799,17.6768
2000-02-01 06:00:00,27.4568,14.8568,21.7868
2000-02-02 06:00:00,29.1668,4.9567986,16.986801
2000-02-03 06:00:00,36.5468,26.736801,31.42055
2000-02-04 06:00:00,27.9968,15.576801,23.70305
2000-02-05 06:00:00,28.0868,14.316799,20.744299
2000-02-06 06:00:00,31.3268,14.046801,24.16055
2000-02-07 06:00:00,32.4968,20.2568,25.63805
2000-02-08 06:00:00,32.8568,3.3368015,22.446798
2000-02-09 06:00:00,42.1268,30.5168,35.4743
2000-02-10 06:00:00,36.9968,25.2068,32.18555
2000-02-11 06:00:00,25.1168,12.336802,20.7068
2000-02-12 06:00:00,33.5768,13.146801,24.46055
2000-02-13 06:00:00,31.2368,27.4568,29.1068
2000-02-14 06:00:00,29.8868,20.5268,26.4968
2000-02-15 06:00:00,41.2268,18.2768,32.3693
2000-02-16 06:00:00,38.3468,22.6868,29.07305
2000-02-17 06:00:00,34.5668,19.806799,27.49805
2000-02-18 06:00:00,29.5268,26.4668,28.2893
2000-02-19 06:00:00,30.5168,17.2868,24.3143
2000-02-20 06:00:00,31.0568,18.9968,24.28805
2000-02-21 06:00:00,42.0368,18.6368,32.09555
2000-02-22 06:00:00,58.3268,38.5268,46.37555
2000-02-23 06:00:00,62.1968,48.3368,53.785545
2000-02-24 06:00:00,57.5168,47.256798,52.293053
2000-02-25 06:00:00,69.4868,36.5468,53.23805
2000-02-26 06:00:00,64.6268,51.0368,57.76055
2000-02-27 06:00:00,50.9468,39.4268,44.83055
2000-02-28 06:00:00,51.3968,29.9768,41.504303
2000-02-29 06:00:00,60.6668,43.1168,51.378048
2000-03-01 06:00:00,51.936802,38.6168,45.190548
2000-03-02 06:00:00,37.9868,29.1668,33.8243
2000-03-03 06:00:00,43.4768,26.0168,33.7943
2000-03-04 06:00:00,58.4168,27.5468,43.0793
2000-03-05 06:00:00,63.9968,41.2268,50.91305
2000-03-06 06:00:00,64.7168,37.7168,52.105553
2000-03-07 06:00:00,73.3568,52.2068,61.776802
2000-03-08 06:00:00,72.9068,54.3668,62.361797
2000-03-09 06:00:00,62.1068,26.2868,43.120552
2000-03-10 06:00:00,33.6668,25.8368,28.8968
2000-03-11 06:00:00,33.3068,27.1868,29.6768
2000-03-12 06:00:00,44.8268,24.0368,34.3493
2000-03-13 06:00:00,45.4568,33.7568,39.6368
2000-03-14 06:00:00,54.5468,32.0468,43.4768
2000-03-15 06:00:00,62.466797,33.4868,48.17555
2000-03-16 06:00:00,35.1068,28.896801,31.2668
2000-03-17 06:00:00,33.0368,27.636799,29.48555
2000-03-18 06:00:00,40.326797,26.5568,33.76805
2000-03-19 06:00:00,41.136803,35.9168,37.3568
2000-03-20 06:00:00,52.6568,42.1268,45.6068
2000-03-21 06:00:00,53.2868,41.0468,46.285553
2000-03-22 06:00:00,55.8968,43.8368,48.9068
2000-03-23 06:00:00,57.8768,38.7968,47.8718
2000-03-24 06:00:00,67.0568,46.7168,55.88555
2000-03-25 06:00:00,58.776802,46.2668,54.228054
2000-03-26 06:00:00,63.816795,37.7168,51.35555
2000-03-27 06:00:00,53.5568,40.326797,46.1918
2000-03-28 06:00:00,43.2968,33.2168,38.8418
2000-03-29 06:00:00,47.7968,30.8768,38.5868
2000-03-30 06:00:00,49.2368,33.4868,39.97055
2000-03-31 06:00:00,57.6068,29.9768,45.333054
2000-04-01 06:00:00,54.9068,44.8268,49.476803
2000-04-02 06:00:00,55.2668,43.5668,49.075554
2000-04-03 06:00:00,57.5168,43.6568,50.1218
2000-04-04 06:00:00,42.9368,31.9568,38.6168
2000-04-05 06:00:00,59.8568,29.7968,46.596798
2000-04-06 06:00:00,59.7668,44.9168,51.8918
2000-04-07 06:00:00,42.576797,33.9368,38.7443
2000-04-08 06:00:00,41.4968,29.1668,34.83305
2000-04-09 06:00:00,54.7268,31.3268,42.3743
2000-04-10 06:00:00,37.8068,33.3968,35.6168
2000-04-11 06:00:00,42.3068,30.6068,36.4943
2000-04-12 06:00:00,46.2668,30.0668,38.38055
2000-04-13 06:00:00,58.8668,37.0868,47.226803
2000-04-14 06:00:00,70.4768,44.8268,57.8393
2000-04-15 06:00:00,69.5768,41.3168,55.57055
2000-04-16 06:00:00,54.0968,39.6968,45.8468
2000-04-17 06:00:00,47.9768,41.3168,43.80305
2000-04-18 06:00:00,57.3368,40.776802,48.07805
2000-04-19 06:00:00,56.7068,44.4668,51.276802
2000-04-20 06:00:00,64.9868,42.576797,54.9218
2000-04-21 06:00:00,50.136803,37.8068,43.02305
2000-04-22 06:00:00,61.566795,34.5668,49.248055
2000-04-23 06:00:00,52.5668,41.8568,47.0393
2000-04-24 06:00:00,57.5168,41.9468,48.54305
2000-04-25 06:00:00,56.7068,40.9568,48.0143
2000-04-26 06:00:00,61.026802,39.5168,50.320553
2000-04-27 06:00:00,64.4468,39.4268,52.6793
2000-04-28 06:00:00,66.3368,38.9768,53.005547
2000-04-29 06:00:00,54.006798,41.4968,46.701797
2000-04-30 06:00:00,67.9568,38.7968,54.696796
2000-05-01 06:00:00,63.1868,47.256798,57.614304
2000-05-02 06:00:00,66.6968,44.3768,55.57055
2000-05-03 06:00:00,74.7968,51.1268,63.584297
2000-05-04 06:00:00,77.136795,61.2968,68.886795
2000-05-05 06:00:00,79.2968,61.1168,70.5443
2000-05-06 06:00:00,79.6568,63.7268,71.380554
2000-05-07 06:00:00,75.7868,65.166794,70.6343
2000-05-08 06:00:00,83.0768,65.7968,73.1243
2000-05-09 06:00:00,65.3468,51.1268,56.924297
2000-05-10 06:00:00,67.0568,47.7068,57.546803
2000-05-11 06:00:00,77.6768,57.3368,68.0693
2000-05-12 06:00:00,80.2868,61.2968,71.24555
2000-05-13 06:00:00,60.756798,50.3168,54.580555
2000-05-14 06:00:00,60.6668,43.386803,52.968052
2000-05-15 06:00:00,67.9568,43.8368,57.003048
2000-05-16 06:00:00,65.6168,55.2668,58.908054
2000-05-17 06:00:00,71.916794,56.7068,64.04555
2000-05-18 06:00:00,67.5068,50.0468,56.886803
2000-05-19 06:00:00,50.4068,47.7068,48.561802
2000-05-20 06:00:00,58.506798,48.2468,53.061802
2000-05-21 06:00:00,66.8768,50.3168,59.444298
2000-05-22 06:00:00,75.1568,55.0868,65.13306
2000-05-23 06:00:00,78.9368,61.9268,69.2093
2000-05-24 06:00:00,77.9468,59.4968,68.2643
2000-05-25 06:00:00,72.5468,54.4568,63.69305
2000-05-26 06:00:00,73.3568,55.3568,64.08305
2000-05-27 06:00:00,66.246796,58.776802,62.215553
2000-05-28 06:00:00,61.3868,52.7468,58.086803
2000-05-29 06:00:00,66.066795,50.6768,59.808052
2000-05-30 06:00:00,80.916794,58.3268,69.31055
2000-05-31 06:00:00,78.3068,64.8968,71.0993
2000-06-01 06:00:00,86.2268,63.5468,75.82805
2000-06-02 06:00:00,73.1768,57.5168,64.93805
2000-06-03 06:00:00,63.3668,53.8268,58.255554
2000-06-04 06:00:00,64.1768,52.1168,58.89305
2000-06-05 06:00:00,61.2968,55.0868,57.843052
2000-06-06 06:00:00,70.8368,50.5868,61.248055
2000-06-07 06:00:00,75.066795,53.6468,65.19305
2000-06-08 06:00:00,83.9768,63.9068,74.04305
2000-06-09 06:00:00,84.066795,66.9668,75.9068
2000-06-10 06:00:00,85.416794,71.1968,78.4193
2000-06-11 06:00:00,79.566795,69.4868,74.71055
2000-06-12 06:00:00,73.2668,63.9068,68.43305
2000-06-13 06:00:00,84.1568,64.6268,74.7518
2000-06-14 06:00:00,81.5468,68.136795,74.36181
2000-06-15 06:00:00,76.416794,63.4568,69.91055
2000-06-16 06:00:00,73.2668,63.7268,70.7918
2000-06-17 06:00:00,64.6268,57.8768,61.53305
2000-06-18 06:00:00,71.5568,58.686802,65.279305
2000-06-19 06:00:00,79.386795,57.5168,69.629295
2000-06-20 06:00:00,77.0468,66.5168,70.8893
2000-06-21 06:00:00,77.7668,67.7768,72.5618
2000-06-22 06:00:00,77.9468,65.6168,71.699295
2000-06-23 06:00:00,83.7968,62.3768,74.92055
2000-06-24 06:00:00,76.8668,67.0568,71.4443
2000-06-25 06:00:00,82.7168,64.5368,74.19305
2000-06-26 06:00:00,77.2268,65.6168,72.1418
2000-06-27 06:00:00,74.6168,60.5768,68.02431
2000-06-28 06:00:00,72.0968,56.7068,64.91555
2000-06-29 06:00:00,73.1768,56.886803,65.3018
2000-06-30 06:00:00,76.3268,56.256798,67.9868
2000-07-01 06:00:00,79.1168,60.9368,71.20805
2000-07-02 06:00:00,83.5268,66.5168,74.78181
2000-07-03 06:00:00,76.9568,68.2268,72.57305
2000-07-04 06:00:00,79.8368,66.7868,72.981804
2000-07-05 06:00:00,81.2768,71.5568,75.62555
2000-07-06 06:00:00,81.4568,67.416794,74.01305
2000-07-07 06:00:00,75.1568,66.246796,70.6118
2000-07-08 06:00:00,84.066795,63.9068,74.260544
2000-07-09 06:00:00,88.1168,72.0068,78.28805
2000-07-10 06:00:00,80.4668,70.2968,74.20055
2000-07-11 06:00:00,76.5968,70.746796,73.791794
2000-07-12 06:00:00,78.2168,67.416794,72.93305
2000-07-13 06:00:00,84.1568,66.8768,76.1993
2000-07-14 06:00:00,83.0768,70.2068,76.38306
2000-07-15 06:00:00,76.3268,67.0568,71.3543
2000-07-16 06:00:00,80.8268,63.3668,72.86179
2000-07-17 06:00:00,84.246796,69.3068,76.36055
2000-07-18 06:00:00,72.5468,66.066795,68.63555
2000-07-19 06:00:00,69.3068,62.736797,66.1493
2000-07-20 06:00:00,73.8968,59.0468,67.3643
2000-07-21 06:00:00,72.3668,61.026802,67.131805
2000-07-22 06:00:00,69.3068,59.4068,65.193054
2000-07-23 06:00:00,70.386795,59.6768,65.8268
2000-07-24 06:00:00,76.5068,54.9968,68.3168
2000-07-25 06:00:00,79.566795,62.8268,71.80805
2000-07-26 06:00:00,83.346794,64.9868,74.841805
2000-07-27 06:00:00,82.0868,68.5868,74.8043
2000-07-28 06:00:00,80.916794,67.1468,72.78305
2000-07-29 06:00:00,76.5968,64.7168,71.136795
2000-07-30 06:00:00,74.4368,67.416794,70.17305
2000-07-31 06:00:00,70.8368,66.4268,67.874306
2000-08-01 06:00:00,83.2568,65.166794,73.32305
2000-08-02 06:00:00,82.8968,67.3268,73.39805
2000-08-03 06:00:00,71.1968,62.1968,67.4093
2000-08-04 06:00:00,76.3268,57.6968,67.7168
2000-08-05 06:00:00,74.5268,61.8368,68.365555
2000-08-06 06:00:00,87.5768,70.2968,76.39055
2000-08-07 06:00:00,84.1568,65.7968,75.52055
2000-08-08 06:00:00,82.8968,72.2768,76.709305
2000-08-09 06:00:00,85.3268,70.2068,77.28305
2000-08-10 06:00:00,80.6468,64.8068,73.07555
2000-08-11 06:00:00,77.0468,65.2568,71.53805
2000-08-12 06:00:00,79.9268,61.566795,72.63306
2000-08-13 06:00:00,81.0968,67.5968,74.02805
2000-08-14 06:00:00,84.9668,69.2168,76.9193
2000-08-15 06:00:00,89.7368,74.166794,81.47931
2000-08-16 06:00:00,74.886795,66.7868,70.58555
2000-08-17 06:00:00,79.0268,65.2568,69.715546
2000-08-18 06:00:00,73.7168,63.3668,68.0543
2000-08-19 06:00:00,68.316795,59.7668,65.06555
2000-08-20 06:00:00,71.1068,60.6668,66.0443
2000-08-21 06:00:00,77.136795,58.776802,68.56429
2000-08-22 06:00:00,84.3368,66.9668,74.7893
2000-08-23 06:00:00,81.0068,69.9368,74.54555
2000-08-24 06:00:00,78.8468,64.0868,72.6893
2000-08-25 06:00:00,81.996796,61.6568,72.355545
2000-08-26 06:00:00,77.4068,67.8668,72.1193
2000-08-27 06:00:00,76.3268,68.6768,71.69555
2000-08-28 06:00:00,81.0068,66.1568,73.69805
2000-08-29 06:00:00,86.2268,71.6468,76.57056
2000-08-30 06:00:00,83.4368,71.3768,77.97305
2000-08-31 06:00:00,88.2968,72.0968,79.9643
2000-09-01 06:00:00,89.646805,72.816795,81.183044
2000-09-02 06:00:00,89.3768,72.636795,80.8268
2000-09-03 06:00:00,88.2068,71.5568,78.366806
2000-09-04 06:00:00,71.2868,64.9868,68.0468
2000-09-05 06:00:00,64.8068,58.146797,61.668053
2000-09-06 06:00:00,71.6468,54.5468,63.370552
2000-09-07 06:00:00,83.7968,63.276802,73.47305
2000-09-08 06:00:00,81.4568,69.0368,74.37305
2000-09-09 06:00:00,81.1868,67.8668,75.1268
2000-09-10 06:00:00,82.6268,71.7368,76.24055
2000-09-11 06:00:00,85.3268,70.386795,77.583046
2000-09-12 06:00:00,76.8668,56.7968,67.1768
2000-09-13 06:00:00,76.5968,54.4568,65.73305
2000-09-14 06:00:00,69.3968,60.4868,64.55556
2000-09-15 06:00:00,62.016796,53.6468,57.543053
2000-09-16 06:00:00,65.7068,50.5868,57.933052
2000-09-17 06:00:00,77.136795,56.7068,65.433044
2000-09-18 06:00:00,83.0768,56.6168,70.90805
2000-09-19 06:00:00,84.3368,66.6068,74.230545
2000-09-20 06:00:00,67.8668,54.5468,58.7018
2000-09-21 06:00:00,61.2968,48.5168,54.764297
2000-09-22 06:00:00,70.2068,53.1968,58.889305
2000-09-23 06:00:00,69.9368,58.686802,63.888046
2000-09-24 06:00:00,58.0568,52.1168,55.43555
2000-09-25 06:00:00,55.3568,52.2068,53.7893
2000-09-26 06:00:00,65.9768,45.9068,55.83305
2000-09-27 06:00:00,66.7868,50.5868,57.621803
2000-09-28 06:00:00,60.846798,49.8668,55.14305
2000-09-29 06:00:00,70.9268,50.4068,60.08555
2000-09-30 06:00:00,74.7968,55.3568,64.09805
2000-10-01 06:00:00,78.666794,60.846798,69.190544
2000-10-02 06:00:00,77.7668,62.8268,70.06055
2000-10-03 06:00:00,70.386795,53.1968,62.3768
2000-10-04 06:00:00,62.3768,55.6268,58.251797
2000-10-05 06:00:00,58.8668,49.506798,56.63555
2000-10-06 06:00:00,48.3368,38.8868,44.3618
2000-10-07 06:00:00,46.3568,34.8368,40.50305
2000-10-08 06:00:00,46.8068,36.1868,40.941803
2000-10-09 06:00:00,54.9968,35.0168,44.10305
2000-10-10 06:00:00,59.0468,38.5268,48.078053
2000-10-11 06:00:00,63.7268,42.576797,52.008053
2000-10-12 06:00:00,68.2268,44.6468,56.44805
2000-10-13 06:00:00,73.6268,55.6268,64.0793
2000-10-14 06:00:00,73.9868,61.566795,66.4718
2000-10-15 06:00:00,63.9968,53.3768,59.121803
2000-10-16 06:00:00,59.9468,49.3268,54.1193
2000-10-17 06:00:00,60.396797,46.2668,53.20805
2000-10-18 06:00:00,67.8668,44.6468,55.829296
2000-10-19 06:00:00,73.1768,50.4968,60.7718
2000-10-20 06:00:00,73.8968,54.8168,63.404305
2000-10-21 06:00:00,65.2568,55.8068,59.740547
2000-10-22 06:00:00,68.9468,55.0868,61.33805
2000-10-23 06:00:00,70.2968,59.0468,64.0043
2000-10-24 06:00:00,68.6768,58.686802,62.954304
2000-10-25 06:00:00,69.0368,57.2468,63.1118
2000-10-26 06:00:00,74.7068,61.2068,66.71555
2000-10-27 06:00:00,70.8368,54.006798,62.436802
2000-10-28 06:00:00,54.8168,47.9768,52.098053
2000-10-29 06:00:00,54.006798,42.1268,48.07055
2000-10-30 06:00:00,59.4068,43.1168,51.03305
2000-10-31 06:00:00,65.7068,51.2168,56.88305
2000-11-01 06:00:00,71.0168,54.5468,61.634304
2000-11-02 06:00:00,64.2668,52.9268,60.8843
2000-11-03 06:00:00,57.8768,45.9968,51.38555
2000-11-04 06:00:00,54.006798,40.506798,46.27055
2000-11-05 06:00:00,58.596798,40.2368,48.655552
2000-11-06 06:00:00,52.9268,46.3568,48.6668
2000-11-07 06:00:00,55.0868,43.2968,50.3543
2000-11-08 06:00:00,47.7968,35.4668,41.67305
2000-11-09 06:00:00,47.0768,37.8968,41.62805
2000-11-10 06:00:00,45.636803,36.3668,39.8018
2000-11-11 06:00:00,46.0868,32.6768,40.39055
2000-11-12 06:00:00,48.9668,39.6068,44.4893
2000-11-13 06:00:00,44.9168,31.5068,36.3293
2000-11-14 06:00:00,36.8168,31.3268,33.8093
2000-11-15 06:00:00,39.2468,24.8468,32.6093
2000-11-16 06:00:00,43.026802,31.1468,36.75305
2000-11-17 06:00:00,31.8668,28.0868,29.8193
2000-11-18 06:00:00,33.3968,25.5668,28.1918
2000-11-19 06:00:00,39.6968,24.9368,30.87305
2000-11-20 06:00:00,31.5968,21.6968,26.0468
2000-11-21 06:00:00,23.4968,15.216801,19.416801
2000-11-22 06:00:00,28.6268,17.556799,22.859299
2000-11-23 06:00:00,34.9268,21.6968,28.00055
2000-11-24 06:00:00,42.2168,24.2168,32.12555
2000-11-25 06:00:00,40.6868,29.6168,36.64805
2000-11-26 06:00:00,39.6968,36.8168,38.4743
2000-11-27 06:00:00,38.7968,30.6968,34.4468
2000-11-28 06:00:00,39.5168,30.8768,34.40555
2000-11-29 06:00:00,38.7068,32.6768,34.9943
2000-11-30 06:00:00,37.4468,31.9568,34.6268
2000-12-01 06:00:00,36.0968,31.4168,33.7718
2000-12-02 06:00:00,33.5768,30.7868,31.8593
2000-12-03 06:00:00,34.1168,23.9468,28.5518
2000-12-04 06:00:00,37.4468,25.476799,31.57805
2000-12-05 06:00:00,31.5968,13.326801,17.87555
2000-12-06 06:00:00,22.3268,12.6968,17.939302
2000-12-07 06:00:00,31.1468,19.4468,25.143051
2000-12-08 06:00:00,25.9268,18.0068,22.37555
2000-12-09 06:00:00,28.896801,13.5968,21.876799
2000-12-10 06:00:00,36.0068,27.636799,31.1993
2000-12-11 06:00:00,30.5168,18.0068,26.9318
2000-12-12 06:00:00,17.646801,-6.9231987,5.8943024
2000-12-13 06:00:00,22.7768,-7.733204,8.268047
2000-12-14 06:00:00,25.386799,14.586802,19.9418
2000-12-15 06:00:00,29.0768,14.8568,20.05805
2000-12-16 06:00:00,34.8368,23.226799,31.27805
2000-12-17 06:00:00,22.146801,-4.6731987,7.83305
2000-12-18 06:00:00,12.966801,-5.1231995,4.30805
2000-12-19 06:00:00,21.0668,10.806799,16.480549
2000-12-20 06:00:00,17.0168,-0.26320267,8.774303
2000-12-21 06:00:00,17.556799,-7.283203,6.164301
2000-12-22 06:00:00,6.936802,-9.443199,-2.5957031
2000-12-23 06:00:00,17.826801,-7.103203,8.181799
2000-12-24 06:00:00,12.876801,1.9867973,7.1617985
2000-12-25 06:00:00,14.406799,-1.1632004,4.6418
2000-12-26 06:00:00,18.0068,0.27680016,10.990555
2000-12-27 06:00:00,17.1068,8.376801,12.88055
2000-12-28 06:00:00,18.5468,7.9268,13.480555
2000-12-29 06:00:00,24.6668,13.146801,18.753052
2000-12-30 06:00:00,28.4468,22.5068,26.043049
2000-12-31 06:00:00,23.7668,15.936802,19.63055
2001-01-01 06:00:00,22.056799,9.636801,15.831802
2001-01-02 06:00:00,16.836802,3.3368015,9.52055
2001-01-03 06:00:00,27.726799,9.3668,20.234303
2001-01-04 06:00:00,32.1368,16.206799,24.288048
2001-01-05 06:00:00,35.4668,25.0268,32.27555
2001-01-06 06:00:00,32.4968,15.216801,24.38555
2001-01-07 06:00:00,32.2268,23.1368,28.851799
2001-01-08 06:00:00,23.7668,13.4168,18.861801
2001-01-09 06:00:00,22.5968,7.2067986,15.08555
2001-01-10 06:00:00,32.2268,16.9268,25.3268
2001-01-11 06:00:00,36.4568,25.1168,29.88305
2001-01-12 06:00:00,35.4668,20.8868,29.21555
2001-01-13 06:00:00,35.1968,29.7968,32.45555
2001-01-14 06:00:00,36.9968,29.8868,34.66055
2001-01-15 06:00:00,35.1068,31.3268,33.4343
2001-01-16 06:00:00,31.6868,24.9368,29.2493
2001-01-17 06:00:00,27.4568,20.5268,23.60555
2001-01-18 06:00:00,32.0468,19.086802,24.7643
2001-01-19 06:00:00,25.2968,15.0368,21.1793
2001-01-20 06:00:00,22.8668,6.936802,13.709301
2001-01-21 06:00:00,25.0268,4.146799,13.218052
2001-01-22 06:00:00,28.0868,2.0768013,17.823053
2001-01-23 06:00:00,36.1868,22.7768,28.8743
2001-01-24 06:00:00,27.0968,16.4768,21.2393
2001-01-25 06:00:00,25.6568,7.8368015,17.155548
2001-01-26 06:00:00,31.2368,19.3568,25.739298
2001-01-27 06:00:00,26.3768,14.7668,21.179298
2001-01-28 06:00:00,27.8168,12.966801,20.699303
2001-01-29 06:00:00,42.9368,26.1068,34.82555
2001-01-30 06:00:00,41.8568,30.2468,34.57055
2001-01-31 06:00:00,34.9268,26.4668,31.4468
2001-02-01 06:00:00,32.2268,7.7467995,23.00555
2001-02-02 06:00:00,14.586802,-1.8832016,6.7793026
2001-02-03 06:00:00,30.2468,11.5268,22.1243
2001-02-04 06:00:00,36.9068,29.1668,32.1668
2001-02-05 06:00:00,31.6868,27.2768,29.53805
2001-02-06 06:00:00,35.0168,23.3168,30.2318
2001-02-07 06:00:00,33.4868,21.3368,28.36805
2001-02-08 06:00:00,54.186802,33.5768,45.03305
2001-02-09 06:00:00,54.636803,23.4068,40.293053
2001-02-10 06:00:00,22.4168,15.8468,19.214302
2001-02-11 06:00:00,26.1068,11.6168,19.326803
2001-02-12 06:00:00,40.1468,21.6068,29.0993
2001-02-13 06:00:00,39.3368,25.8368,32.7518
2001-02-14 06:00:00,34.8368,22.7768,31.3493
2001-02-15 06:00:00,32.4968,21.7868,26.22305
2001-02-16 06:00:00,33.0368,16.206799,26.7818
2001-02-17 06:00:00,21.0668,6.8468,13.720551
2001-02-18 06:00:00,29.4368,4.3268013,17.733055
2001-02-19 06:00:00,45.3668,26.8268,35.27555
2001-02-20 06:00:00,37.8068,21.9668,30.9368
2001-02-21 06:00:00,20.3468,9.816799,14.766802
2001-02-22 06:00:00,34.2968,13.4168,23.4368
2001-02-23 06:00:00,27.9968,20.2568,23.9618
2001-02-24 06:00:00,53.7368,24.396801,37.683052
2001-02-25 06:00:00,54.3668,26.2868,37.896797
2001-02-26 06:00:00,41.5868,23.226799,30.9668
2001-02-27 06:00:00,28.3568,20.2568,25.3643
2001-02-28 06:00:00,29.7068,12.7868,21.13055
2001-03-01 06:00:00,42.576797,22.3268,30.7568
2001-03-02 06:00:00,43.6568,28.6268,35.19305
2001-03-03 06:00:00,45.636803,26.1968,34.16555
2001-03-04 06:00:00,29.7968,19.7168,24.89555
2001-03-05 06:00:00,27.4568,18.3668,22.761799
2001-03-06 06:00:00,32.8568,20.3468,26.2193
2001-03-07 06:00:00,45.006798,23.6768,33.09305
2001-03-08 06:00:00,34.6568,27.636799,30.90305
2001-03-09 06:00:00,36.4568,25.1168,30.46055
2001-03-10 06:00:00,47.7968,23.4968,36.76055
2001-03-11 06:00:00,38.0768,25.7468,30.82805
2001-03-12 06:00:00,48.2468,25.7468,38.5943
2001-03-13 06:00:00,42.756798,30.6068,36.1343
2001-03-14 06:00:00,49.506798,30.8768,40.03055
2001-03-15 06:00:00,39.2468,32.7668,35.25305
2001-03-16 06:00:00,32.6768,28.6268,30.27305
2001-03-17 06:00:00,34.2968,21.6068,28.2218
2001-03-18 06:00:00,38.0768,15.306799,26.16305
2001-03-19 06:00:00,41.0468,21.8768,31.8893
2001-03-20 06:00:00,45.0968,21.0668,32.8868
2001-03-21 06:00:00,48.4268,26.736801,36.6968
2001-03-22 06:00:00,52.026802,28.4468,39.940548
2001-03-23 06:00:00,49.2368,31.3268,40.248047
2001-03-24 06:00:00,36.7268,24.9368,29.740551
2001-03-25 06:00:00,27.0068,21.1568,23.5418
2001-03-26 06:00:00,33.0368,17.1968,25.00805
2001-03-27 06:00:00,37.0868,24.0368,30.8168
2001-03-28 06:00:00,46.8968,26.646801,36.57305
2001-03-29 06:00:00,45.9068,32.8568,37.88555
2001-03-30 06:00:00,47.6168,31.6868,37.9493
2001-03-31 06:00:00,52.2968,33.7568,41.40305
2001-04-01 06:00:00,47.7968,29.1668,38.55305
2001-04-02 06:00:00,55.8068,28.4468,41.5343
2001-04-03 06:00:00,43.2068,31.7768,36.9968
2001-04-04 06:00:00,49.3268,33.3968,40.62305
2001-04-05 06:00:00,60.3068,38.2568,49.874302
2001-04-06 06:00:00,61.2968,43.7468,53.331802
2001-04-07 06:00:00,77.4068,45.9968,67.0043
2001-04-08 06:00:00,71.4668,47.526802,58.32305
2001-04-09 06:00:00,51.1268,41.2268,44.485554
2001-04-10 06:00:00,52.1168,41.2268,46.5893
2001-04-11 06:00:00,70.566795,51.0368,60.2618
2001-04-12 06:00:00,63.6368,48.8768,54.3893
2001-04-13 06:00:00,56.7068,41.136803,48.3293
2001-04-14 06:00:00,62.286797,43.026802,51.8543
2001-04-15 06:00:00,52.4768,42.8468,46.7468
2001-04-16 06:00:00,43.9268,32.3168,36.87305
2001-04-17 06:00:00,41.8568,29.5268,35.65055
2001-04-18 06:00:00,52.026802,27.4568,40.52555
2001-04-19 06:00:00,63.096798,37.0868,51.925552
2001-04-20 06:00:00,72.0068,51.8468,61.893055
2001-04-21 06:00:00,77.7668,59.9468,67.84805
2001-04-22 06:00:00,73.4468,47.3468,60.03305
2001-04-23 06:00:00,73.4468,47.886803,62.091805
2001-04-24 06:00:00,57.0668,42.576797,49.23305
2001-04-25 06:00:00,58.8668,44.0168,50.459297
2001-04-26 06:00:00,72.1868,44.8268,58.8518
2001-04-27 06:00:00,58.3268,44.2868,51.5168
2001-04-28 06:00:00,61.4768,41.8568,51.8768
2001-04-29 06:00:00,70.1168,47.886803,58.8668
2001-04-30 06:00:00,79.2968,54.0968,66.764305
2001-05-01 06:00:00,79.4768,61.2968,70.5743
2001-05-02 06:00:00,78.7568,63.3668,70.97555
2001-05-03 06:00:00,81.0068,61.7468,71.77055
2001-05-04 06:00:00,57.0668,48.3368,51.52055
2001-05-05 06:00:00,61.1168,49.8668,55.724304
2001-05-06 06:00:00,73.4468,54.186802,62.81555
2001-05-07 06:00:00,67.2368,55.8968,61.9193
2001-05-08 06:00:00,72.2768,49.9568,61.915554
2001-05-09 06:00:00,76.416794,54.7268,66.03304
2001-05-10 06:00:00,80.4668,63.816795,69.621796
2001-05-11 06:00:00,63.4568,44.9168,54.186802
2001-05-12 06:00:00,54.4568,42.3968,48.366802
2001-05-13 06:00:00,64.9868,39.5168,54.2018
2001-05-14 06:00:00,68.4068,50.3168,58.63805
2001-05-15 06:00:00,84.4268,60.0368,74.22305
2001-05-16 06:00:00,84.69679,61.2968,73.409294
2001-05-17 06:00:00,81.3668,61.1168,70.05305
2001-05-18 06:00:00,67.416794,55.8968,62.0843
2001-05-19 06:00:00,70.0268,53.9168,61.709297
2001-05-20 06:00:00,74.9768,52.026802,65.519295
2001-05-21 06:00:00,69.3068,56.526802,64.3193
2001-05-22 06:00:00,60.846798,48.6068,54.43805
2001-05-23 06:00:00,62.1068,46.8968,52.9043
2001-05-24 06:00:00,59.4068,44.7368,51.7568
2001-05-25 06:00:00,57.9668,44.6468,52.109303
2001-05-26 06:00:00,58.776802,44.4668,51.12305
2001-05-27 06:00:00,61.9268,47.9768,54.1943
2001-05-28 06:00:00,66.8768,50.0468,58.829292
2001-05-29 06:00:00,61.1168,51.0368,55.4543
2001-05-30 06:00:00,59.0468,47.7968,53.47055
2001-05-31 06:00:00,60.9368,51.3068,54.843052
2001-06-01 06:00:00,63.276802,50.0468,55.88555
2001-06-02 06:00:00,58.776802,49.2368,54.3443
2001-06-03 06:00:00,57.5168,50.6768,53.403053
2001-06-04 06:00:00,54.006798,49.776802,51.85805
2001-06-05 06:00:00,60.846798,50.136803,56.8043
2001-06-06 06:00:00,64.7168,56.7968,59.83805
2001-06-07 06:00:00,65.166794,56.3468,60.546803
2001-06-08 06:00:00,71.1068,52.4768,62.605553
2001-06-09 06:00:00,78.3968,52.386803,67.51055
2001-06-10 06:00:00,80.7368,63.1868,72.7418
2001-06-11 06:00:00,84.066795,66.066795,76.07555
2001-06-12 06:00:00,86.4068,66.6968,76.0868
2001-06-13 06:00:00,88.566795,71.1968,80.47429
2001-06-14 06:00:00,88.4768,73.0868,80.9243
2001-06-15 06:00:00,77.2268,65.7968,72.7643
2001-06-16 06:00:00,83.346794,60.4868,72.284294
2001-06-17 06:00:00,84.5168,62.736797,75.1343
2001-06-18 06:00:00,89.3768,71.1068,80.13305
2001-06-19 06:00:00,81.2768,67.9568,75.9968
2001-06-20 06:00:00,74.166794,63.6368,68.9393
2001-06-21 06:00:00,67.5968,61.1168,64.1168
2001-06-22 06:00:00,67.3268,58.146797,62.6768
2001-06-23 06:00:00,70.746796,54.9068,63.72305
2001-06-24 06:00:00,79.566795,55.2668,69.0218
2001-06-25 06:00:00,83.166794,61.8368,73.96805
2001-06-26 06:00:00,83.5268,65.6168,75.5468
2001-06-27 06:00:00,83.7068,63.5468,75.6518
2001-06-28 06:00:00,84.5168,64.7168,76.14305
2001-06-29 06:00:00,85.596794,65.9768,77.185555
2001-06-30 06:00:00,87.2168,69.8468,79.293045
2001-07-01 06:00:00,75.6068,57.9668,67.480545
2001-07-02 06:00:00,73.6268,55.7168,64.51806
2001-07-03 06:00:00,80.916794,63.6368,72.40055
2001-07-04 06:00:00,85.6868,68.4068,77.2268
2001-07-05 06:00:00,71.916794,61.026802,68.25305
2001-07-06 06:00:00,78.0368,55.5368,68.45555
2001-07-07 06:00:00,91.5368,65.4368,78.104294
2001-07-08 06:00:00,87.3068,72.996796,79.818054
2001-07-09 06:00:00,86.94679,72.9068,79.7393
2001-07-10 06:00:00,87.1268,71.3768,78.8618
2001-07-11 06:00:00,75.1568,65.9768,70.131805
2001-07-12 06:00:00,75.4268,60.5768,69.348045
2001-07-13 06:00:00,75.6968,61.6568,69.505554
2001-07-14 06:00:00,84.5168,62.916798,74.0093
2001-07-15 06:00:00,86.136795,65.3468,76.83305
2001-07-16 06:00:00,85.7768,65.6168,77.646805
2001-07-17 06:00:00,85.8668,71.4668,78.051796
2001-07-18 06:00:00,87.2168,72.5468,78.936806
2001-07-19 06:00:00,87.2168,69.666794,79.83305
2001-07-20 06:00:00,89.4668,71.4668,81.20555
2001-07-21 06:00:00,90.5468,75.4268,81.6743
2001-07-22 06:00:00,90.9968,74.886795,81.7718
2001-07-23 06:00:00,91.9868,75.9668,82.5368
2001-07-24 06:00:00,89.5568,74.5268,82.263054
2001-07-25 06:00:00,80.3768,70.746796,74.17055
2001-07-26 06:00:00,75.9668,69.3968,72.23555
2001-07-27 06:00:00,76.7768,64.7168,71.324295
2001-07-28 06:00:00,79.4768,69.0368,73.66429
2001-07-29 06:00:00,86.8568,67.8668,77.5343
2001-07-30 06:00:00,89.2868,71.5568,80.78929
2001-07-31 06:00:00,93.5168,73.2668,83.9393
2001-08-01 06:00:00,92.5268,74.886795,84.31055
2001-08-02 06:00:00,85.0568,76.5068,80.41431
2001-08-03 06:00:00,82.7168,72.2768,77.691795
2001-08-04 06:00:00,85.3268,68.316795,77.1818
2001-08-05 06:00:00,88.8368,69.7568,80.5418
2001-08-06 06:00:00,92.0768,71.6468,82.25931
2001-08-07 06:00:00,93.7868,75.4268,83.541794
2001-08-08 06:00:00,93.966805,76.9568,85.16554
2001-08-09 06:00:00,93.966805,75.3368,83.823044
2001-08-10 06:00:00,76.416794,68.136795,73.053055
2001-08-11 06:00:00,76.5968,63.9068,71.1368
2001-08-12 06:00:00,83.0768,63.6368,74.193054
2001-08-13 06:00:00,74.3468,66.7868,70.82555
2001-08-14 06:00:00,75.246796,61.8368,69.1718
2001-08-15 06:00:00,79.0268,62.916798,70.55556
2001-08-16 06:00:00,72.816795,65.2568,68.7293
2001-08-17 06:00:00,78.4868,62.286797,70.37555
2001-08-18 06:00:00,75.3368,64.0868,68.028046
2001-08-19 06:00:00,71.3768,62.286797,66.3893
2001-08-20 06:00:00,76.3268,61.2068,68.45555
2001-08-21 06:00:00,78.3968,60.756798,69.58805
2001-08-22 06:00:00,84.9668,67.7768,76.00056
2001-08-23 06:00:00,78.8468,69.4868,73.4768
2001-08-24 06:00:00,79.2068,66.8768,73.48055
2001-08-25 06:00:00,80.3768,70.2968,74.02431
2001-08-26 06:00:00,80.916794,68.0468,73.80305
2001-08-27 06:00:00,83.5268,65.9768,74.3093
2001-08-28 06:00:00,75.6968,66.1568,71.721794
2001-08-29 06:00:00,79.4768,62.646797,71.631805
2001-08-30 06:00:00,83.6168,67.416794,74.28305
2001-08-31 06:00:00,74.3468,63.5468,68.58305
2001-09-01 06:00:00,66.7868,57.7868,62.91305
2001-09-02 06:00:00,77.7668,53.6468,66.92555
2001-09-03 06:00:00,84.69679,63.276802,73.00055
2001-09-04 06:00:00,73.6268,64.2668,69.2843
2001-09-05 06:00:00,75.9668,60.3068,68.489296
2001-09-06 06:00:00,83.346794,63.7268,74.1218
2001-09-07 06:00:00,83.5268,69.9368,76.7918
2001-09-08 06:00:00,80.2868,67.7768,75.2243
2001-09-09 06:00:00,68.7668,56.9768,63.835552
2001-09-10 06:00:00,74.9768,54.8168,64.13556
2001-09-11 06:00:00,76.1468,56.436802,66.88429
2001-09-12 06:00:00,80.1068,60.396797,69.98555
2001-09-13 06:00:00,68.2268,60.4868,64.9268
2001-09-14 06:00:00,61.7468,55.1768,58.78805
2001-09-15 06:00:00,64.1768,55.7168,59.08805
2001-09-16 06:00:00,69.0368,51.3968,61.2893
2001-09-17 06:00:00,65.5268,56.6168,62.04679
2001-09-18 06:00:00,71.1968,57.4268,65.05055
2001-09-19 06:00:00,65.3468,60.0368,63.64805
2001-09-20 06:00:00,72.3668,55.0868,63.6368
2001-09-21 06:00:00,69.1268,58.4168,63.644302
2001-09-22 06:00:00,72.996796,55.7168,64.1768
2001-09-23 06:00:00,65.5268,55.2668,60.903046
2001-09-24 06:00:00,55.9868,49.0568,52.42805
2001-09-25 06:00:00,55.2668,43.8368,49.45805
2001-09-26 06:00:00,65.7968,49.0568,56.234303
2001-09-27 06:00:00,60.756798,49.4168,54.93305
2001-09-28 06:00:00,58.506798,52.9268,55.7018
2001-09-29 06:00:00,63.9068,52.5668,57.6143
2001-09-30 06:00:00,69.1268,45.9968,58.90805
2001-10-01 06:00:00,75.1568,52.4768,63.194298
2001-10-02 06:00:00,78.3968,53.7368,66.209305
2001-10-03 06:00:00,75.4268,59.5868,67.4468
2001-10-04 06:00:00,63.276802,49.3268,55.7543
2001-10-05 06:00:00,52.026802,45.8168,49.2518
2001-10-06 06:00:00,48.5168,38.6168,43.581802
2001-10-07 06:00:00,51.2168,33.9368,44.039303
2001-10-08 06:00:00,63.1868,43.9268,53.860546
2001-10-09 06:00:00,70.2968,53.8268,61.48805
2001-10-10 06:00:00,66.7868,57.5168,62.45555
2001-10-11 06:00:00,63.096798,50.8568,56.53805
2001-10-12 06:00:00,62.1968,53.5568,56.909298
2001-10-13 06:00:00,64.6268,56.256798,60.63305
2001-10-14 06:00:00,59.4968,49.1468,53.1593
2001-10-15 06:00:00,52.8368,44.1068,48.15305
2001-10-16 06:00:00,49.686802,41.9468,45.07805
2001-10-17 06:00:00,50.136803,36.4568,43.15055
2001-10-18 06:00:00,61.6568,41.8568,51.295547
2001-10-19 06:00:00,58.776802,47.1668,52.278053
2001-10-20 06:00:00,65.166794,46.3568,54.8843
2001-10-21 06:00:00,64.6268,52.8368,57.43805
2001-10-22 06:00:00,63.4568,52.386803,57.6818
2001-10-23 06:00:00,65.7068,58.9568,61.9868
2001-10-24 06:00:00,64.8068,44.9168,56.4968
2001-10-25 06:00:00,43.026802,37.4468,39.89555
2001-10-26 06:00:00,41.6768,37.1768,39.25055
2001-10-27 06:00:00,43.7468,32.6768,37.7918
2001-10-28 06:00:00,52.2968,32.8568,42.5318
2001-10-29 06:00:00,56.886803,43.6568,48.550552
2001-10-30 06:00:00,52.1168,47.6168,49.3718
2001-10-31 06:00:00,65.0768,49.3268,56.49305
2001-11-01 06:00:00,63.276802,56.436802,60.141796
2001-11-02 06:00:00,63.276802,49.2368,57.34055
2001-11-03 06:00:00,63.276802,41.4968,52.5518
2001-11-04 06:00:00,59.0468,43.386803,50.7668
2001-11-05 06:00:00,53.6468,34.6568,45.1268
2001-11-06 06:00:00,59.4068,39.6968,48.69305
2001-11-07 06:00:00,64.7168,48.9668,55.62305
2001-11-08 06:00:00,58.4168,40.4168,50.1818
2001-11-09 06:00:00,50.9468,34.7468,42.9293
2001-11-10 06:00:00,57.6968,42.4868,47.7968
2001-11-11 06:00:00,48.0668,38.7068,43.495552
2001-11-12 06:00:00,53.9168,35.6468,44.07305
2001-11-13 06:00:00,59.3168,43.7468,50.639297
2001-11-14 06:00:00,63.9968,51.3968,56.4668
2001-11-15 06:00:00,67.5068,55.5368,60.76055
2001-11-16 06:00:00,58.146797,43.7468,51.7118
2001-11-17 06:00:00,60.5768,42.9368,52.3568
2001-11-18 06:00:00,63.816795,53.1068,57.40055
2001-11-19 06:00:00,55.5368,38.2568,46.0943
2001-11-20 06:00:00,41.9468,32.4068,37.5743
2001-11-21 06:00:00,52.386803,37.2668,43.394302
2001-11-22 06:00:00,54.3668,41.2268,46.8893
2001-11-23 06:00:00,56.526802,47.7968,51.85805
2001-11-24 06:00:00,59.4068,54.276802,56.511803
2001-11-25 06:00:00,54.006798,40.5968,45.22805
2001-11-26 06:00:00,48.1568,36.0068,43.3118
2001-11-27 06:00:00,49.0568,37.9868,43.390553
2001-11-28 06:00:00,40.9568,35.4668,38.5043
2001-11-29 06:00:00,45.4568,39.2468,42.49805
2001-11-30 06:00:00,47.256798,42.2168,44.70305
2001-12-01 06:00:00,44.5568,36.5468,40.6643
2001-12-02 06:00:00,51.3068,33.1268,42.4193
2001-12-03 06:00:00,55.6268,42.576797,49.32305
2001-12-04 06:00:00,61.4768,51.2168,57.749306
2001-12-05 06:00:00,66.3368,50.3168,61.18055
2001-12-06 06:00:00,49.3268,37.2668,43.2293
2001-12-07 06:00:00,45.4568,37.2668,40.874302
2001-12-08 06:00:00,45.636803,32.7668,40.4618
2001-12-09 06:00:00,39.6968,25.6568,33.0068
2001-12-10 06:00:00,45.4568,30.5168,36.0443
2001-12-11 06:00:00,45.5468,26.736801,36.4118
2001-12-12 06:00:00,46.4468,38.1668,42.9068
2001-12-13 06:00:00,45.006798,34.4768,41.609303
2001-12-14 06:00:00,39.5168,31.9568,35.44805
2001-12-15 06:00:00,40.506798,32.2268,36.97805
2001-12-16 06:00:00,44.5568,39.7868,42.32555
2001-12-17 06:00:00,45.006798,34.026802,41.51555
2001-12-18 06:00:00,46.9868,30.6968,38.163048
2001-12-19 06:00:00,39.5168,30.7868,35.1368
2001-12-20 06:00:00,38.4368,26.8268,31.30055
2001-12-21 06:00:00,38.9768,27.726799,32.31305
2001-12-22 06:00:00,47.886803,33.7568,41.4518
2001-12-23 06:00:00,35.6468,22.8668,26.2118
2001-12-24 06:00:00,22.6868,18.9068,20.680552
2001-12-25 06:00:00,22.956799,14.496799,18.374302
2001-12-26 06:00:00,18.0968,11.6168,15.430548
2001-12-27 06:00:00,26.5568,18.0968,23.49305
2001-12-28 06:00:00,24.2168,19.5368,22.315552
2001-12-29 06:00:00,18.7268,11.3468,15.13805
2001-12-30 06:00:00,19.1768,8.646801,13.649302
2001-12-31 06:00:00,22.4168,10.986801,15.580551
2002-01-01 06:00:00,25.2968,10.4468,17.286802
2002-01-02 06:00:00,30.9668,14.406799,21.54305
2002-01-03 06:00:00,28.0868,12.966801,20.05805
2002-01-04 06:00:00,36.0968,19.2668,27.16055
2002-01-05 06:00:00,36.9068,29.0768,32.5493
2002-01-06 06:00:00,35.2868,28.1768,31.0793
2002-01-07 06:00:00,27.9968,18.186802,22.8293
2002-01-08 06:00:00,39.6968,20.3468,30.3143
2002-01-09 06:00:00,51.4868,36.0068,42.4718
2002-01-10 06:00:00,42.8468,33.3068,37.21055
2002-01-11 06:00:00,41.6768,30.0668,34.51805
2002-01-12 06:00:00,38.7968,30.8768,33.95555
2002-01-13 06:00:00,41.5868,26.646801,33.64055
2002-01-14 06:00:00,42.1268,33.4868,35.8718
2002-01-15 06:00:00,35.7368,29.7968,32.0843
2002-01-16 06:00:00,32.7668,26.646801,29.72555
2002-01-17 06:00:00,27.8168,19.5368,23.22305
2002-01-18 06:00:00,20.7968,14.046801,17.361801
2002-01-19 06:00:00,30.5168,16.6568,23.6393
2002-01-20 06:00:00,36.0968,23.226799,28.660551
2002-01-21 06:00:00,37.6268,28.1768,31.7393
2002-01-22 06:00:00,50.7668,30.9668,39.6968
2002-01-23 06:00:00,45.7268,33.3968,40.8818
2002-01-24 06:00:00,39.3368,30.2468,33.2693
2002-01-25 06:00:00,47.3468,28.5368,37.0568
2002-01-26 06:00:00,50.3168,33.7568,41.238052
2002-01-27 06:00:00,55.0868,37.5368,45.39305
2002-01-28 06:00:00,48.5168,35.4668,40.58555
2002-01-29 06:00:00,35.5568,32.6768,34.05305
2002-01-30 06:00:00,33.3068,31.2368,31.9418
2002-01-31 06:00:00,33.3068,29.9768,31.78055
2002-02-01 06:00:00,33.2168,20.4368,27.9668
2002-02-02 06:00:00,30.6068,8.556799,21.194302
2002-02-03 06:00:00,33.3068,20.5268,27.063051
2002-02-04 06:00:00,21.7868,6.8468,15.0818
2002-02-05 06:00:00,27.9068,6.2168007,17.425552
2002-02-06 06:00:00,35.1068,18.186802,26.20055
2002-02-07 06:00:00,39.9668,23.4068,30.16055
2002-02-08 06:00:00,40.506798,26.646801,32.8193
2002-02-09 06:00:00,46.7168,31.9568,38.4743
2002-02-10 06:00:00,42.8468,27.9968,36.753048
2002-02-11 06:00:00,36.4568,23.5868,30.84305
2002-02-12 06:00:00,40.9568,27.2768,36.2918
2002-02-13 06:00:00,34.3868,20.7968,27.6668
2002-02-14 06:00:00,45.5468,28.0868,37.10555
2002-02-15 06:00:00,43.2068,34.2068,39.33305
2002-02-16 06:00:00,41.136803,33.8468,37.66055
2002-02-17 06:00:00,36.5468,27.9968,30.9143
2002-02-18 06:00:00,48.1568,28.1768,37.76555
2002-02-19 06:00:00,46.9868,39.4268,43.844303
2002-02-20 06:00:00,50.3168,35.6468,44.46305
2002-02-21 06:00:00,34.7468,26.646801,30.37055
2002-02-22 06:00:00,36.0068,22.956799,28.11305
2002-02-23 06:00:00,46.1768,25.2068,35.56055
2002-02-24 06:00:00,58.0568,36.9968,46.3043
2002-02-25 06:00:00,49.686802,31.6868,39.0068
2002-02-26 06:00:00,30.9668,22.056799,26.043049
2002-02-27 06:00:00,26.3768,18.7268,21.906801
2002-02-28 06:00:00,34.3868,16.1168,25.2818
2002-03-01 06:00:00,31.5968,22.236801,27.6068
2002-03-02 06:00:00,34.2968,18.8168,30.22055
2002-03-03 06:00:00,18.2768,1.7167969,11.624302
2002-03-04 06:00:00,15.396801,-9.623199,3.5355473
2002-03-05 06:00:00,30.4268,13.4168,22.263048
2002-03-06 06:00:00,38.7068,27.9068,32.23805
2002-03-07 06:00:00,39.3368,29.7968,33.80555
2002-03-08 06:00:00,61.566795,42.9368,54.60305
2002-03-09 06:00:00,61.026802,21.7868,40.724304
2002-03-10 06:00:00,29.5268,14.7668,22.45055
2002-03-11 06:00:00,46.0868,23.3168,34.1018
2002-03-12 06:00:00,51.936802,27.8168,39.30305
2002-03-13 06:00:00,57.6968,34.4768,44.75555
2002-03-14 06:00:00,57.3368,36.0068,47.25305
2002-03-15 06:00:00,57.9668,32.4068,42.01055
2002-03-16 06:00:00,38.8868,28.7168,32.57555
2002-03-17 06:00:00,39.3368,32.0468,35.27555
2002-03-18 06:00:00,45.9068,30.6068,37.28555
2002-03-19 06:00:00,50.3168,32.5868,40.615547
2002-03-20 06:00:00,43.386803,34.3868,37.788048
2002-03-21 06:00:00,38.7968,19.086802,27.1493
2002-03-22 06:00:00,35.3768,15.486801,25.113049
2002-03-23 06:00:00,48.0668,27.726799,36.1568
2002-03-24 06:00:00,40.326797,23.7668,32.249302
2002-03-25 06:00:00,28.6268,23.226799,26.29055
2002-03-26 06:00:00,34.5668,25.5668,29.14055
2002-03-27 06:00:00,44.1068,24.306799,33.5543
2002-03-28 06:00:00,49.686802,29.0768,39.280552
2002-03-29 06:00:00,45.4568,36.4568,40.4843
2002-03-30 06:00:00,50.4068,33.5768,42.33305
2002-03-31 06:00:00,46.6268,27.726799,38.64305
2002-04-01 06:00:00,40.506798,26.0168,33.79055
2002-04-02 06:00:00,44.3768,31.6868,37.86305
2002-04-03 06:00:00,40.8668,30.6068,35.34305
2002-04-04 06:00:00,36.9068,30.2468,32.7818
2002-04-05 06:00:00,40.4168,24.2168,32.620552
2002-04-06 06:00:00,42.2168,25.0268,34.50305
2002-04-07 06:00:00,48.2468,34.7468,40.394302
2002-04-08 06:00:00,49.506798,40.8668,46.0943
2002-04-09 06:00:00,47.9768,35.9168,42.198048
2002-04-10 06:00:00,61.4768,34.4768,48.0818
2002-04-11 06:00:00,70.566795,46.2668,58.91555
2002-04-12 06:00:00,62.8268,45.8168,55.630554
2002-04-13 06:00:00,58.9568,41.3168,48.6743
2002-04-14 06:00:00,72.636795,44.6468,60.50555
2002-04-15 06:00:00,82.9868,63.006798,72.059296
2002-04-16 06:00:00,82.4468,65.166794,74.0168
2002-04-17 06:00:00,79.566795,63.276802,72.07805
2002-04-18 06:00:00,82.9868,64.2668,72.8918
2002-04-19 06:00:00,66.246796,42.6668,54.5543
2002-04-20 06:00:00,43.9268,39.3368,41.1968
2002-04-21 06:00:00,42.1268,38.3468,40.02305
2002-04-22 06:00:00,43.5668,36.0968,39.34805
2002-04-23 06:00:00,55.7168,30.4268,44.92055
2002-04-24 06:00:00,70.566795,45.8168,56.11055
2002-04-25 06:00:00,53.6468,39.2468,46.58555
2002-04-26 06:00:00,50.2268,36.9068,42.981804
2002-04-27 06:00:00,52.5668,40.776802,45.01055
2002-04-28 06:00:00,60.0368,41.4968,48.1268
2002-04-29 06:00:00,59.5868,39.0668,49.536804
2002-04-30 06:00:00,58.2368,46.3568,52.240555
2002-05-01 06:00:00,59.3168,45.636803,50.6693
2002-05-02 06:00:00,53.7368,42.6668,48.183052
2002-05-03 06:00:00,50.9468,38.1668,44.7068
2002-05-04 06:00:00,65.2568,36.8168,52.889297
2002-05-05 06:00:00,66.1568,48.9668,58.578053
2002-05-06 06:00:00,71.7368,59.4968,64.65305
2002-05-07 06:00:00,64.5368,44.2868,50.699303
2002-05-08 06:00:00,64.2668,46.0868,56.2268
2002-05-09 06:00:00,63.276802,50.4068,57.846798
2002-05-10 06:00:00,62.916798,44.8268,54.190548
2002-05-11 06:00:00,52.5668,45.9968,50.0018
2002-05-12 06:00:00,52.026802,44.1068,48.363052
2002-05-13 06:00:00,54.7268,43.8368,48.546803
2002-05-14 06:00:00,60.9368,43.7468,52.900555
2002-05-15 06:00:00,73.2668,40.506798,60.04055
2002-05-16 06:00:00,66.6968,44.9168,57.06305
2002-05-17 06:00:00,44.6468,39.4268,42.0518
2002-05-18 06:00:00,50.6768,37.4468,43.44305
2002-05-19 06:00:00,53.2868,36.4568,44.48555
2002-05-20 06:00:00,46.0868,37.8068,42.31055
2002-05-21 06:00:00,55.2668,32.3168,45.85805
2002-05-22 06:00:00,64.8968,42.4868,54.621803
2002-05-23 06:00:00,71.7368,54.006798,63.059303
2002-05-24 06:00:00,64.1768,42.9368,50.076805
2002-05-25 06:00:00,64.9868,43.2968,51.5843
2002-05-26 06:00:00,70.386795,40.2368,57.396797
2002-05-27 06:00:00,74.3468,52.8368,64.323044
2002-05-28 06:00:00,75.3368,59.6768,67.66429
2002-05-29 06:00:00,80.1068,63.006798,70.60055
2002-05-30 06:00:00,81.5468,62.8268,72.38555
2002-05-31 06:00:00,82.8068,68.2268,75.1493
2002-06-01 06:00:00,86.8568,62.646797,75.50929
2002-06-02 06:00:00,71.4668,58.3268,64.78805
2002-06-03 06:00:00,76.8668,59.6768,65.6693
2002-06-04 06:00:00,81.0068,60.756798,69.880554
2002-06-05 06:00:00,68.8568,55.2668,60.693054
2002-06-06 06:00:00,64.9868,53.1968,59.496796
2002-06-07 06:00:00,73.8068,51.3968,64.0343
2002-06-08 06:00:00,79.8368,58.9568,69.918045
2002-06-09 06:00:00,83.7968,63.276802,74.5943
2002-06-10 06:00:00,83.9768,70.386795,76.89305
2002-06-11 06:00:00,81.5468,70.746796,74.793045
2002-06-12 06:00:00,74.166794,60.9368,68.29805
2002-06-13 06:00:00,64.7168,57.9668,61.780552
2002-06-14 06:00:00,67.6868,57.3368,61.3793
2002-06-15 06:00:00,75.4268,55.8068,65.26055
2002-06-16 06:00:00,73.6268,56.436802,65.41055
2002-06-17 06:00:00,74.7968,56.9768,65.725555
2002-06-18 06:00:00,78.9368,61.026802,70.4993
2002-06-19 06:00:00,81.996796,65.7968,74.5568
2002-06-20 06:00:00,88.2968,70.4768,79.34554
2002-06-21 06:00:00,86.136795,71.1968,79.5443
2002-06-22 06:00:00,89.19679,69.1268,80.530556
2002-06-23 06:00:00,89.8268,71.2868,81.01805
2002-06-24 06:00:00,90.0968,70.0268,81.02555
2002-06-25 06:00:00,85.7768,72.5468,78.449295
2002-06-26 06:00:00,87.0368,70.386795,77.61304
2002-06-27 06:00:00,78.3068,67.6868,73.139305
2002-06-28 06:00:00,82.6268,61.8368,73.038055
2002-06-29 06:00:00,86.4068,64.8068,77.279305
2002-06-30 06:00:00,91.5368,71.8268,82.278046
2002-07-01 06:00:00,90.4568,74.886795,83.26055
2002-07-02 06:00:00,91.4468,74.3468,82.99805
2002-07-03 06:00:00,92.4368,73.6268,83.260544
2002-07-04 06:00:00,86.2268,74.5268,79.810555
2002-07-05 06:00:00,79.2068,71.7368,74.905556
2002-07-06 06:00:00,79.6568,69.8468,74.93179
2002-07-07 06:00:00,86.5868,67.6868,78.57305
2002-07-08 06:00:00,91.356804,73.4468,82.559296
2002-07-09 06:00:00,79.4768,69.8468,75.03305
2002-07-10 06:00:00,76.9568,69.5768,72.57305
2002-07-11 06:00:00,74.6168,65.7968,70.2743
2002-07-12 06:00:00,76.1468,60.6668,69.75305
2002-07-13 06:00:00,79.746796,61.2968,72.25805
2002-07-14 06:00:00,84.4268,59.6768,74.474304
2002-07-15 06:00:00,87.5768,64.0868,77.9393
2002-07-16 06:00:00,88.6568,70.2968,80.2043
2002-07-17 06:00:00,88.0268,69.3968,79.89305
2002-07-18 06:00:00,89.19679,71.7368,81.19805
2002-07-19 06:00:00,79.566795,71.3768,75.096794
2002-07-20 06:00:00,89.19679,68.6768,79.75055
2002-07-21 06:00:00,94.4168,77.7668,85.926796
2002-07-22 06:00:00,92.1668,72.7268,80.53055
2002-07-23 06:00:00,73.8968,66.5168,71.5643
2002-07-24 06:00:00,75.7868,65.5268,70.41305
2002-07-25 06:00:00,80.0168,65.5268,73.17305
2002-07-26 06:00:00,84.8768,72.0068,78.2393
2002-07-27 06:00:00,87.1268,72.636795,77.17055
2002-07-28 06:00:00,89.19679,75.1568,81.6143
2002-07-29 06:00:00,82.6268,72.996796,76.59305
2002-07-30 06:00:00,89.646805,69.3968,79.514305
2002-07-31 06:00:00,91.0868,72.0068,81.554306
2002-08-01 06:00:00,91.356804,70.6568,82.004295
2002-08-02 06:00:00,77.496796,66.6968,73.2068
2002-08-03 06:00:00,85.8668,64.9868,76.18055
2002-08-04 06:00:00,86.2268,74.7968,80.09555
2002-08-05 06:00:00,80.4668,72.1868,76.2368
2002-08-06 06:00:00,71.0168,65.886795,68.28305
2002-08-07 06:00:00,72.9068,62.8268,67.87055
2002-08-08 06:00:00,76.7768,62.016796,70.03055
2002-08-09 06:00:00,79.6568,61.2968,71.496796
2002-08-10 06:00:00,85.3268,63.006798,75.00305
2002-08-11 06:00:00,90.366806,69.7568,79.36804
2002-08-12 06:00:00,86.6768,71.6468,79.214294
2002-08-13 06:00:00,79.6568,69.0368,72.82056
2002-08-14 06:00:00,75.066795,66.066795,69.933044
2002-08-15 06:00:00,82.3568,62.736797,73.49555
2002-08-16 06:00:00,81.816795,71.8268,76.64555
2002-08-17 06:00:00,83.9768,70.0268,76.5893
2002-08-18 06:00:00,76.8668,60.0368,69.05555
2002-08-19 06:00:00,72.5468,64.0868,68.4443
2002-08-20 06:00:00,73.8968,58.4168,68.8193
2002-08-21 06:00:00,85.7768,65.6168,76.1918
2002-08-22 06:00:00,80.1968,72.0068,75.19055
2002-08-23 06:00:00,80.3768,70.386795,74.043045
2002-08-24 06:00:00,78.4868,67.9568,72.824295
2002-08-25 06:00:00,81.4568,67.1468,74.099304
2002-08-26 06:00:00,78.666794,68.496796,73.4693
2002-08-27 06:00:00,80.0168,68.316795,74.41055
2002-08-28 06:00:00,75.4268,64.7168,70.97555
2002-08-29 06:00:00,76.3268,62.5568,70.1093
2002-08-30 06:00:00,80.0168,66.5168,73.5368
2002-08-31 06:00:00,80.3768,67.2368,73.9193
2002-09-01 06:00:00,84.066795,64.7168,75.123055
2002-09-02 06:00:00,83.2568,70.4768,77.11805
2002-09-03 06:00:00,79.8368,67.5068,74.08055
2002-09-04 06:00:00,81.0068,64.3568,71.7218
2002-09-05 06:00:00,78.9368,65.166794,71.33555
2002-09-06 06:00:00,82.7168,63.7268,73.20305
2002-09-07 06:00:00,85.8668,62.3768,74.97305
2002-09-08 06:00:00,89.1068,67.1468,78.15306
2002-09-09 06:00:00,88.6568,69.666794,79.37555
2002-09-10 06:00:00,88.0268,69.0368,76.0643
2002-09-11 06:00:00,72.2768,62.016796,67.68305
2002-09-12 06:00:00,75.6068,56.7068,67.1168
2002-09-13 06:00:00,76.416794,56.526802,67.9193
2002-09-14 06:00:00,82.7168,59.3168,70.05305
2002-09-15 06:00:00,71.0168,63.006798,66.6593
2002-09-16 06:00:00,74.5268,55.2668,65.52305
2002-09-17 06:00:00,77.5868,57.6068,68.256805
2002-09-18 06:00:00,78.2168,62.8268,70.87055
2002-09-19 06:00:00,79.9268,71.3768,74.440544
2002-09-20 06:00:00,71.3768,63.276802,68.47055
2002-09-21 06:00:00,78.2168,59.4968,67.71306
2002-09-22 06:00:00,65.3468,53.2868,58.70555
2002-09-23 06:00:00,67.0568,47.3468,57.9893
2002-09-24 06:00:00,59.5868,46.5368,53.0243
2002-09-25 06:00:00,70.0268,48.1568,59.459297
2002-09-26 06:00:00,73.7168,53.1068,64.263054
2002-09-27 06:00:00,69.3068,59.0468,63.535545
2002-09-28 06:00:00,73.1768,57.6068,65.05805
2002-09-29 06:00:00,83.2568,61.8368,71.84555
2002-09-30 06:00:00,82.4468,68.6768,74.6843
2002-10-01 06:00:00,81.9068,69.1268,74.8418
2002-10-02 06:00:00,72.816795,62.736797,67.68305
2002-10-03 06:00:00,65.7068,59.7668,63.160553
2002-10-04 06:00:00,71.4668,55.0868,65.4218
2002-10-05 06:00:00,62.1068,50.7668,56.0918
2002-10-06 06:00:00,69.1268,48.2468,58.8893
2002-10-07 06:00:00,53.5568,42.9368,48.168053
2002-10-08 06:00:00,64.1768,46.9868,54.910553
2002-10-09 06:00:00,64.6268,50.5868,56.95055
2002-10-10 06:00:00,71.1968,54.4568,61.551796
2002-10-11 06:00:00,70.386795,52.8368,61.55555
2002-10-12 06:00:00,69.4868,50.7668,59.256798
2002-10-13 06:00:00,50.136803,40.9568,45.381798
2002-10-14 06:00:00,55.1768,38.4368,46.8368
2002-10-15 06:00:00,57.3368,42.576797,48.925552
2002-10-16 06:00:00,47.3468,36.3668,43.401802
2002-10-17 06:00:00,45.3668,36.9068,41.3768
2002-10-18 06:00:00,60.846798,38.5268,49.5218
2002-10-19 06:00:00,51.6668,41.0468,45.5243
2002-10-20 06:00:00,49.776802,37.9868,43.18055
2002-10-21 06:00:00,55.2668,37.9868,46.3268
2002-10-22 06:00:00,48.3368,38.5268,43.9118
2002-10-23 06:00:00,45.9068,39.6968,43.491802
2002-10-24 06:00:00,45.3668,41.9468,43.92305
2002-10-25 06:00:00,45.9968,41.136803,43.683052
2002-10-26 06:00:00,48.7868,43.7468,45.70805
2002-10-27 06:00:00,44.8268,40.6868,42.67055
2002-10-28 06:00:00,47.526802,40.8668,44.83055
2002-10-29 06:00:00,45.9968,39.2468,42.25805
2002-10-30 06:00:00,45.4568,41.2268,42.64055
2002-10-31 06:00:00,47.526802,35.7368,41.6618
2002-11-01 06:00:00,39.1568,28.3568,33.2918
2002-11-02 06:00:00,45.636803,30.7868,36.59555
2002-11-03 06:00:00,45.8168,29.1668,37.39055
2002-11-04 06:00:00,43.9268,33.6668,38.17055
2002-11-05 06:00:00,39.7868,36.9068,38.0993
2002-11-06 06:00:00,42.9368,35.1068,38.5268
2002-11-07 06:00:00,55.9868,31.8668,45.276802
2002-11-08 06:00:00,60.396797,49.506798,54.475548
2002-11-09 06:00:00,63.816795,52.6568,58.169296
2002-11-10 06:00:00,61.026802,47.526802,56.5343
2002-11-11 06:00:00,45.9968,37.7168,40.5218
2002-11-12 06:00:00,43.1168,36.9068,39.5993
2002-11-13 06:00:00,54.276802,34.8368,45.1343
2002-11-14 06:00:00,53.0168,40.8668,46.949303
2002-11-15 06:00:00,40.6868,36.5468,38.53805
2002-11-16 06:00:00,36.1868,32.0468,34.21055
2002-11-17 06:00:00,36.9968,30.6068,33.57305
2002-11-18 06:00:00,41.7668,27.3668,35.34305
2002-11-19 06:00:00,52.2068,31.1468,41.4893
2002-11-20 06:00:00,50.3168,38.7068,43.57805
2002-11-21 06:00:00,40.5968,34.3868,37.686802
2002-11-22 06:00:00,36.9968,27.636799,32.94305
2002-11-23 06:00:00,45.636803,29.1668,36.944298
2002-11-24 06:00:00,36.0968,29.8868,33.14555
2002-11-25 06:00:00,31.3268,25.1168,28.0868
2002-11-26 06:00:00,32.3168,26.1968,28.57055
2002-11-27 06:00:00,31.2368,18.9968,24.816801
2002-11-28 06:00:00,33.6668,18.5468,26.226799
2002-11-29 06:00:00,46.0868,30.4268,39.5693
2002-11-30 06:00:00,38.6168,20.2568,28.525549
2002-12-01 06:00:00,33.4868,16.0268,25.19555
2002-12-02 06:00:00,33.3968,26.2868,29.78555
2002-12-03 06:00:00,25.5668,15.216801,21.3518
2002-12-04 06:00:00,27.5468,12.4268,20.6318
2002-12-05 06:00:00,25.6568,16.836802,22.24805
2002-12-06 06:00:00,29.7068,12.246799,21.37805
2002-12-07 06:00:00,40.9568,28.4468,32.56805
2002-12-08 06:00:00,28.4468,20.6168,25.53305
2002-12-09 06:00:00,30.6068,17.2868,23.62805
2002-12-10 06:00:00,42.0368,25.2068,30.9293
2002-12-11 06:00:00,42.4868,23.4068,31.2443
2002-12-12 06:00:00,41.3168,29.3468,34.4693
2002-12-13 06:00:00,38.0768,32.8568,35.4293
2002-12-14 06:00:00,38.0768,30.6968,33.6293
2002-12-15 06:00:00,43.026802,32.5868,36.3668
2002-12-16 06:00:00,31.5968,28.9868,30.42305
2002-12-17 06:00:00,37.4468,29.0768,32.530552
2002-12-18 06:00:00,53.9168,39.2468,50.208054
2002-12-19 06:00:00,51.8468,36.0968,42.26555
2002-12-20 06:00:00,35.9168,31.2368,33.3068
2002-12-21 06:00:00,34.5668,29.2568,31.06055
2002-12-22 06:00:00,32.4068,26.2868,28.39805
2002-12-23 06:00:00,32.4068,26.3768,28.50305
2002-12-24 06:00:00,31.5968,25.0268,28.29305
2002-12-25 06:00:00,31.3268,22.5968,27.6218
2002-12-26 06:00:00,31.0568,19.986801,24.0593
2002-12-27 06:00:00,35.2868,21.3368,26.9768
2002-12-28 06:00:00,38.0768,28.1768,31.89305
2002-12-29 06:00:00,38.8868,25.7468,31.93805
2002-12-30 06:00:00,57.0668,36.9968,48.11555
2002-12-31 06:00:00,37.5368,29.0768,32.3768
2003-01-01 06:00:00,31.6868,28.9868,30.0068
2003-01-02 06:00:00,30.1568,28.6268,29.29055
2003-01-03 06:00:00,32.4968,23.0468,28.6868
2003-01-04 06:00:00,33.6668,21.6068,27.3218
2003-01-05 06:00:00,33.5768,29.0768,31.29305
2003-01-06 06:00:00,32.2268,25.8368,29.4068
2003-01-07 06:00:00,40.8668,25.476799,33.8918
2003-01-08 06:00:00,51.3968,35.9168,43.3793
2003-01-09 06:00:00,42.8468,29.4368,36.7043
2003-01-10 06:00:00,28.5368,16.6568,23.20055
2003-01-11 06:00:00,19.896801,10.5368,15.400553
2003-01-12 06:00:00,30.2468,13.686802,22.21055
2003-01-13 06:00:00,29.9768,17.1068,22.54055
2003-01-14 06:00:00,20.706799,13.236801,17.009302
2003-01-15 06:00:00,23.4968,7.566799,14.969303
2003-01-16 06:00:00,25.6568,17.1068,20.45555
2003-01-17 06:00:00,21.1568,8.2868,14.358051
2003-01-18 06:00:00,22.956799,9.726801,15.396803
2003-01-19 06:00:00,27.0068,5.226801,16.960552
2003-01-20 06:00:00,20.8868,11.796801,16.236801
2003-01-21 06:00:00,16.0268,6.486801,11.42555
2003-01-22 06:00:00,13.326801,3.7868004,8.20055
2003-01-23 06:00:00,10.086802,-4.493202,2.4967995
2003-01-24 06:00:00,17.0168,1.2667961,9.021797
2003-01-25 06:00:00,31.3268,11.976801,21.149302
2003-01-26 06:00:00,20.6168,4.5067997,10.780552
2003-01-27 06:00:00,17.556799,-1.3432007,9.156799
2003-01-28 06:00:00,29.2568,18.0968,23.8118
2003-01-29 06:00:00,26.646801,14.6768,19.62305
2003-01-30 06:00:00,30.7868,15.216801,23.526798
2003-01-31 06:00:00,34.1168,29.8868,32.66555
2003-02-01 06:00:00,34.8368,28.896801,31.71305
2003-02-02 06:00:00,37.8068,28.8068,33.19055
2003-02-03 06:00:00,45.636803,29.1668,37.3268
2003-02-04 06:00:00,30.7868,13.056799,22.1918
2003-02-05 06:00:00,25.6568,9.0068,17.09555
2003-02-06 06:00:00,32.4968,17.736801,26.039299
2003-02-07 06:00:00,18.5468,10.1768,13.8218
2003-02-08 06:00:00,30.3368,10.3568,20.9468
2003-02-09 06:00:00,25.1168,7.0268,17.05055
2003-02-10 06:00:00,25.5668,8.1068,20.2793
2003-02-11 06:00:00,30.9668,7.8368015,18.168055
2003-02-12 06:00:00,19.4468,2.2567997,11.451801
2003-02-13 06:00:00,30.8768,7.6567993,18.8093
2003-02-14 06:00:00,31.4168,15.216801,22.248049
2003-02-15 06:00:00,23.226799,11.6168,16.431799
2003-02-16 06:00:00,14.226801,5.9467983,10.416805
2003-02-17 06:00:00,24.8468,8.1968,16.401802
2003-02-18 06:00:00,40.6868,13.7768,28.0793
2003-02-19 06:00:00,40.326797,24.396801,31.53305
2003-02-20 06:00:00,48.6068,27.5468,35.74055
2003-02-21 06:00:00,46.2668,28.1768,35.56805
2003-02-22 06:00:00,31.5968,15.6668,25.45805
2003-02-23 06:00:00,22.6868,10.896801,14.508051
2003-02-24 06:00:00,20.8868,10.626801,15.625551
2003-02-25 06:00:00,15.0368,4.3268013,10.67555
2003-02-26 06:00:00,27.4568,12.336802,19.21805
2003-02-27 06:00:00,29.4368,13.8668,21.681799
2003-02-28 06:00:00,36.8168,17.9168,26.740551
2003-03-01 06:00:00,40.5968,23.6768,31.38305
2003-03-02 06:00:00,31.2368,4.7768,20.485552
2003-03-03 06:00:00,28.7168,4.146799,17.639301
2003-03-04 06:00:00,32.4068,21.2468,27.62555
2003-03-05 06:00:00,21.6068,13.7768,17.5193
2003-03-06 06:00:00,25.386799,10.626801,18.081799
2003-03-07 06:00:00,36.1868,20.976799,27.771801
2003-03-08 06:00:00,40.776802,15.396801,24.059301
2003-03-09 06:00:00,14.226801,4.5067997,9.966803
2003-03-10 06:00:00,20.4368,0.1867981,9.498051
2003-03-11 06:00:00,42.3968,8.2868,28.218052
2003-03-12 06:00:00,38.1668,29.8868,33.9068
2003-03-13 06:00:00,31.2368,21.8768,28.06805
2003-03-14 06:00:00,52.9268,17.556799,35.0318
2003-03-15 06:00:00,61.2968,33.1268,46.51055
2003-03-16 06:00:00,66.1568,41.4068,52.7693
2003-03-17 06:00:00,67.5968,37.5368,51.216805
2003-03-18 06:00:00,44.3768,37.5368,39.83555
2003-03-19 06:00:00,47.7068,35.3768,40.3493
2003-03-20 06:00:00,62.3768,40.9568,50.4293
2003-03-21 06:00:00,46.8068,39.6068,42.6293
2003-03-22 06:00:00,47.7068,36.9068,42.123047
2003-03-23 06:00:00,60.1268,38.7968,48.58805
2003-03-24 06:00:00,70.4768,43.9268,55.960545
2003-03-25 06:00:00,57.1568,41.5868,49.2518
2003-03-26 06:00:00,57.6068,31.1468,42.3518
2003-03-27 06:00:00,59.136803,37.2668,47.523052
2003-03-28 06:00:00,58.506798,36.0068,49.293053
2003-03-29 06:00:00,37.1768,29.5268,33.4793
2003-03-30 06:00:00,41.8568,27.0968,33.8468
2003-03-31 06:00:00,52.2068,26.2868,40.77305
2003-04-01 06:00:00,73.2668,43.026802,57.85805
2003-04-02 06:00:00,65.7968,38.3468,47.83055
2003-04-03 06:00:00,50.9468,36.7268,40.6268
2003-04-04 06:00:00,38.2568,29.4368,34.03055
2003-04-05 06:00:00,34.026802,25.6568,29.3618
2003-04-06 06:00:00,36.6368,27.1868,32.0093
2003-04-07 06:00:00,32.1368,29.9768,31.0418
2003-04-08 06:00:00,31.5068,28.8068,30.35555
2003-04-09 06:00:00,38.2568,26.3768,31.5518
2003-04-10 06:00:00,53.0168,27.9068,40.0043
2003-04-11 06:00:00,63.096798,28.7168,44.519302
2003-04-12 06:00:00,45.3668,32.4968,38.92055
2003-04-13 06:00:00,59.9468,29.7068,45.90305
2003-04-14 06:00:00,77.496796,46.8968,62.38805
2003-04-15 06:00:00,78.7568,61.3868,69.4868
2003-04-16 06:00:00,65.5268,44.6468,52.480553
2003-04-17 06:00:00,46.0868,40.8668,42.46805
2003-04-18 06:00:00,48.7868,38.0768,41.59805
2003-04-19 06:00:00,71.8268,42.6668,59.69555
2003-04-20 06:00:00,64.6268,51.8468,60.31805
2003-04-21 06:00:00,51.2168,42.8468,47.609303
2003-04-22 06:00:00,51.3968,33.1268,41.4893
2003-04-23 06:00:00,51.756798,32.6768,41.0243
2003-04-24 06:00:00,57.3368,36.5468,46.7468
2003-04-25 06:00:00,52.6568,41.0468,46.154297
2003-04-26 06:00:00,53.7368,37.7168,44.984303
2003-04-27 06:00:00,70.2968,38.3468,55.743053
2003-04-28 06:00:00,72.0968,49.2368,61.371803
2003-04-29 06:00:00,60.3068,43.5668,49.96055
2003-04-30 06:00:00,68.8568,45.0968,51.599304
2003-05-01 06:00:00,46.9868,43.9268,45.3293
2003-05-02 06:00:00,49.506798,38.7068,43.8218
2003-05-03 06:00:00,53.1068,37.4468,44.519302
2003-05-04 06:00:00,57.8768,36.9968,50.054302
2003-05-05 06:00:00,69.5768,49.776802,59.32055
2003-05-06 06:00:00,67.0568,46.6268,55.97555
2003-05-07 06:00:00,58.4168,46.6268,49.9718
2003-05-08 06:00:00,59.6768,46.5368,52.04555
2003-05-09 06:00:00,81.816795,53.7368,66.4493
2003-05-10 06:00:00,68.7668,52.8368,61.578053
2003-05-11 06:00:00,66.8768,49.0568,52.7318
2003-05-12 06:00:00,63.276802,49.686802,55.938053
2003-05-13 06:00:00,68.8568,49.686802,57.839302
2003-05-14 06:00:00,57.2468,48.8768,52.94555
2003-05-15 06:00:00,55.2668,47.3468,51.1568
2003-05-16 06:00:00,60.9368,45.9068,52.3118
2003-05-17 06:00:00,63.7268,47.436802,54.8693
2003-05-18 06:00:00,67.3268,51.6668,60.3518
2003-05-19 06:00:00,70.0268,60.3068,64.9943
2003-05-20 06:00:00,65.5268,48.1568,57.44555
2003-05-21 06:00:00,54.276802,45.3668,49.31555
2003-05-22 06:00:00,58.3268,44.9168,51.629303
2003-05-23 06:00:00,60.6668,46.5368,52.435555
2003-05-24 06:00:00,65.7068,46.3568,55.3643
2003-05-25 06:00:00,63.1868,49.4168,55.0943
2003-05-26 06:00:00,66.7868,49.4168,56.80805
2003-05-27 06:00:00,69.7568,50.7668,60.516804
2003-05-28 06:00:00,72.5468,54.9968,62.080555
2003-05-29 06:00:00,62.736797,51.936802,57.72305
2003-05-30 06:00:00,69.4868,47.256798,60.644302
2003-05-31 06:00:00,59.9468,44.7368,51.933052
2003-06-01 06:00:00,61.026802,42.3068,51.67805
2003-06-02 06:00:00,66.3368,43.7468,56.2793
2003-06-03 06:00:00,61.2968,52.1168,56.489304
2003-06-04 06:00:00,65.2568,52.026802,58.034298
2003-06-05 06:00:00,74.4368,50.6768,62.834297
2003-06-06 06:00:00,67.9568,54.3668,60.5768
2003-06-07 06:00:00,73.8968,55.6268,64.49555
2003-06-08 06:00:00,66.9668,58.2368,60.9518
2003-06-09 06:00:00,73.6268,54.5468,64.90054
2003-06-10 06:00:00,76.2368,61.3868,68.699295
2003-06-11 06:00:00,65.5268,55.4468,59.2418
2003-06-12 06:00:00,66.6068,56.3468,61.623047
2003-06-13 06:00:00,68.8568,58.9568,63.79805
2003-06-14 06:00:00,73.0868,57.4268,65.22305
2003-06-15 06:00:00,72.9068,57.9668,65.0093
2003-06-16 06:00:00,75.3368,60.2168,66.80554
2003-06-17 06:00:00,77.6768,56.886803,68.0168
2003-06-18 06:00:00,85.5068,59.5868,70.7468
2003-06-19 06:00:00,66.1568,54.636803,60.865547
2003-06-20 06:00:00,69.8468,52.026802,62.13305
2003-06-21 06:00:00,76.6868,50.8568,65.89055
2003-06-22 06:00:00,83.0768,58.3268,72.123055
2003-06-23 06:00:00,86.2268,62.466797,75.4343
2003-06-24 06:00:00,90.90681,68.8568,80.32056
2003-06-25 06:00:00,90.366806,72.636795,81.918045
2003-06-26 06:00:00,79.2968,64.8968,71.7218
2003-06-27 06:00:00,80.916794,59.7668,71.33555
2003-06-28 06:00:00,79.8368,63.7268,70.510544
2003-06-29 06:00:00,81.9068,64.4468,72.70805
2003-06-30 06:00:00,82.2668,61.2968,73.45055
2003-07-01 06:00:00,84.066795,62.466797,74.52305
2003-07-02 06:00:00,86.496796,65.7068,77.3543
2003-07-03 06:00:00,91.5368,69.7568,81.576805
2003-07-04 06:00:00,94.6868,76.0568,83.898056
2003-07-05 06:00:00,85.1468,71.1968,77.81556
2003-07-06 06:00:00,87.666794,70.0268,76.4468
2003-07-07 06:00:00,88.4768,71.5568,80.33555
2003-07-08 06:00:00,79.746796,65.166794,72.6743
2003-07-09 06:00:00,75.066795,64.8968,69.79056
2003-07-10 06:00:00,78.4868,66.4268,72.5468
2003-07-11 06:00:00,74.4368,62.286797,67.56305
2003-07-12 06:00:00,76.6868,60.846798,69.550545
2003-07-13 06:00:00,80.2868,59.9468,71.050545
2003-07-14 06:00:00,82.8968,61.7468,73.6118
2003-07-15 06:00:00,84.8768,68.2268,76.28555
2003-07-16 06:00:00,80.8268,62.1968,73.326805
2003-07-17 06:00:00,86.2268,67.3268,75.7343
2003-07-18 06:00:00,73.7168,63.9068,69.58055
2003-07-19 06:00:00,80.8268,60.9368,71.73305
2003-07-20 06:00:00,85.0568,66.5168,76.529305
2003-07-21 06:00:00,78.666794,67.1468,72.28805
2003-07-22 06:00:00,70.9268,63.4568,66.61055
2003-07-23 06:00:00,71.5568,62.916798,67.15054
2003-07-24 06:00:00,77.9468,58.776802,69.355545
2003-07-25 06:00:00,81.636795,61.8368,72.6893
2003-07-26 06:00:00,83.7068,68.9468,76.88555
2003-07-27 06:00:00,84.066795,69.4868,75.82805
2003-07-28 06:00:00,73.1768,64.6268,69.2543
2003-07-29 06:00:00,79.6568,58.3268,70.1168
2003-07-30 06:00:00,81.1868,62.8268,73.05304
2003-07-31 06:00:00,84.1568,65.7068,75.7043
2003-08-01 06:00:00,86.496796,68.6768,75.25055
2003-08-02 06:00:00,82.1768,65.3468,74.3618
2003-08-03 06:00:00,77.7668,65.3468,70.5518
2003-08-04 06:00:00,74.9768,63.5468,69.27305
2003-08-05 06:00:00,79.0268,64.7168,72.3293
2003-08-06 06:00:00,81.5468,66.246796,73.8893
2003-08-07 06:00:00,78.3968,67.6868,72.7418
2003-08-08 06:00:00,74.9768,67.6868,70.73555
2003-08-09 06:00:00,75.246796,66.7868,70.73555
2003-08-10 06:00:00,81.996796,65.166794,73.5818
2003-08-11 06:00:00,75.6968,66.3368,70.7018
2003-08-12 06:00:00,74.2568,66.4268,70.184296
2003-08-13 06:00:00,78.7568,67.416794,73.33805
2003-08-14 06:00:00,85.416794,71.5568,78.22806
2003-08-15 06:00:00,87.4868,72.0068,79.8893
2003-08-16 06:00:00,89.5568,73.7168,81.25805
2003-08-17 06:00:00,82.0868,71.8268,76.6043
2003-08-18 06:00:00,82.5368,66.246796,74.93555
2003-08-19 06:00:00,83.7068,64.7168,74.7293
2003-08-20 06:00:00,89.646805,66.8768,79.0418
2003-08-21 06:00:00,94.3268,75.9668,84.83555
2003-08-22 06:00:00,79.0268,70.0268,75.22804
2003-08-23 06:00:00,78.666794,67.3268,72.9068
2003-08-24 06:00:00,87.3968,63.6368,76.4168
2003-08-25 06:00:00,91.896805,73.1768,82.7693
2003-08-26 06:00:00,94.05681,77.4068,84.49431
2003-08-27 06:00:00,83.9768,69.5768,76.92305
2003-08-28 06:00:00,91.4468,65.7968,78.72305
2003-08-29 06:00:00,80.3768,71.0168,74.733055
2003-08-30 06:00:00,70.746796,65.886795,68.5793
2003-08-31 06:00:00,68.9468,63.4568,66.17555
2003-09-01 06:00:00,66.066795,62.1068,64.233055
2003-09-02 06:00:00,72.4568,63.816795,67.7843
2003-09-03 06:00:00,79.746796,60.1268,69.8768
2003-09-04 06:00:00,68.496796,61.026802,64.919304
2003-09-05 06:00:00,72.2768,56.7068,64.50305
2003-09-06 06:00:00,79.0268,57.3368,68.32805
2003-09-07 06:00:00,84.6068,63.5468,73.85555
2003-09-08 06:00:00,82.5368,65.166794,74.043045
2003-09-09 06:00:00,80.5568,67.8668,73.75805
2003-09-10 06:00:00,81.1868,65.5268,73.3793
2003-09-11 06:00:00,82.3568,66.6068,74.459305
2003-09-12 06:00:00,80.1068,64.2668,72.28055
2003-09-13 06:00:00,81.3668,68.7668,73.00804
2003-09-14 06:00:00,72.5468,63.4568,67.55555
2003-09-15 06:00:00,71.7368,57.7868,64.7168
2003-09-16 06:00:00,80.4668,54.006798,67.585556
2003-09-17 06:00:00,79.746796,59.6768,69.89555
2003-09-18 06:00:00,78.666794,61.2968,69.93305
2003-09-19 06:00:00,66.066795,54.8168,60.944298
2003-09-20 06:00:00,69.0368,49.2368,59.5868
2003-09-21 06:00:00,74.4368,55.6268,65.511795
2003-09-22 06:00:00,69.5768,57.6068,63.156796
2003-09-23 06:00:00,67.3268,51.3968,59.144302
2003-09-24 06:00:00,74.9768,56.436802,64.1168
2003-09-25 06:00:00,59.4068,48.8768,54.126804
2003-09-26 06:00:00,66.6968,50.5868,56.9618
2003-09-27 06:00:00,59.0468,48.6968,53.53805
2003-09-28 06:00:00,55.6268,47.7968,51.370552
2003-09-29 06:00:00,56.3468,42.576797,49.683052
2003-09-30 06:00:00,54.276802,42.9368,49.0568
2003-10-01 06:00:00,52.9268,40.1468,45.7193
2003-10-02 06:00:00,51.3968,36.2768,43.739304
2003-10-03 06:00:00,54.9068,41.8568,48.4043
2003-10-04 06:00:00,56.9768,43.386803,49.79555
2003-10-05 06:00:00,58.2368,40.506798,49.454304
2003-10-06 06:00:00,60.3068,41.2268,51.07805
2003-10-07 06:00:00,76.8668,48.2468,61.5368
2003-10-08 06:00:00,77.8568,56.7068,66.34055
2003-10-09 06:00:00,72.4568,55.1768,63.5543
2003-10-10 06:00:00,73.8068,52.8368,64.05305
2003-10-11 06:00:00,75.3368,58.3268,66.8843
2003-10-12 06:00:00,67.7768,50.8568,58.55555
2003-10-13 06:00:00,70.6568,48.8768,59.118053
2003-10-14 06:00:00,56.3468,51.3068,53.9093
2003-10-15 06:00:00,61.8368,44.8268,53.590553
2003-10-16 06:00:00,53.6468,41.4068,49.3568
2003-10-17 06:00:00,55.0868,39.7868,47.21555
2003-10-18 06:00:00,67.6868,44.1968,55.443047
2003-10-19 06:00:00,63.6368,51.756798,56.32055
2003-10-20 06:00:00,79.566795,53.3768,65.7293
2003-10-21 06:00:00,65.5268,51.2168,59.3618
2003-10-22 06:00:00,53.8268,45.8168,49.62305
2003-10-23 06:00:00,52.9268,44.7368,48.498055
2003-10-24 06:00:00,60.1268,40.1468,50.02055
2003-10-25 06:00:00,58.596798,47.886803,52.3343
2003-10-26 06:00:00,48.6968,38.1668,43.2893
2003-10-27 06:00:00,43.8368,38.4368,41.3618
2003-10-28 06:00:00,53.1968,41.136803,45.6893
2003-10-29 06:00:00,48.7868,38.7968,43.42055
2003-10-30 06:00:00,68.8568,43.026802,56.553047
2003-10-31 06:00:00,64.8068,51.0368,60.078053
2003-11-01 06:00:00,50.7668,46.9868,48.2843
2003-11-02 06:00:00,54.9068,48.7868,51.43805
2003-11-03 06:00:00,52.2068,49.686802,50.6993
2003-11-04 06:00:00,68.7668,51.4868,61.2068
2003-11-05 06:00:00,49.506798,38.7068,41.451797
2003-11-06 06:00:00,43.2068,33.6668,38.11805
2003-11-07 06:00:00,41.8568,28.7168,34.3043
2003-11-08 06:00:00,36.0068,27.5468,31.9943
2003-11-09 06:00:00,38.6168,26.0168,32.1443
2003-11-10 06:00:00,48.6068,30.0668,40.1393
2003-11-11 06:00:00,54.276802,47.0768,50.26055
2003-11-12 06:00:00,57.5168,36.0068,47.58305
2003-11-13 06:00:00,38.1668,31.2368,34.03055
2003-11-14 06:00:00,47.526802,29.7068,38.4443
2003-11-15 06:00:00,42.1268,38.6168,40.70555
2003-11-16 06:00:00,46.3568,41.3168,43.6418
2003-11-17 06:00:00,54.7268,39.4268,47.81555
2003-11-18 06:00:00,57.7868,47.886803,55.2743
2003-11-19 06:00:00,55.2668,39.2468,46.315548
2003-11-20 06:00:00,62.646797,38.2568,50.77805
2003-11-21 06:00:00,50.2268,42.2168,45.07055
2003-11-22 06:00:00,58.0568,45.5468,49.671803
2003-11-23 06:00:00,64.7168,33.4868,54.6143
2003-11-24 06:00:00,31.8668,22.7768,26.320549
2003-11-25 06:00:00,39.9668,26.0168,32.87555
2003-11-26 06:00:00,45.3668,30.6968,37.86305
2003-11-27 06:00:00,46.7168,38.7068,41.74055
2003-11-28 06:00:00,38.7968,29.1668,31.3493
2003-11-29 06:00:00,36.7268,25.7468,31.5518
2003-11-30 06:00:00,51.1268,36.6368,42.51305
2003-12-01 06:00:00,39.9668,30.6068,35.155552
2003-12-02 06:00:00,34.6568,27.1868,30.63305
2003-12-03 06:00:00,37.9868,31.5068,34.00805
2003-12-04 06:00:00,39.7868,31.5068,34.98305
2003-12-05 06:00:00,41.3168,33.7568,37.10555
2003-12-06 06:00:00,38.7968,31.9568,34.93055
2003-12-07 06:00:00,39.8768,29.3468,34.48805
2003-12-08 06:00:00,44.2868,34.7468,38.2418
2003-12-09 06:00:00,45.0968,37.5368,41.28305
2003-12-10 06:00:00,49.5968,29.5268,41.86805
2003-12-11 06:00:00,28.4468,16.9268,22.76555
2003-12-12 06:00:00,23.5868,13.236801,18.179302
2003-12-13 06:00:00,30.7868,17.0168,24.749298
2003-12-14 06:00:00,32.9468,25.7468,28.55555
2003-12-15 06:00:00,38.3468,25.2068,32.3168
2003-12-16 06:00:00,41.3168,25.476799,33.839302
2003-12-17 06:00:00,28.7168,22.146801,24.89555
2003-12-18 06:00:00,27.726799,21.6968,24.91055
2003-12-19 06:00:00,29.4368,22.236801,26.38805
2003-12-20 06:00:00,30.2468,16.4768,22.915548
2003-12-21 06:00:00,45.006798,26.1968,36.8543
2003-12-22 06:00:00,45.9068,34.8368,38.96555
2003-12-23 06:00:00,36.3668,29.4368,32.9768
2003-12-24 06:00:00,28.5368,23.4068,25.00805
2003-12-25 06:00:00,36.2768,20.3468,26.526802
2003-12-26 06:00:00,40.776802,21.6968,30.2843
2003-12-27 06:00:00,44.9168,30.6068,38.1368
2003-12-28 06:00:00,51.0368,43.2068,46.094303
2003-12-29 06:00:00,44.2868,30.7868,37.11305
2003-12-30 06:00:00,39.1568,25.6568,32.5568
2003-12-31 06:00:00,41.5868,26.646801,36.52805
2004-01-01 06:00:00,50.2268,25.8368,36.83555
2004-01-02 06:00:00,57.5168,40.4168,49.2893
2004-01-03 06:00:00,51.1268,30.4268,37.8968
2004-01-04 06:00:00,31.3268,29.7068,30.19805
2004-01-05 06:00:00,29.7068,4.4167995,20.01305
2004-01-06 06:00:00,7.2968006,-4.1332016,2.556797
2004-01-07 06:00:00,17.826801,5.5868015,11.05055
2004-01-08 06:00:00,28.9868,8.1068,21.381802
2004-01-09 06:00:00,26.916801,18.3668,23.170551
2004-01-10 06:00:00,25.2068,8.646801,18.3143
2004-01-11 06:00:00,37.9868,23.1368,30.576801
2004-01-12 06:00:00,36.6368,30.1568,33.2018
2004-01-13 06:00:00,32.4068,25.476799,28.465551
2004-01-14 06:00:00,36.0968,14.586802,26.3918
2004-01-15 06:00:00,23.1368,13.326801,18.910551
2004-01-16 06:00:00,27.636799,23.4068,25.9868
2004-01-17 06:00:00,35.1968,27.3668,30.7793
2004-01-18 06:00:00,27.5468,6.8468,14.789301
2004-01-19 06:00:00,15.486801,3.2467995,8.943052
2004-01-20 06:00:00,19.896801,9.726801,15.168051
2004-01-21 06:00:00,34.7468,4.7768,23.05805
2004-01-22 06:00:00,21.7868,-1.7032013,4.9980507
2004-01-23 06:00:00,22.5968,2.8867989,13.379301
2004-01-24 06:00:00,21.1568,12.966801,17.264301
2004-01-25 06:00:00,18.9068,12.966801,15.959301
2004-01-26 06:00:00,22.5068,18.2768,20.391798
2004-01-27 06:00:00,23.0468,11.6168,17.339298
2004-01-28 06:00:00,11.436802,2.7967987,7.773054
2004-01-29 06:00:00,5.226801,-4.313202,-0.2669525
2004-01-30 06:00:00,4.5067997,-11.693199,-3.938198
2004-01-31 06:00:00,14.8568,-9.083202,2.4630547
2004-02-01 06:00:00,25.2068,7.2067986,15.798052
2004-02-02 06:00:00,31.3268,20.6168,26.710548
2004-02-03 06:00:00,30.7868,9.186802,24.17555
2004-02-04 06:00:00,21.3368,-0.8931999,11.20805
2004-02-05 06:00:00,27.1868,18.5468,23.9693
2004-02-06 06:00:00,29.1668,22.5968,26.5568
2004-02-07 06:00:00,27.0968,12.4268,21.580551
2004-02-08 06:00:00,24.2168,5.7668,17.796803
2004-02-09 06:00:00,29.8868,20.3468,26.25305
2004-02-10 06:00:00,25.8368,9.3668,19.67555
2004-02-11 06:00:00,33.8468,7.7467995,21.055552
2004-02-12 06:00:00,26.2868,14.8568,21.12305
2004-02-13 06:00:00,26.2868,11.5268,19.9793
2004-02-14 06:00:00,29.3468,17.0168,22.9343
2004-02-15 06:00:00,20.1668,6.0368004,13.476801
2004-02-16 06:00:00,24.7568,-0.62319946,12.940552
2004-02-17 06:00:00,34.1168,10.806799,21.925549
2004-02-18 06:00:00,42.4868,3.6068,26.20055
2004-02-19 06:00:00,40.9568,24.396801,34.8068
2004-02-20 06:00:00,45.4568,33.6668,39.7868
2004-02-21 06:00:00,37.1768,27.9968,32.63555
2004-02-22 06:00:00,44.9168,23.5868,34.5818
2004-02-23 06:00:00,45.3668,34.026802,38.19305
2004-02-24 06:00:00,35.3768,28.3568,32.31305
2004-02-25 06:00:00,37.2668,23.3168,29.8643
2004-02-26 06:00:00,39.8768,26.1968,31.5218
2004-02-27 06:00:00,42.0368,24.7568,32.0018
2004-02-28 06:00:00,53.0168,28.9868,40.0868
2004-02-29 06:00:00,57.1568,36.9968,46.878048
2004-03-01 06:00:00,61.9268,43.2968,50.616802
2004-03-02 06:00:00,50.4968,41.3168,44.676796
2004-03-03 06:00:00,46.8068,34.8368,41.00555
2004-03-04 06:00:00,42.9368,37.6268,40.334297
2004-03-05 06:00:00,59.2268,37.7168,48.516804
2004-03-06 06:00:00,43.2968,32.1368,37.7693
2004-03-07 06:00:00,43.4768,32.4068,39.1268
2004-03-08 06:00:00,40.4168,28.7168,33.31805
2004-03-09 06:00:00,36.9068,25.9268,30.8543
2004-03-10 06:00:00,46.9868,24.396801,36.79055
2004-03-11 06:00:00,41.3168,21.4268,31.3268
2004-03-12 06:00:00,32.6768,16.5668,23.8118
2004-03-13 06:00:00,44.8268,21.4268,33.42305
2004-03-14 06:00:00,44.8268,33.3068,38.901802
2004-03-15 06:00:00,33.8468,26.4668,30.254301
2004-03-16 06:00:00,33.5768,29.5268,31.01555
2004-03-17 06:00:00,39.3368,26.3768,31.7618
2004-03-18 06:00:00,42.756798,25.5668,33.64055
2004-03-19 06:00:00,50.4968,26.8268,39.31805
2004-03-20 06:00:00,58.776802,31.5968,46.97555
2004-03-21 06:00:00,32.3168,23.3168,28.54055
2004-03-22 06:00:00,38.0768,21.8768,30.16055
2004-03-23 06:00:00,56.526802,31.4168,43.3043
2004-03-24 06:00:00,64.0868,43.6568,52.214302
2004-03-25 06:00:00,60.396797,57.1568,58.65305
2004-03-26 06:00:00,67.0568,42.6668,57.91055
2004-03-27 06:00:00,58.596798,40.2368,50.050552
2004-03-28 06:00:00,72.0068,47.6168,59.01305
2004-03-29 06:00:00,59.4968,41.3168,50.1593
2004-03-30 06:00:00,52.2968,36.8168,43.39805
2004-03-31 06:00:00,44.1968,34.5668,38.0018
2004-04-01 06:00:00,45.8168,33.2168,38.0318
2004-04-02 06:00:00,50.4968,33.3068,40.1168
2004-04-03 06:00:00,54.8168,31.8668,42.19055
2004-04-04 06:00:00,42.6668,30.6068,36.0218
2004-04-05 06:00:00,49.2368,27.2768,38.4218
2004-04-06 06:00:00,67.9568,39.6068,53.18555
2004-04-07 06:00:00,58.506798,39.9668,48.171803
2004-04-08 06:00:00,51.936802,40.506798,46.9793
2004-04-09 06:00:00,53.5568,33.8468,43.9718
2004-04-10 06:00:00,51.4868,34.6568,41.03555
2004-04-11 06:00:00,41.136803,32.0468,35.7443
2004-04-12 06:00:00,40.0568,32.0468,35.1743
2004-04-13 06:00:00,44.0168,32.4068,37.45805
2004-04-14 06:00:00,64.3568,29.1668,49.105553
2004-04-15 06:00:00,71.0168,45.3668,58.904297
2004-04-16 06:00:00,77.6768,55.4468,65.67305
2004-04-17 06:00:00,72.1868,48.7868,60.490547
2004-04-18 06:00:00,80.8268,56.6168,71.316795
2004-04-19 06:00:00,71.1068,46.9868,62.905552
2004-04-20 06:00:00,61.2068,44.4668,52.401802
2004-04-21 06:00:00,63.4568,47.9768,57.528053
2004-04-22 06:00:00,53.1068,40.506798,45.6743
2004-04-23 06:00:00,59.9468,39.5168,49.67555
2004-04-24 06:00:00,53.2868,39.8768,47.56805
2004-04-25 06:00:00,61.1168,47.6168,54.8243
2004-04-26 06:00:00,59.136803,44.1968,50.6093
2004-04-27 06:00:00,49.686802,36.9968,44.27555
2004-04-28 06:00:00,75.5168,44.9168,61.6043
2004-04-29 06:00:00,74.7068,58.506798,66.5093
2004-04-30 06:00:00,59.0468,42.2168,52.64555
2004-05-01 06:00:00,47.9768,42.1268,44.609303
2004-05-02 06:00:00,48.6068,37.8968,43.184303
2004-05-03 06:00:00,50.8568,33.5768,43.1018
2004-05-04 06:00:00,67.0568,42.2168,55.78805
2004-05-05 06:00:00,62.646797,42.756798,53.5943
2004-05-06 06:00:00,81.0968,54.5468,66.6443
2004-05-07 06:00:00,53.7368,49.0568,51.081802
2004-05-08 06:00:00,79.386795,52.026802,64.56305
2004-05-09 06:00:00,82.6268,53.2868,68.14805
2004-05-10 06:00:00,79.2968,60.0368,69.2693
2004-05-11 06:00:00,77.496796,53.9168,66.10805
2004-05-12 06:00:00,81.636795,66.3368,73.105545
2004-05-13 06:00:00,77.8568,66.246796,70.615555
2004-05-14 06:00:00,65.7968,49.8668,57.153053
2004-05-15 06:00:00,53.2868,43.9268,49.89305
2004-05-16 06:00:00,67.1468,45.276802,57.3368
2004-05-17 06:00:00,77.4068,58.4168,67.99805
2004-05-18 06:00:00,65.9768,50.6768,56.5418
2004-05-19 06:00:00,69.666794,50.2268,61.94555
2004-05-20 06:00:00,82.6268,66.066795,73.773056
2004-05-21 06:00:00,78.4868,56.9768,66.08555
2004-05-22 06:00:00,80.1068,56.526802,69.50931
2004-05-23 06:00:00,78.0368,56.3468,68.5493
2004-05-24 06:00:00,63.1868,51.6668,57.59555
2004-05-25 06:00:00,71.6468,50.3168,61.0193
2004-05-26 06:00:00,64.9868,52.1168,58.54805
2004-05-27 06:00:00,78.3968,53.6468,65.85305
2004-05-28 06:00:00,58.0568,49.686802,53.7818
2004-05-29 06:00:00,67.0568,49.686802,58.923054
2004-05-30 06:00:00,72.2768,61.3868,66.72305
2004-05-31 06:00:00,67.8668,62.1968,65.511795
2004-06-01 06:00:00,72.0068,58.4168,64.7843
2004-06-02 06:00:00,64.0868,55.7168,60.078045
2004-06-03 06:00:00,65.7068,53.1068,58.956802
2004-06-04 06:00:00,69.0368,50.5868,60.141804
2004-06-05 06:00:00,74.7068,53.0168,65.56055
2004-06-06 06:00:00,80.1068,62.916798,71.4818
2004-06-07 06:00:00,83.886795,64.0868,74.7068
2004-06-08 06:00:00,87.5768,70.8368,78.62556
2004-06-09 06:00:00,83.346794,71.5568,77.241806
2004-06-10 06:00:00,72.7268,67.5968,69.8393
2004-06-11 06:00:00,77.6768,66.246796,70.668045
2004-06-12 06:00:00,78.9368,66.3368,71.9618
2004-06-13 06:00:00,79.746796,67.9568,73.7618
2004-06-14 06:00:00,81.816795,66.5168,73.63805
2004-06-15 06:00:00,78.0368,65.2568,71.08804
2004-06-16 06:00:00,81.9068,66.4268,75.291794
2004-06-17 06:00:00,78.8468,64.6268,71.9543
2004-06-18 06:00:00,78.2168,62.646797,69.45305
2004-06-19 06:00:00,64.8068,55.8968,60.22805
2004-06-20 06:00:00,71.2868,48.9668,61.491802
2004-06-21 06:00:00,66.4268,59.9468,62.97305
2004-06-22 06:00:00,72.0068,58.2368,64.93805
2004-06-23 06:00:00,79.6568,58.3268,69.25055
2004-06-24 06:00:00,67.0568,52.5668,60.659298
2004-06-25 06:00:00,69.5768,50.136803,61.30055
2004-06-26 06:00:00,71.5568,55.8068,64.59305
2004-06-27 06:00:00,75.246796,55.7168,67.2743
2004-06-28 06:00:00,71.2868,59.6768,65.6168
2004-06-29 06:00:00,78.0368,58.3268,68.98805
2004-06-30 06:00:00,80.916794,61.3868,71.97305
2004-07-01 06:00:00,82.4468,62.1068,72.715546
2004-07-02 06:00:00,80.1068,66.1568,73.15805
2004-07-03 06:00:00,82.9868,70.1168,74.03555
2004-07-04 06:00:00,79.746796,68.5868,74.05805
2004-07-05 06:00:00,74.166794,65.886795,69.385544
2004-07-06 06:00:00,82.8968,67.1468,73.22555
2004-07-07 06:00:00,67.8668,62.1968,65.459305
2004-07-08 06:00:00,74.2568,56.3468,65.819305
2004-07-09 06:00:00,74.886795,62.016796,68.65054
2004-07-10 06:00:00,78.4868,67.8668,72.22804
2004-07-11 06:00:00,84.5168,65.7968,76.2293
2004-07-12 06:00:00,83.9768,71.1968,77.035545
2004-07-13 06:00:00,83.5268,66.6968,77.05055
2004-07-14 06:00:00,76.5968,66.7868,71.53805
2004-07-15 06:00:00,80.916794,62.3768,72.59555
2004-07-16 06:00:00,78.2168,65.7968,71.448044
2004-07-17 06:00:00,73.7168,65.7968,69.3068
2004-07-18 06:00:00,75.6068,65.166794,70.60805
2004-07-19 06:00:00,80.8268,62.1968,72.26555
2004-07-20 06:00:00,85.3268,68.316795,76.739296
2004-07-21 06:00:00,88.566795,72.7268,78.3368
2004-07-22 06:00:00,88.386795,71.2868,76.78055
2004-07-23 06:00:00,70.746796,64.8968,67.7018
2004-07-24 06:00:00,69.666794,62.916798,66.224304
2004-07-25 06:00:00,70.4768,61.7468,66.83555
2004-07-26 06:00:00,72.4568,61.1168,66.8768
2004-07-27 06:00:00,76.3268,61.026802,69.1193
2004-07-28 06:00:00,80.2868,60.4868,71.61305
2004-07-29 06:00:00,79.386795,64.4468,72.29929
2004-07-30 06:00:00,75.5168,66.8768,70.84055
2004-07-31 06:00:00,80.2868,64.2668,72.2993
2004-08-01 06:00:00,85.8668,62.8268,75.36305
2004-08-02 06:00:00,86.2268,70.2068,78.3593
2004-08-03 06:00:00,85.6868,72.3668,78.7943
2004-08-04 06:00:00,75.246796,67.2368,70.11305
2004-08-05 06:00:00,69.1268,61.4768,65.6018
2004-08-06 06:00:00,72.4568,58.686802,65.76305
2004-08-07 06:00:00,75.3368,57.3368,67.92305
2004-08-08 06:00:00,78.0368,63.006798,70.5143
2004-08-09 06:00:00,81.9068,66.9668,72.340546
2004-08-10 06:00:00,68.6768,61.6568,64.769295
2004-08-11 06:00:00,62.736797,54.636803,59.373055
2004-08-12 06:00:00,60.396797,51.3968,57.07055
2004-08-13 06:00:00,67.6868,56.6168,61.349297
2004-08-14 06:00:00,67.8668,55.7168,62.00555
2004-08-15 06:00:00,72.636795,54.0968,64.38681
2004-08-16 06:00:00,74.9768,56.0768,66.520546
2004-08-17 06:00:00,79.1168,61.9268,68.64305
2004-08-18 06:00:00,76.9568,62.646797,69.1643
2004-08-19 06:00:00,71.1968,60.756798,65.076805
2004-08-20 06:00:00,71.4668,58.2368,63.23555
2004-08-21 06:00:00,71.5568,57.5168,64.559296
2004-08-22 06:00:00,79.566795,54.9968,68.52305
2004-08-23 06:00:00,78.9368,65.5268,71.920555
2004-08-24 06:00:00,79.4768,67.416794,72.0968
2004-08-25 06:00:00,78.7568,69.7568,74.5118
2004-08-26 06:00:00,82.1768,70.566795,76.6418
2004-08-27 06:00:00,81.7268,72.4568,77.37305
2004-08-28 06:00:00,73.1768,64.4468,70.05305
2004-08-29 06:00:00,68.2268,59.136803,63.779297
2004-08-30 06:00:00,74.2568,53.4668,65.5343
2004-08-31 06:00:00,77.6768,61.1168,69.42305
2004-09-01 06:00:00,79.1168,60.1268,70.3193
2004-09-02 06:00:00,81.1868,65.6168,73.4843
2004-09-03 06:00:00,80.2868,66.066795,72.948044
2004-09-04 06:00:00,81.5468,63.5468,73.4093
2004-09-05 06:00:00,82.9868,68.7668,75.8393
2004-09-06 06:00:00,79.566795,64.8968,73.4618
2004-09-07 06:00:00,70.566795,60.3068,65.474304
2004-09-08 06:00:00,67.9568,61.6568,64.32305
2004-09-09 06:00:00,70.0268,59.4968,64.71305
2004-09-10 06:00:00,76.8668,53.9168,66.569305
2004-09-11 06:00:00,80.916794,60.846798,70.28181
2004-09-12 06:00:00,82.7168,61.6568,72.10805
2004-09-13 06:00:00,81.996796,63.4568,73.38305
2004-09-14 06:00:00,82.4468,67.5068,74.8193
2004-09-15 06:00:00,83.4368,69.8468,75.839294
2004-09-16 06:00:00,71.2868,62.466797,66.92555
2004-09-17 06:00:00,68.2268,59.0468,63.97805
2004-09-18 06:00:00,73.4468,56.436802,65.44055
2004-09-19 06:00:00,74.886795,59.2268,66.76805
2004-09-20 06:00:00,74.9768,56.256798,65.78555
2004-09-21 06:00:00,79.566795,58.146797,68.459305
2004-09-22 06:00:00,79.566795,55.8068,68.583046
2004-09-23 06:00:00,82.0868,60.396797,71.98805
2004-09-24 06:00:00,79.386795,63.816795,70.8443
2004-09-25 06:00:00,69.9368,57.6068,64.16556
2004-09-26 06:00:00,69.7568,56.436802,62.4818
2004-09-27 06:00:00,73.1768,50.3168,62.92055
2004-09-28 06:00:00,62.916798,57.4268,60.4793
2004-09-29 06:00:00,63.816795,54.186802,58.93055
2004-09-30 06:00:00,68.7668,45.3668,57.62555
2004-10-01 06:00:00,72.7268,52.8368,62.0843
2004-10-02 06:00:00,59.5868,42.2168,50.136803
2004-10-03 06:00:00,66.5168,42.3068,54.756798
2004-10-04 06:00:00,58.506798,45.3668,51.7493
2004-10-05 06:00:00,58.2368,38.7968,49.068047
2004-10-06 06:00:00,71.4668,46.5368,57.70055
2004-10-07 06:00:00,73.8968,51.1268,62.283047
2004-10-08 06:00:00,65.886795,61.2968,63.734303
2004-10-09 06:00:00,67.2368,50.0468,58.128048
2004-10-10 06:00:00,60.2168,46.9868,53.76305
2004-10-11 06:00:00,59.7668,49.776802,54.231796
2004-10-12 06:00:00,58.3268,50.0468,54.438053
2004-10-13 06:00:00,62.286797,49.1468,56.2568
2004-10-14 06:00:00,59.3168,49.506798,54.0143
2004-10-15 06:00:00,50.9468,45.186802,48.4418
2004-10-16 06:00:00,48.6968,39.5168,43.3418
2004-10-17 06:00:00,51.3068,34.4768,41.894302
2004-10-18 06:00:00,48.5168,39.4268,45.83555
2004-10-19 06:00:00,52.026802,46.8068,49.65305
2004-10-20 06:00:00,54.8168,49.686802,51.738052
2004-10-21 06:00:00,55.9868,50.3168,52.368053
2004-10-22 06:00:00,61.6568,47.7968,55.3568
2004-10-23 06:00:00,72.1868,56.1668,61.23305
2004-10-24 06:00:00,63.5468,47.9768,55.92305
2004-10-25 06:00:00,70.8368,45.636803,56.778046
2004-10-26 06:00:00,63.5468,56.0768,58.480553
2004-10-27 06:00:00,62.3768,54.5468,57.186802
2004-10-28 06:00:00,63.816795,49.5968,57.41555
2004-10-29 06:00:00,75.4268,61.9268,68.42555
2004-10-30 06:00:00,67.8668,52.2968,58.13555
2004-10-31 06:00:00,54.276802,47.526802,50.2643
2004-11-01 06:00:00,49.2368,47.7068,48.39305
2004-11-02 06:00:00,50.2268,46.3568,48.078053
2004-11-03 06:00:00,50.2268,44.2868,47.2868
2004-11-04 06:00:00,50.8568,43.4768,46.66055
2004-11-05 06:00:00,52.8368,37.8968,45.4793
2004-11-06 06:00:00,62.286797,43.7468,51.625553
2004-11-07 06:00:00,55.7168,41.5868,50.526802
2004-11-08 06:00:00,45.4568,35.4668,40.285553
2004-11-09 06:00:00,50.7668,34.4768,43.379303
2004-11-10 06:00:00,59.136803,44.4668,51.25805
2004-11-11 06:00:00,50.5868,38.6168,42.925552
2004-11-12 06:00:00,44.8268,36.8168,39.74555
2004-11-13 06:00:00,44.2868,34.8368,38.7968
2004-11-14 06:00:00,46.9868,31.4168,39.3368
2004-11-15 06:00:00,48.6968,35.1968,41.89055
2004-11-16 06:00:00,54.636803,45.3668,50.32055
2004-11-17 06:00:00,61.6568,51.756798,57.130554
2004-11-18 06:00:00,61.1168,51.1268,56.8868
2004-11-19 06:00:00,54.3668,50.3168,52.428047
2004-11-20 06:00:00,53.2868,44.3768,49.7093
2004-11-21 06:00:00,45.186802,33.8468,40.96055
2004-11-22 06:00:00,46.9868,32.7668,40.9343
2004-11-23 06:00:00,51.1268,40.9568,46.030552
2004-11-24 06:00:00,42.0368,32.8568,38.065548
2004-11-25 06:00:00,31.6868,22.236801,26.695549
2004-11-26 06:00:00,42.3968,22.8668,34.9868
2004-11-27 06:00:00,46.3568,36.6368,42.8918
2004-11-28 06:00:00,41.6768,32.7668,36.68555
2004-11-29 06:00:00,40.9568,34.1168,37.14305
2004-11-30 06:00:00,39.9668,34.8368,37.4318
2004-12-01 06:00:00,34.9268,23.9468,29.4368
2004-12-02 06:00:00,37.8968,27.5468,32.20805
2004-12-03 06:00:00,35.2868,27.0068,31.56305
2004-12-04 06:00:00,45.276802,33.2168,37.88555
2004-12-05 06:00:00,45.186802,31.2368,39.4493
2004-12-06 06:00:00,48.2468,40.2368,44.31305
2004-12-07 06:00:00,48.6968,40.326797,45.175552
2004-12-08 06:00:00,42.6668,36.4568,39.5318
2004-12-09 06:00:00,48.9668,37.5368,43.026802
2004-12-10 06:00:00,45.276802,38.4368,42.370552
2004-12-11 06:00:00,37.6268,31.2368,34.5218
2004-12-12 06:00:00,44.2868,30.6968,36.82055
2004-12-13 06:00:00,29.4368,24.396801,27.381802
2004-12-14 06:00:00,26.1968,17.1968,21.52805
2004-12-15 06:00:00,36.4568,19.4468,27.24305
2004-12-16 06:00:00,40.506798,30.7868,34.3493
2004-12-17 06:00:00,33.3968,24.486801,28.7843
2004-12-18 06:00:00,38.4368,23.0468,31.96805
2004-12-19 06:00:00,21.0668,7.476801,11.466801
2004-12-20 06:00:00,29.7068,9.0068,18.9668
2004-12-21 06:00:00,36.9968,18.0968,26.4743
2004-12-22 06:00:00,17.2868,10.5368,13.986801
2004-12-23 06:00:00,17.1968,8.2868,12.726801
2004-12-24 06:00:00,11.1668,0.63679886,6.4568005
2004-12-25 06:00:00,23.226799,9.726801,17.020552
2004-12-26 06:00:00,24.306799,16.3868,20.740551
2004-12-27 06:00:00,27.4568,15.486801,21.6968
2004-12-28 06:00:00,39.8768,23.1368,32.14055
2004-12-29 06:00:00,39.6068,27.9968,33.3593
2004-12-30 06:00:00,54.3668,32.4068,42.9293
2004-12-31 06:00:00,53.8268,31.1468,47.46305
2005-01-01 06:00:00,38.0768,27.9968,32.11805
2005-01-02 06:00:00,52.9268,31.2368,43.06055
2005-01-03 06:00:00,34.9268,31.5968,33.54305
2005-01-04 06:00:00,35.1068,30.8768,33.16805
2005-01-05 06:00:00,30.7868,26.1968,28.004301
2005-01-06 06:00:00,27.2768,14.226801,23.815552
2005-01-07 06:00:00,24.7568,9.726801,17.3918
2005-01-08 06:00:00,27.1868,16.0268,21.4043
2005-01-09 06:00:00,36.0968,16.1168,27.75305
2005-01-10 06:00:00,34.4768,23.8568,29.414299
2005-01-11 06:00:00,35.3768,32.0468,33.9818
2005-01-12 06:00:00,58.506798,33.7568,46.113052
2005-01-13 06:00:00,45.3668,16.7468,30.81305
2005-01-14 06:00:00,14.226801,5.8568,10.345549
2005-01-15 06:00:00,16.6568,5.4967995,10.776802
2005-01-16 06:00:00,15.216801,7.0268,10.435551
2005-01-17 06:00:00,9.816799,1.8067989,5.5980473
2005-01-18 06:00:00,22.4168,3.4267998,12.494301
2005-01-19 06:00:00,33.8468,22.6868,28.7168
2005-01-20 06:00:00,27.726799,20.976799,25.17305
2005-01-21 06:00:00,22.956799,16.836802,19.844301
2005-01-22 06:00:00,22.056799,9.0968,16.484299
2005-01-23 06:00:00,19.1768,3.2467995,10.2293
2005-01-24 06:00:00,30.2468,13.956799,22.42055
2005-01-25 06:00:00,37.2668,16.9268,28.1768
2005-01-26 06:00:00,33.5768,18.6368,24.7493
2005-01-27 06:00:00,19.2668,5.9467983,14.0468025
2005-01-28 06:00:00,22.8668,3.2467995,13.836802
2005-01-29 06:00:00,32.4068,17.736801,25.14305
2005-01-30 06:00:00,32.3168,19.1768,27.13805
2005-01-31 06:00:00,32.4968,13.326801,22.859299
2005-02-01 06:00:00,33.1268,18.5468,26.5943
2005-02-02 06:00:00,32.6768,16.2968,24.205551
2005-02-03 06:00:00,42.0368,11.1668,27.584301
2005-02-04 06:00:00,47.256798,18.7268,34.1543
2005-02-05 06:00:00,54.4568,32.5868,41.86055
2005-02-06 06:00:00,47.256798,37.8968,42.276802
2005-02-07 06:00:00,45.276802,31.7768,40.308052
2005-02-08 06:00:00,30.8768,23.1368,26.8043
2005-02-09 06:00:00,30.6068,21.7868,25.383049
2005-02-10 06:00:00,32.4068,21.4268,25.488049
2005-02-11 06:00:00,41.5868,23.3168,31.06055
2005-02-12 06:00:00,47.1668,30.5168,36.16055
2005-02-13 06:00:00,41.0468,32.1368,36.79055
2005-02-14 06:00:00,47.436802,36.7268,41.84555
2005-02-15 06:00:00,41.6768,31.9568,35.7968
2005-02-16 06:00:00,35.1968,24.2168,29.3768
2005-02-17 06:00:00,26.5568,19.086802,23.751799
2005-02-18 06:00:00,26.2868,10.986801,18.77555
2005-02-19 06:00:00,41.136803,21.8768,30.00305
2005-02-20 06:00:00,36.4568,30.3368,33.1343
2005-02-21 06:00:00,37.8068,30.6068,33.5168
2005-02-22 06:00:00,33.8468,24.396801,30.2843
2005-02-23 06:00:00,36.9068,23.226799,29.69555
2005-02-24 06:00:00,35.4668,24.396801,29.598051
2005-02-25 06:00:00,41.6768,26.646801,33.34055
2005-02-26 06:00:00,31.3268,22.236801,25.9943
2005-02-27 06:00:00,40.0568,25.2968,32.3918
2005-02-28 06:00:00,35.4668,26.2868,30.81305
2005-03-01 06:00:00,25.6568,18.9068,22.67555
2005-03-02 06:00:00,24.6668,13.686802,18.8393
2005-03-03 06:00:00,33.3068,20.4368,25.4243
2005-03-04 06:00:00,43.386803,24.9368,33.4268
2005-03-05 06:00:00,43.2068,26.8268,34.44305
2005-03-06 06:00:00,59.7668,35.1968,48.15305
2005-03-07 06:00:00,53.7368,20.706799,40.0493
2005-03-08 06:00:00,30.5168,15.7568,22.44305
2005-03-09 06:00:00,30.5168,19.2668,24.5168
2005-03-10 06:00:00,36.1868,23.3168,29.3768
2005-03-11 06:00:00,36.5468,25.9268,31.1093
2005-03-12 06:00:00,31.9568,22.3268,26.4293
2005-03-13 06:00:00,34.1168,18.7268,25.27055
2005-03-14 06:00:00,38.9768,22.956799,30.2543
2005-03-15 06:00:00,40.0568,23.1368,30.4043
2005-03-16 06:00:00,46.8968,26.5568,35.2718
2005-03-17 06:00:00,32.2268,27.3668,29.0093
2005-03-18 06:00:00,43.8368,27.0968,34.8668
2005-03-19 06:00:00,48.4268,31.9568,40.2818
2005-03-20 06:00:00,40.326797,27.9968,33.0218
2005-03-21 06:00:00,36.7268,24.5768,30.34055
2005-03-22 06:00:00,39.0668,28.6268,33.69305
2005-03-23 06:00:00,38.7968,28.5368,33.0368
2005-03-24 06:00:00,47.526802,26.1068,36.64055
2005-03-25 06:00:00,36.1868,30.4268,33.15305
2005-03-26 06:00:00,43.5668,30.4268,35.38055
2005-03-27 06:00:00,46.4468,27.9968,36.66305
2005-03-28 06:00:00,54.5468,29.4368,41.45555
2005-03-29 06:00:00,63.9068,35.1968,50.703053
2005-03-30 06:00:00,70.2968,51.3968,58.495552
2005-03-31 06:00:00,56.3468,44.1068,48.8468
2005-04-01 06:00:00,53.8268,35.0168,43.92305
2005-04-02 06:00:00,51.5768,35.5568,41.0168
2005-04-03 06:00:00,59.6768,29.9768,43.90055
2005-04-04 06:00:00,63.3668,34.6568,50.399303
2005-04-05 06:00:00,73.1768,51.0368,62.37305
2005-04-06 06:00:00,73.7168,51.3968,64.28931
2005-04-07 06:00:00,48.2468,39.1568,43.10555
2005-04-08 06:00:00,55.7168,37.2668,45.7568
2005-04-09 06:00:00,61.2968,40.776802,50.995552
2005-04-10 06:00:00,71.6468,47.9768,58.7693
2005-04-11 06:00:00,68.9468,51.2168,58.754303
2005-04-12 06:00:00,51.0368,43.1168,46.3868
2005-04-13 06:00:00,50.4068,38.3468,43.435547
2005-04-14 06:00:00,56.3468,39.6968,46.5068
2005-04-15 06:00:00,58.8668,36.9068,47.718052
2005-04-16 06:00:00,69.666794,43.8368,56.7518
2005-04-17 06:00:00,72.2768,48.9668,57.8018
2005-04-18 06:00:00,77.316795,46.8068,63.659298
2005-04-19 06:00:00,76.8668,58.686802,67.76555
2005-04-20 06:00:00,65.7068,44.3768,54.2843
2005-04-21 06:00:00,54.276802,41.9468,47.238052
2005-04-22 06:00:00,46.1768,37.1768,42.2318
2005-04-23 06:00:00,41.0468,34.4768,36.58805
2005-04-24 06:00:00,50.7668,34.2068,42.24305
2005-04-25 06:00:00,63.1868,39.4268,51.74555
2005-04-26 06:00:00,55.1768,42.1268,48.13805
2005-04-27 06:00:00,53.0168,39.9668,46.16555
2005-04-28 06:00:00,54.0968,39.1568,44.901802
2005-04-29 06:00:00,52.6568,40.776802,45.7343
2005-04-30 06:00:00,54.4568,34.7468,46.694298
2005-05-01 06:00:00,50.8568,36.0968,44.09555
2005-05-02 06:00:00,45.8168,36.2768,41.4368
2005-05-03 06:00:00,48.7868,34.9268,42.4118
2005-05-04 06:00:00,58.9568,34.9268,48.1193
2005-05-05 06:00:00,65.7968,42.3968,54.925552
2005-05-06 06:00:00,72.816795,49.3268,60.9743
2005-05-07 06:00:00,59.3168,47.9768,53.886803
2005-05-08 06:00:00,79.6568,48.3368,66.79804
2005-05-09 06:00:00,75.6068,62.8268,68.4893
2005-05-10 06:00:00,79.4768,60.396797,69.17555
2005-05-11 06:00:00,60.0368,45.276802,51.081802
2005-05-12 06:00:00,53.7368,44.6468,49.278053
2005-05-13 06:00:00,74.7968,47.436802,59.909298
2005-05-14 06:00:00,64.6268,49.686802,56.89805
2005-05-15 06:00:00,54.186802,45.0968,49.97555
2005-05-16 06:00:00,56.7068,41.0468,50.31305
2005-05-17 06:00:00,68.4068,47.436802,58.05305
2005-05-18 06:00:00,73.7168,55.2668,64.36805
2005-05-19 06:00:00,74.0768,55.6268,62.54555
2005-05-20 06:00:00,64.2668,51.8468,56.91305
2005-05-21 06:00:00,71.5568,49.1468,61.829304
2005-05-22 06:00:00,78.0368,57.6068,67.0793
2005-05-23 06:00:00,66.7868,52.5668,61.02305
2005-05-24 06:00:00,63.096798,50.3168,56.339302
2005-05-25 06:00:00,65.7068,51.3968,59.0018
2005-05-26 06:00:00,71.5568,55.1768,62.7593
2005-05-27 06:00:00,69.4868,54.0968,61.7468
2005-05-28 06:00:00,66.5168,51.0368,59.91305
2005-05-29 06:00:00,69.3968,48.0668,60.831802
2005-05-30 06:00:00,70.746796,52.7468,62.20805
2005-05-31 06:00:00,69.5768,54.276802,61.8518
2005-06-01 06:00:00,76.9568,56.9768,67.33805
2005-06-02 06:00:00,74.7968,61.9268,67.075554
2005-06-03 06:00:00,73.1768,63.096798,67.975555
2005-06-04 06:00:00,87.5768,65.3468,76.4393
2005-06-05 06:00:00,88.0268,73.8968,80.2343
2005-06-06 06:00:00,86.94679,67.6868,77.4668
2005-06-07 06:00:00,90.006805,68.7668,80.530556
2005-06-08 06:00:00,90.7268,72.0068,81.5768
2005-06-09 06:00:00,89.0168,70.2968,79.6118
2005-06-10 06:00:00,87.0368,71.4668,79.17305
2005-06-11 06:00:00,88.4768,72.636795,79.3418
2005-06-12 06:00:00,80.1968,71.916794,75.53929
2005-06-13 06:00:00,86.94679,68.496796,78.47181
2005-06-14 06:00:00,80.2868,69.4868,74.36179
2005-06-15 06:00:00,72.636795,62.736797,67.30805
2005-06-16 06:00:00,77.0468,58.3268,67.64555
2005-06-17 06:00:00,66.5168,58.9568,62.778057
2005-06-18 06:00:00,67.5968,57.5168,63.606804
2005-06-19 06:00:00,76.3268,58.776802,68.29805
2005-06-20 06:00:00,83.346794,60.846798,73.319305
2005-06-21 06:00:00,86.6768,66.1568,75.25056
2005-06-22 06:00:00,80.6468,66.8768,73.2968
2005-06-23 06:00:00,91.356804,65.5268,80.10305
2005-06-24 06:00:00,96.1268,74.4368,86.02429
2005-06-25 06:00:00,86.6768,72.0068,78.708046
2005-06-26 06:00:00,91.9868,70.4768,82.6043
2005-06-27 06:00:00,93.2468,74.2568,84.6743
2005-06-28 06:00:00,89.8268,75.5168,81.3443
2005-06-29 06:00:00,85.1468,72.7268,79.7618
2005-06-30 06:00:00,89.3768,75.1568,82.49555
2005-07-01 06:00:00,75.8768,64.3568,70.2968
2005-07-02 06:00:00,72.996796,61.2068,67.45055
2005-07-03 06:00:00,85.8668,62.8268,75.0968
2005-07-04 06:00:00,80.916794,68.6768,74.669304
2005-07-05 06:00:00,83.2568,65.7968,73.12805
2005-07-06 06:00:00,77.496796,65.3468,71.02429
2005-07-07 06:00:00,77.0468,67.5968,71.80805
2005-07-08 06:00:00,81.3668,65.166794,73.96055
2005-07-09 06:00:00,85.7768,62.466797,75.91055
2005-07-10 06:00:00,88.1168,66.7868,78.7568
2005-07-11 06:00:00,86.496796,68.8568,79.21055
2005-07-12 06:00:00,78.3068,71.1068,74.50056
2005-07-13 06:00:00,82.7168,71.7368,77.00929
2005-07-14 06:00:00,82.8068,72.0068,77.36931
2005-07-15 06:00:00,83.9768,70.386795,77.28305
2005-07-16 06:00:00,87.4868,72.2768,79.38305
2005-07-17 06:00:00,93.7868,71.6468,83.26805
2005-07-18 06:00:00,90.636795,75.7868,81.8993
2005-07-19 06:00:00,88.2068,68.7668,79.45805
2005-07-20 06:00:00,92.256805,69.3068,79.72055
2005-07-21 06:00:00,88.6568,72.0068,79.42055
2005-07-22 06:00:00,81.816795,71.1068,76.39805
2005-07-23 06:00:00,86.496796,68.8568,78.9518
2005-07-24 06:00:00,98.646805,77.6768,87.97804
2005-07-25 06:00:00,93.4268,76.8668,83.69555
2005-07-26 06:00:00,83.166794,67.3268,76.8443
2005-07-27 06:00:00,72.0968,63.006798,67.739296
2005-07-28 06:00:00,77.4068,57.2468,68.62055
2005-07-29 06:00:00,79.9268,62.466797,70.84805
2005-07-30 06:00:00,81.7268,63.5468,74.01305
2005-07-31 06:00:00,86.7668,68.4068,77.7143
2005-08-01 06:00:00,89.5568,68.9468,79.7993
2005-08-02 06:00:00,89.9168,70.6568,81.0818
2005-08-03 06:00:00,91.896805,73.1768,83.32805
2005-08-04 06:00:00,90.0968,77.2268,82.60805
2005-08-05 06:00:00,81.1868,69.8468,75.9143
2005-08-06 06:00:00,83.0768,64.2668,75.569305
2005-08-07 06:00:00,86.496796,64.7168,77.020546
2005-08-08 06:00:00,89.646805,66.4268,79.26681
2005-08-09 06:00:00,92.7068,69.7568,82.011795
2005-08-10 06:00:00,86.496796,71.4668,78.69305
2005-08-11 06:00:00,81.0068,72.636795,76.6718
2005-08-12 06:00:00,84.4268,71.1968,76.9343
2005-08-13 06:00:00,77.496796,70.6568,72.8393
2005-08-14 06:00:00,76.1468,65.886795,71.5343
2005-08-15 06:00:00,79.746796,64.1768,72.68181
2005-08-16 06:00:00,81.1868,65.0768,73.6268
2005-08-17 06:00:00,82.5368,64.0868,74.8643
2005-08-18 06:00:00,84.9668,70.9268,77.4218
2005-08-19 06:00:00,87.0368,69.0368,77.94305
2005-08-20 06:00:00,84.4268,71.916794,77.0768
2005-08-21 06:00:00,80.3768,67.2368,73.5593
2005-08-22 06:00:00,70.2068,64.7168,67.43555
2005-08-23 06:00:00,70.2968,63.4568,67.05305
2005-08-24 06:00:00,75.3368,63.276802,69.4718
2005-08-25 06:00:00,76.6868,65.5268,71.0693
2005-08-26 06:00:00,83.4368,66.3368,75.04054
2005-08-27 06:00:00,83.166794,69.2168,75.565544
2005-08-28 06:00:00,83.7068,67.7768,75.483055
2005-08-29 06:00:00,83.5268,66.7868,75.3518
2005-08-30 06:00:00,79.2068,65.2568,72.5168
2005-08-31 06:00:00,75.246796,65.6168,69.8618
2005-09-01 06:00:00,83.4368,65.5268,73.75055
2005-09-02 06:00:00,81.5468,63.9968,72.52431
2005-09-03 06:00:00,78.1268,62.916798,69.6293
2005-09-04 06:00:00,79.566795,60.0368,69.8543
2005-09-05 06:00:00,85.0568,64.9868,74.94679
2005-09-06 06:00:00,84.246796,66.066795,75.22806
2005-09-07 06:00:00,87.666794,67.9568,77.519295
2005-09-08 06:00:00,80.4668,68.8568,73.71304
2005-09-09 06:00:00,83.7968,66.246796,75.40805
2005-09-10 06:00:00,88.6568,69.9368,79.214294
2005-09-11 06:00:00,90.0968,72.0968,81.059296
2005-09-12 06:00:00,89.646805,74.5268,81.31805
2005-09-13 06:00:00,91.896805,74.5268,81.903046
2005-09-14 06:00:00,74.6168,64.9868,69.741806
2005-09-15 06:00:00,71.4668,62.016796,66.93305
2005-09-16 06:00:00,68.6768,58.776802,64.2968
2005-09-17 06:00:00,74.5268,55.5368,65.6768
2005-09-18 06:00:00,80.6468,60.9368,70.48805
2005-09-19 06:00:00,83.7968,66.3368,72.715546
2005-09-20 06:00:00,80.1968,62.8268,71.2868
2005-09-21 06:00:00,84.4268,63.276802,73.38306
2005-09-22 06:00:00,87.1268,67.5068,73.89305
2005-09-23 06:00:00,67.416794,63.096798,65.50055
2005-09-24 06:00:00,72.9068,61.2968,67.33805
2005-09-25 06:00:00,76.8668,66.9668,71.02055
2005-09-26 06:00:00,69.666794,61.566795,65.388054
2005-09-27 06:00:00,72.9068,54.5468,63.81305
2005-09-28 06:00:00,74.166794,53.0168,62.8418
2005-09-29 06:00:00,60.4868,47.886803,53.901802
2005-09-30 06:00:00,68.496796,47.9768,58.13555
2005-10-01 06:00:00,76.416794,54.0968,64.88555
2005-10-02 06:00:00,82.4468,59.9468,71.05805
2005-10-03 06:00:00,85.1468,69.5768,76.50305
2005-10-04 06:00:00,85.3268,69.5768,76.833046
2005-10-05 06:00:00,83.7968,69.9368,76.536804
2005-10-06 06:00:00,72.4568,50.136803,56.545555
2005-10-07 06:00:00,54.9968,47.526802,51.3968
2005-10-08 06:00:00,53.8268,49.0568,51.411804
2005-10-09 06:00:00,57.2468,50.136803,53.778053
2005-10-10 06:00:00,60.6668,53.4668,56.98805
2005-10-11 06:00:00,61.8368,56.256798,58.78805
2005-10-12 06:00:00,63.6368,57.4268,59.9768
2005-10-13 06:00:00,70.9268,54.9968,62.86055
2005-10-14 06:00:00,74.2568,52.8368,63.65555
2005-10-15 06:00:00,65.886795,53.5568,59.133053
2005-10-16 06:00:00,60.4868,48.6068,53.71805
2005-10-17 06:00:00,70.8368,47.0768,57.18305
2005-10-18 06:00:00,70.9268,51.8468,61.0043
2005-10-19 06:00:00,62.1068,51.756798,56.3468
2005-10-20 06:00:00,54.3668,49.5968,52.499302
2005-10-21 06:00:00,57.2468,49.686802,52.776802
2005-10-22 06:00:00,53.1068,44.3768,48.9893
2005-10-23 06:00:00,49.776802,39.8768,44.418053
2005-10-24 06:00:00,48.5168,43.026802,45.39305
2005-10-25 06:00:00,50.5868,42.1268,46.023052
2005-10-26 06:00:00,51.2168,42.3968,46.116802
2005-10-27 06:00:00,51.0368,40.9568,45.3968
2005-10-28 06:00:00,54.3668,38.7968,46.1018
2005-10-29 06:00:00,59.136803,38.2568,48.0218
2005-10-30 06:00:00,62.1968,43.6568,52.769302
2005-10-31 06:00:00,60.6668,50.0468,55.0943
2005-11-01 06:00:00,55.2668,40.9568,48.7343
2005-11-02 06:00:00,63.1868,42.1268,53.0243
2005-11-03 06:00:00,67.2368,55.2668,60.8168
2005-11-04 06:00:00,68.496796,52.8368,60.933052
2005-11-05 06:00:00,61.6568,51.1268,55.206802
2005-11-06 06:00:00,59.8568,44.1968,49.8293
2005-11-07 06:00:00,61.9268,41.4968,50.8643
2005-11-08 06:00:00,60.2168,46.8968,54.17555
2005-11-09 06:00:00,64.6268,42.576797,53.703053
2005-11-10 06:00:00,47.0768,35.2868,40.7543
2005-11-11 06:00:00,57.5168,37.3568,47.02055
2005-11-12 06:00:00,62.916798,47.7968,55.02305
2005-11-13 06:00:00,62.5568,40.776802,50.81555
2005-11-14 06:00:00,47.256798,36.8168,42.1418
2005-11-15 06:00:00,48.2468,40.2368,45.00305
2005-11-16 06:00:00,39.0668,24.7568,29.86805
2005-11-17 06:00:00,26.0168,17.4668,21.629301
2005-11-18 06:00:00,38.2568,21.3368,30.44555
2005-11-19 06:00:00,51.5768,33.0368,40.870552
2005-11-20 06:00:00,46.9868,32.1368,39.68555
2005-11-21 06:00:00,47.256798,34.7468,40.566803
2005-11-22 06:00:00,37.0868,28.3568,33.7793
2005-11-23 06:00:00,44.8268,30.8768,37.2968
2005-11-24 06:00:00,38.2568,18.0968,22.484303
2005-11-25 06:00:00,26.916801,17.0168,22.015549
2005-11-26 06:00:00,41.4068,25.1168,32.88305
2005-11-27 06:00:00,52.8368,38.9768,46.581802
2005-11-28 06:00:00,57.7868,44.5568,52.930553
2005-11-29 06:00:00,43.1168,27.8168,32.3843
2005-11-30 06:00:00,30.3368,25.0268,26.96555
2005-12-01 06:00:00,30.3368,23.1368,26.89055
2005-12-02 06:00:00,23.226799,14.7668,19.570549
2005-12-03 06:00:00,29.7968,20.6168,25.9343
2005-12-04 06:00:00,27.3668,16.4768,23.87555
2005-12-05 06:00:00,18.7268,8.1068,13.071802
2005-12-06 06:00:00,20.0768,8.1968,13.068054
2005-12-07 06:00:00,16.836802,3.1567993,10.07555
2005-12-08 06:00:00,26.3768,11.076801,20.676802
2005-12-09 06:00:00,27.726799,9.546801,17.204302
2005-12-10 06:00:00,30.6968,11.1668,20.8868
2005-12-11 06:00:00,30.6068,17.0168,24.7493
2005-12-12 06:00:00,27.3668,14.406799,19.098051
2005-12-13 06:00:00,26.2868,14.046801,19.3043
2005-12-14 06:00:00,33.5768,20.8868,28.31555
2005-12-15 06:00:00,34.6568,23.0468,30.3443
2005-12-16 06:00:00,23.226799,14.7668,19.17305
2005-12-17 06:00:00,19.7168,7.9268,14.031801
2005-12-18 06:00:00,14.136801,4.4167995,7.855551
2005-12-19 06:00:00,8.736801,-1.3432007,3.726801
2005-12-20 06:00:00,20.8868,5.0467987,12.299303
2005-12-21 06:00:00,20.3468,6.486801,11.4818
2005-12-22 06:00:00,35.9168,7.1168003,26.38055
2005-12-23 06:00:00,41.8568,35.4668,37.5593
2005-12-24 06:00:00,39.1568,32.6768,35.59805
2005-12-25 06:00:00,36.0068,32.3168,34.5893
2005-12-26 06:00:00,37.3568,30.2468,32.78555
2005-12-27 06:00:00,43.8368,29.8868,34.57805
2005-12-28 06:00:00,37.2668,33.3068,35.4893
2005-12-29 06:00:00,36.7268,32.4968,34.3268
2005-12-30 06:00:00,38.8868,32.0468,34.41305
2005-12-31 06:00:00,38.3468,31.4168,34.19555
2006-01-01 06:00:00,41.4068,28.6268,36.13055
2006-01-02 06:00:00,40.5968,37.9868,39.5018
2006-01-03 06:00:00,41.7668,36.6368,39.06305
2006-01-04 06:00:00,41.0468,36.0968,39.40055
2006-01-05 06:00:00,36.3668,29.9768,33.91055
2006-01-06 06:00:00,32.2268,27.636799,29.59055
2006-01-07 06:00:00,39.7868,28.6268,32.6468
2006-01-08 06:00:00,42.8468,29.1668,35.2343
2006-01-09 06:00:00,38.2568,31.2368,34.1018
2006-01-10 06:00:00,37.7168,28.0868,33.2393
2006-01-11 06:00:00,39.9668,35.3768,37.63055
2006-01-12 06:00:00,53.1068,37.2668,43.983047
2006-01-13 06:00:00,45.006798,30.1568,37.0493
2006-01-14 06:00:00,34.2068,26.2868,29.883049
2006-01-15 06:00:00,39.6968,28.0868,33.36305
2006-01-16 06:00:00,45.006798,30.6968,36.6968
2006-01-17 06:00:00,38.9768,28.0868,33.92555
2006-01-18 06:00:00,32.4068,24.5768,28.2293
2006-01-19 06:00:00,52.386803,31.3268,41.34305
2006-01-20 06:00:00,42.2168,31.8668,34.93055
2006-01-21 06:00:00,32.5868,16.206799,26.2118
2006-01-22 06:00:00,36.1868,13.5068,23.939299
2006-01-23 06:00:00,29.0768,17.0168,24.5093
2006-01-24 06:00:00,38.1668,27.3668,33.44555
2006-01-25 06:00:00,32.5868,22.4168,29.1743
2006-01-26 06:00:00,38.7068,18.456799,29.8343
2006-01-27 06:00:00,48.5168,31.4168,38.9918
2006-01-28 06:00:00,49.506798,37.6268,44.1143
2006-01-29 06:00:00,47.526802,38.6168,44.433052
2006-01-30 06:00:00,38.4368,31.5068,34.5293
2006-01-31 06:00:00,37.8968,30.6068,33.25055
2006-02-01 06:00:00,48.0668,33.8468,40.39805
2006-02-02 06:00:00,41.9468,29.7968,35.47055
2006-02-03 06:00:00,45.0968,30.9668,36.45305
2006-02-04 06:00:00,31.9568,24.9368,29.5943
2006-02-05 06:00:00,32.2268,22.7768,26.324299
2006-02-06 06:00:00,33.8468,21.6968,26.57555
2006-02-07 06:00:00,32.3168,22.5068,25.90805
2006-02-08 06:00:00,29.7068,23.1368,25.983051
2006-02-09 06:00:00,32.4068,18.0068,25.671799
2006-02-10 06:00:00,39.1568,24.8468,30.31805
2006-02-11 06:00:00,35.1968,24.1268,28.8893
2006-02-12 06:00:00,32.1368,22.8668,26.83805
2006-02-13 06:00:00,35.5568,17.1068,26.0993
2006-02-14 06:00:00,50.4968,25.6568,36.96305
2006-02-15 06:00:00,40.326797,31.2368,34.1468
2006-02-16 06:00:00,35.1968,19.5368,30.52805
2006-02-17 06:00:00,25.2968,5.316799,18.8093
2006-02-18 06:00:00,9.3668,-8.003201,1.5817986
2006-02-19 06:00:00,21.5168,3.9668007,13.131802
2006-02-20 06:00:00,32.7668,13.956799,23.178051
2006-02-21 06:00:00,37.8068,22.3268,28.26305
2006-02-22 06:00:00,45.3668,26.736801,35.04305
2006-02-23 06:00:00,40.1468,25.7468,32.37305
2006-02-24 06:00:00,43.8368,22.6868,33.4268
2006-02-25 06:00:00,40.5968,23.1368,30.0968
2006-02-26 06:00:00,34.026802,18.8168,26.226799
2006-02-27 06:00:00,35.2868,23.0468,29.35805
2006-02-28 06:00:00,36.1868,23.226799,28.8368
2006-03-01 06:00:00,38.6168,28.4468,33.5918
2006-03-02 06:00:00,35.1968,25.8368,31.9343
2006-03-03 06:00:00,33.8468,22.4168,26.7593
2006-03-04 06:00:00,36.8168,22.7768,27.6068
2006-03-05 06:00:00,32.3168,24.2168,29.26805
2006-03-06 06:00:00,34.9268,27.9068,31.45805
2006-03-07 06:00:00,40.2368,21.8768,32.8643
2006-03-08 06:00:00,54.3668,36.4568,45.4793
2006-03-09 06:00:00,57.0668,35.4668,49.2068
2006-03-10 06:00:00,52.2068,35.1968,42.4343
2006-03-11 06:00:00,64.4468,40.2368,51.14555
2006-03-12 06:00:00,56.9768,38.9768,45.52805
2006-03-13 06:00:00,63.006798,33.6668,51.2393
2006-03-14 06:00:00,39.8768,28.3568,33.70805
2006-03-15 06:00:00,42.1268,25.9268,33.2618
2006-03-16 06:00:00,36.1868,30.9668,33.3818
2006-03-17 06:00:00,35.4668,26.1968,29.9243
2006-03-18 06:00:00,37.6268,24.5768,29.6993
2006-03-19 06:00:00,41.136803,26.646801,31.96805
2006-03-20 06:00:00,34.2968,27.726799,30.7118
2006-03-21 06:00:00,31.3268,26.3768,28.24805
2006-03-22 06:00:00,45.8168,25.5668,34.679302
2006-03-23 06:00:00,41.2268,29.7968,34.82555
2006-03-24 06:00:00,38.8868,28.4468,33.10055
2006-03-25 06:00:00,41.6768,27.9968,34.7093
2006-03-26 06:00:00,42.756798,27.636799,34.6418
2006-03-27 06:00:00,49.0568,26.646801,38.14805
2006-03-28 06:00:00,44.1068,35.3768,39.756798
2006-03-29 06:00:00,50.3168,33.4868,43.1243
2006-03-30 06:00:00,66.6068,39.4268,54.0368
2006-03-31 06:00:00,65.166794,48.3368,58.169296
2006-04-01 06:00:00,47.7068,37.3568,43.683052
2006-04-02 06:00:00,60.1268,35.9168,48.3293
2006-04-03 06:00:00,57.1568,38.3468,46.0943
2006-04-04 06:00:00,53.6468,35.6468,44.6168
2006-04-05 06:00:00,55.1768,35.0168,45.14555
2006-04-06 06:00:00,57.7868,40.2368,48.94805
2006-04-07 06:00:00,51.6668,32.2268,43.1018
2006-04-08 06:00:00,40.776802,31.5068,35.2118
2006-04-09 06:00:00,52.2068,27.5468,40.47305
2006-04-10 06:00:00,65.2568,38.4368,51.8918
2006-04-11 06:00:00,69.3068,48.7868,60.5393
2006-04-12 06:00:00,71.3768,57.3368,64.4243
2006-04-13 06:00:00,74.6168,51.3068,63.6143
2006-04-14 06:00:00,75.9668,58.9568,66.43805
2006-04-15 06:00:00,62.286797,47.1668,53.22305
2006-04-16 06:00:00,55.6268,47.0768,51.250553
2006-04-17 06:00:00,52.8368,43.6568,47.2193
2006-04-18 06:00:00,60.756798,42.8468,51.7643
2006-04-19 06:00:00,70.0268,49.4168,58.386803
2006-04-20 06:00:00,72.3668,52.7468,61.889297
2006-04-21 06:00:00,67.1468,47.3468,58.18055
2006-04-22 06:00:00,64.6268,47.7968,55.60055
2006-04-23 06:00:00,67.9568,43.1168,53.0093
2006-04-24 06:00:00,69.3068,39.6968,55.89305
2006-04-25 06:00:00,49.9568,37.5368,40.46555
2006-04-26 06:00:00,61.3868,32.0468,48.7418
2006-04-27 06:00:00,61.8368,43.9268,51.38555
2006-04-28 06:00:00,63.276802,41.7668,53.40305
2006-04-29 06:00:00,60.4868,51.0368,54.974304
2006-04-30 06:00:00,57.8768,54.006798,55.33805
2006-05-01 06:00:00,63.9968,52.9268,57.66305
2006-05-02 06:00:00,66.1568,53.0168,59.05055
2006-05-03 06:00:00,74.7068,51.756798,63.08555
2006-05-04 06:00:00,66.1568,53.9168,59.969303
2006-05-05 06:00:00,58.506798,48.8768,53.1143
2006-05-06 06:00:00,55.3568,44.1068,49.6718
2006-05-07 06:00:00,66.7868,43.2068,56.005554
2006-05-08 06:00:00,70.2968,51.1268,61.544304
2006-05-09 06:00:00,71.1068,54.4568,62.913048
2006-05-10 06:00:00,72.7268,56.886803,63.809296
2006-05-11 06:00:00,56.526802,36.7268,48.01805
2006-05-12 06:00:00,45.636803,36.6368,41.5568
2006-05-13 06:00:00,50.6768,42.3968,46.6043
2006-05-14 06:00:00,55.0868,44.1968,49.341797
2006-05-15 06:00:00,58.596798,47.7968,53.08055
2006-05-16 06:00:00,62.1068,47.526802,54.820553
2006-05-17 06:00:00,71.1968,50.4068,58.28555
2006-05-18 06:00:00,59.2268,44.8268,52.4768
2006-05-19 06:00:00,60.3068,44.3768,52.124302
2006-05-20 06:00:00,69.4868,43.5668,58.698048
2006-05-21 06:00:00,57.6068,44.8268,51.47555
2006-05-22 06:00:00,59.9468,43.8368,51.614304
2006-05-23 06:00:00,70.386795,42.0368,57.933052
2006-05-24 06:00:00,78.5768,54.276802,65.084305
2006-05-25 06:00:00,74.0768,63.6368,68.14805
2006-05-26 06:00:00,77.4068,59.136803,67.10555
2006-05-27 06:00:00,81.9068,58.146797,71.3318
2006-05-28 06:00:00,88.386795,69.666794,79.184296
2006-05-29 06:00:00,86.6768,71.2868,78.471794
2006-05-30 06:00:00,83.7968,70.2068,75.996796
2006-05-31 06:00:00,71.8268,62.466797,68.14055
2006-06-01 06:00:00,73.7168,61.8368,66.9218
2006-06-02 06:00:00,75.6068,60.1268,66.8993
2006-06-03 06:00:00,69.9368,58.146797,63.96305
2006-06-04 06:00:00,73.2668,57.8768,65.33555
2006-06-05 06:00:00,77.8568,52.5668,68.6243
2006-06-06 06:00:00,80.0168,60.4868,70.80679
2006-06-07 06:00:00,77.8568,63.096798,69.8243
2006-06-08 06:00:00,80.3768,61.6568,70.80679
2006-06-09 06:00:00,66.9668,57.0668,61.701805
2006-06-10 06:00:00,60.5768,53.1968,56.331795
2006-06-11 06:00:00,63.096798,55.6268,58.638054
2006-06-12 06:00:00,65.7068,53.4668,59.85305
2006-06-13 06:00:00,72.0968,52.386803,63.078053
2006-06-14 06:00:00,76.9568,57.4268,67.488045
2006-06-15 06:00:00,82.7168,63.5468,73.9118
2006-06-16 06:00:00,88.0268,71.1068,79.5518
2006-06-17 06:00:00,89.0168,71.6468,80.0993
2006-06-18 06:00:00,78.0368,68.9468,72.33305
2006-06-19 06:00:00,82.7168,67.2368,74.2943
2006-06-20 06:00:00,77.136795,63.3668,69.9593
2006-06-21 06:00:00,86.2268,72.0968,78.276794
2006-06-22 06:00:00,83.166794,69.2168,75.2468
2006-06-23 06:00:00,70.4768,61.566795,67.2593
2006-06-24 06:00:00,77.9468,56.9768,68.7968
2006-06-25 06:00:00,75.8768,64.8968,70.10555
2006-06-26 06:00:00,71.4668,63.276802,66.97805
2006-06-27 06:00:00,77.7668,61.2068,69.0293
2006-06-28 06:00:00,75.7868,61.2968,68.96555
2006-06-29 06:00:00,76.9568,59.7668,68.819305
2006-06-30 06:00:00,82.0868,60.5768,72.55805
2006-07-01 06:00:00,89.7368,67.416794,79.473045
2006-07-02 06:00:00,84.066795,73.3568,78.5168
2006-07-03 06:00:00,83.5268,69.3968,75.670555
2006-07-04 06:00:00,77.2268,64.3568,72.58055
2006-07-05 06:00:00,73.8968,61.2068,68.06555
2006-07-06 06:00:00,75.9668,59.9468,68.8043
2006-07-07 06:00:00,80.6468,57.8768,71.886795
2006-07-08 06:00:00,83.6168,63.006798,74.15555
2006-07-09 06:00:00,86.8568,68.496796,77.8718
2006-07-10 06:00:00,74.886795,68.316795,70.37555
2006-07-11 06:00:00,77.0468,67.5968,72.94805
2006-07-12 06:00:00,78.8468,70.2968,74.00555
2006-07-13 06:00:00,84.4268,70.566795,77.47429
2006-07-14 06:00:00,85.2368,71.5568,77.3393
2006-07-15 06:00:00,92.9768,72.636795,83.13306
2006-07-16 06:00:00,92.3468,73.5368,83.40305
2006-07-17 06:00:00,94.2368,75.4268,84.996796
2006-07-18 06:00:00,80.0168,71.0168,75.554306
2006-07-19 06:00:00,89.19679,69.8468,80.11055
2006-07-20 06:00:00,87.9368,73.7168,77.86055
2006-07-21 06:00:00,78.0368,67.7768,72.5768
2006-07-22 06:00:00,78.5768,65.0768,71.36555
2006-07-23 06:00:00,79.2968,62.5568,71.7818
2006-07-24 06:00:00,87.7568,67.5968,78.24305
2006-07-25 06:00:00,90.2768,72.996796,81.14931
2006-07-26 06:00:00,84.1568,72.0968,77.02805
2006-07-27 06:00:00,85.5068,69.9368,77.18931
2006-07-28 06:00:00,89.8268,71.8268,80.733055
2006-07-29 06:00:00,91.716805,74.0768,83.3693
2006-07-30 06:00:00,92.4368,75.7868,83.18556
2006-07-31 06:00:00,96.6668,77.316795,86.6843
2006-08-01 06:00:00,95.7668,79.6568,87.42305
2006-08-02 06:00:00,95.40681,79.0268,86.6843
2006-08-03 06:00:00,78.666794,70.4768,74.71055
2006-08-04 06:00:00,84.6068,66.4268,75.6893
2006-08-05 06:00:00,83.7068,68.7668,77.3393
2006-08-06 06:00:00,85.5068,71.0168,77.95805
2006-08-07 06:00:00,81.996796,72.1868,76.465546
2006-08-08 06:00:00,75.6968,66.1568,71.590546
2006-08-09 06:00:00,83.7968,65.3468,75.4868
2006-08-10 06:00:00,80.4668,70.746796,75.006805
2006-08-11 06:00:00,75.1568,70.1168,72.50555
2006-08-12 06:00:00,76.2368,64.1768,70.14304
2006-08-13 06:00:00,81.816795,62.1968,72.20555
2006-08-14 06:00:00,79.746796,68.7668,73.32305
2006-08-15 06:00:00,80.8268,64.0868,72.96304
2006-08-16 06:00:00,80.1968,63.006798,71.5493
2006-08-17 06:00:00,80.916794,62.1968,73.07555
2006-08-18 06:00:00,82.6268,70.386795,74.9843
2006-08-19 06:00:00,80.5568,69.3968,74.136795
2006-08-20 06:00:00,73.8968,62.8268,69.7418
2006-08-21 06:00:00,79.9268,58.3268,69.663055
2006-08-22 06:00:00,82.5368,64.0868,72.92555
2006-08-23 06:00:00,85.416794,64.4468,74.6468
2006-08-24 06:00:00,85.6868,70.6568,77.2268
2006-08-25 06:00:00,85.9568,68.316795,76.6568
2006-08-26 06:00:00,82.8068,71.3768,75.4418
2006-08-27 06:00:00,76.5968,71.1068,72.918045
2006-08-28 06:00:00,71.4668,66.066795,68.39555
2006-08-29 06:00:00,70.746796,66.1568,67.9793
2006-08-30 06:00:00,72.7268,65.6168,69.2618
2006-08-31 06:00:00,71.916794,62.1968,67.5068
2006-09-01 06:00:00,71.1968,63.6368,67.72055
2006-09-02 06:00:00,72.7268,61.2068,66.846794
2006-09-03 06:00:00,75.1568,60.2168,67.3343
2006-09-04 06:00:00,69.5768,61.2968,65.42555
2006-09-05 06:00:00,73.2668,59.5868,66.01805
2006-09-06 06:00:00,78.1268,60.846798,69.28805
2006-09-07 06:00:00,80.2868,60.5768,70.54054
2006-09-08 06:00:00,81.636795,62.286797,71.7668
2006-09-09 06:00:00,70.0268,64.0868,66.56555
2006-09-10 06:00:00,64.1768,61.9268,62.789303
2006-09-11 06:00:00,66.066795,59.2268,62.62055
2006-09-12 06:00:00,72.0968,63.096798,66.3743
2006-09-13 06:00:00,66.5168,61.7468,63.67055
2006-09-14 06:00:00,69.5768,59.4968,64.574295
2006-09-15 06:00:00,74.6168,58.596798,67.2893
2006-09-16 06:00:00,77.136795,61.3868,69.52429
2006-09-17 06:00:00,81.636795,65.4368,72.0743
2006-09-18 06:00:00,69.5768,54.4568,62.650555
2006-09-19 06:00:00,55.0868,51.2168,52.788048
2006-09-20 06:00:00,59.6768,46.2668,52.81805
2006-09-21 06:00:00,65.4368,45.9968,56.74805
2006-09-22 06:00:00,70.746796,55.9868,63.003044
2006-09-23 06:00:00,70.8368,58.596798,65.50055
2006-09-24 06:00:00,63.816795,54.186802,58.686802
2006-09-25 06:00:00,69.3068,50.6768,59.718056
2006-09-26 06:00:00,69.2168,51.1268,60.6668
2006-09-27 06:00:00,65.2568,53.2868,60.88805
2006-09-28 06:00:00,56.256798,44.9168,51.70805
2006-09-29 06:00:00,60.1268,42.3068,52.300552
2006-09-30 06:00:00,66.1568,49.0568,56.62805
2006-10-01 06:00:00,72.1868,48.0668,60.734303
2006-10-02 06:00:00,79.9268,64.8968,70.84805
2006-10-03 06:00:00,80.1068,59.5868,71.0318
2006-10-04 06:00:00,74.7968,58.146797,65.444305
2006-10-05 06:00:00,57.6968,51.5768,54.835552
2006-10-06 06:00:00,56.886803,47.0768,51.86555
2006-10-07 06:00:00,64.8968,44.7368,54.5918
2006-10-08 06:00:00,70.2068,49.3268,59.005554
2006-10-09 06:00:00,63.006798,52.386803,56.886803
2006-10-10 06:00:00,57.6968,52.026802,54.528053
2006-10-11 06:00:00,54.4568,38.9768,49.045547
2006-10-12 06:00:00,39.9668,32.8568,36.61055
2006-10-13 06:00:00,48.2468,33.8468,41.10305
2006-10-14 06:00:00,49.1468,38.7068,43.2218
2006-10-15 06:00:00,53.1968,34.5668,44.901802
2006-10-16 06:00:00,55.6268,49.776802,51.651802
2006-10-17 06:00:00,56.7068,49.686802,53.046803
2006-10-18 06:00:00,62.466797,44.2868,55.559296
2006-10-19 06:00:00,46.0868,40.776802,43.311802
2006-10-20 06:00:00,52.7468,36.5468,45.2843
2006-10-21 06:00:00,58.776802,47.7068,51.97805
2006-10-22 06:00:00,49.0568,36.4568,39.79055
2006-10-23 06:00:00,41.9468,33.9368,37.8443
2006-10-24 06:00:00,45.8168,32.0468,37.89305
2006-10-25 06:00:00,48.1568,31.6868,40.59305
2006-10-26 06:00:00,43.7468,41.9468,43.13555
2006-10-27 06:00:00,46.8068,43.2068,45.0668
2006-10-28 06:00:00,49.8668,40.9568,44.57555
2006-10-29 06:00:00,52.2968,35.7368,43.776802
2006-10-30 06:00:00,65.7968,44.1968,56.2643
2006-10-31 06:00:00,61.3868,35.6468,44.2268
2006-11-01 06:00:00,40.506798,30.3368,34.97555
2006-11-02 06:00:00,34.4768,27.726799,30.7943
2006-11-03 06:00:00,38.3468,25.476799,31.2968
2006-11-04 06:00:00,45.636803,31.4168,39.5093
2006-11-05 06:00:00,53.5568,35.0168,44.53805
2006-11-06 06:00:00,55.2668,45.8168,48.85805
2006-11-07 06:00:00,57.0668,46.2668,50.875553
2006-11-08 06:00:00,62.286797,44.5568,53.29055
2006-11-09 06:00:00,65.4368,46.5368,54.39305
2006-11-10 06:00:00,46.3568,40.326797,44.2493
2006-11-11 06:00:00,41.3168,35.6468,38.7443
2006-11-12 06:00:00,44.0168,35.6468,39.1493
2006-11-13 06:00:00,44.5568,34.4768,39.46055
2006-11-14 06:00:00,44.6468,38.4368,41.4893
2006-11-15 06:00:00,46.3568,42.4868,44.050552
2006-11-16 06:00:00,43.2068,37.8068,41.2268
2006-11-17 06:00:00,42.3068,32.7668,37.24805
2006-11-18 06:00:00,43.2968,31.7768,38.47055
2006-11-19 06:00:00,41.3168,33.7568,37.27055
2006-11-20 06:00:00,42.2168,30.1568,34.87805
2006-11-21 06:00:00,47.1668,31.2368,37.623047
2006-11-22 06:00:00,50.4068,32.3168,39.88805
2006-11-23 06:00:00,51.756798,33.0368,41.418053
2006-11-24 06:00:00,55.6268,36.0968,44.676804
2006-11-25 06:00:00,57.7868,41.4968,49.379303
2006-11-26 06:00:00,60.5768,50.4968,54.40055
2006-11-27 06:00:00,60.5768,51.8468,55.195553
2006-11-28 06:00:00,60.756798,52.8368,56.643047
2006-11-29 06:00:00,60.1268,40.8668,53.684303
2006-11-30 06:00:00,40.0568,29.5268,32.8868
2006-12-01 06:00:00,34.4768,17.826801,28.51805
2006-12-02 06:00:00,24.6668,11.2568,17.740551
2006-12-03 06:00:00,15.396801,7.476801,11.631802
2006-12-04 06:00:00,22.4168,4.8668003,14.050549
2006-12-05 06:00:00,31.3268,4.4167995,16.9343
2006-12-06 06:00:00,34.3868,23.0468,30.6143
2006-12-07 06:00:00,20.7968,7.6567993,11.7030525
2006-12-08 06:00:00,17.1068,1.8967991,10.4917965
2006-12-09 06:00:00,33.6668,17.556799,26.530548
2006-12-10 06:00:00,38.2568,31.7768,35.9243
2006-12-11 06:00:00,45.186802,37.9868,40.105553
2006-12-12 06:00:00,51.1268,43.1168,48.081802
2006-12-13 06:00:00,45.9968,31.2368,38.13305
2006-12-14 06:00:00,50.6768,38.3468,44.53055
2006-12-15 06:00:00,44.7368,28.4468,37.95305
2006-12-16 06:00:00,54.7268,30.6968,43.51055
2006-12-17 06:00:00,54.8168,39.2468,44.29055
2006-12-18 06:00:00,38.5268,28.5368,34.3118
2006-12-19 06:00:00,40.776802,25.8368,31.7768
2006-12-20 06:00:00,38.9768,27.726799,33.27305
2006-12-21 06:00:00,48.1568,35.7368,41.9618
2006-12-22 06:00:00,49.5968,39.4268,45.43055
2006-12-23 06:00:00,42.2168,35.3768,38.9243
2006-12-24 06:00:00,42.3968,27.9068,34.3568
2006-12-25 06:00:00,38.9768,32.6768,35.47055
2006-12-26 06:00:00,35.1068,28.9868,32.6018
2006-12-27 06:00:00,38.0768,27.4568,33.34055
2006-12-28 06:00:00,45.636803,34.8368,38.6243
2006-12-29 06:00:00,48.0668,34.2968,40.34555
2006-12-30 06:00:00,46.3568,39.8768,43.78805
2006-12-31 06:00:00,53.7368,42.1268,46.2293
2007-01-01 06:00:00,42.756798,31.4168,37.69055
2007-01-02 06:00:00,40.776802,25.1168,32.88305
2007-01-03 06:00:00,47.0768,32.9468,38.74055
2007-01-04 06:00:00,50.4968,38.7068,43.9868
2007-01-05 06:00:00,50.2268,42.2168,47.264297
2007-01-06 06:00:00,42.3068,32.5868,37.514297
2007-01-07 06:00:00,41.8568,29.9768,35.28305
2007-01-08 06:00:00,39.0668,27.9968,32.83805
2007-01-09 06:00:00,32.9468,25.0268,29.2343
2007-01-10 06:00:00,32.4068,21.6968,27.5018
2007-01-11 06:00:00,47.0768,33.0368,40.6643
2007-01-12 06:00:00,47.526802,34.7468,41.6018
2007-01-13 06:00:00,34.2968,31.1468,32.1743
2007-01-14 06:00:00,34.2068,30.9668,32.5718
2007-01-15 06:00:00,32.6768,21.2468,29.20805
2007-01-16 06:00:00,21.2468,10.4468,17.24555
2007-01-17 06:00:00,24.306799,1.1767998,14.23805
2007-01-18 06:00:00,32.1368,23.3168,27.5243
2007-01-19 06:00:00,26.1968,18.7268,23.9018
2007-01-20 06:00:00,25.0268,12.336802,18.52055
2007-01-21 06:00:00,29.5268,18.2768,26.2868
2007-01-22 06:00:00,31.6868,19.1768,27.01055
2007-01-23 06:00:00,28.2668,23.6768,25.578049
2007-01-24 06:00:00,28.1768,22.146801,24.58055
2007-01-25 06:00:00,22.5068,11.5268,17.331799
2007-01-26 06:00:00,42.576797,13.956799,31.54055
2007-01-27 06:00:00,32.8568,22.146801,29.45555
2007-01-28 06:00:00,22.5068,10.1768,15.891804
2007-01-29 06:00:00,24.6668,7.6567993,17.20055
2007-01-30 06:00:00,22.056799,9.0968,15.56555
2007-01-31 06:00:00,20.3468,2.436798,12.28805
2007-02-01 06:00:00,24.1268,12.336802,19.68305
2007-02-02 06:00:00,11.976801,6.396799,9.040552
2007-02-03 06:00:00,10.896801,-6.563202,4.4130497
2007-02-04 06:00:00,2.7067986,-8.183205,-3.473198
2007-02-05 06:00:00,5.226801,-12.233204,-4.6844444
2007-02-06 06:00:00,9.636801,-12.863201,0.8805485
2007-02-07 06:00:00,13.146801,-4.493202,4.0417995
2007-02-08 06:00:00,13.5068,-3.233204,4.758047
2007-02-09 06:00:00,17.4668,3.1567993,8.94305
2007-02-10 06:00:00,15.0368,-0.62319946,6.2730503
2007-02-11 06:00:00,27.9968,4.4167995,15.790548
2007-02-12 06:00:00,30.2468,22.056799,25.60055
2007-02-13 06:00:00,24.5768,11.706799,17.4218
2007-02-14 06:00:00,15.6668,-0.5332031,9.08555
2007-02-15 06:00:00,13.4168,-1.7032013,4.926798
2007-02-16 06:00:00,14.226801,-5.3032,4.6830444
2007-02-17 06:00:00,25.386799,15.6668,20.15555
2007-02-18 06:00:00,21.4268,9.906799,14.661802
2007-02-19 06:00:00,40.506798,10.086802,28.9418
2007-02-20 06:00:00,41.8568,18.456799,32.0993
2007-02-21 06:00:00,43.6568,15.6668,30.6143
2007-02-22 06:00:00,37.7168,25.476799,32.7668
2007-02-23 06:00:00,27.5468,16.5668,22.9118
2007-02-24 06:00:00,30.6068,24.396801,27.3368
2007-02-25 06:00:00,39.8768,29.2568,34.73555
2007-02-26 06:00:00,33.2168,27.9968,31.195549
2007-02-27 06:00:00,34.2968,27.3668,30.3143
2007-02-28 06:00:00,35.6468,24.5768,31.6718
2007-03-01 06:00:00,49.2368,33.5768,39.1943
2007-03-02 06:00:00,34.026802,26.4668,30.54305
2007-03-03 06:00:00,27.4568,23.226799,25.51805
2007-03-04 06:00:00,34.6568,19.086802,26.148048
2007-03-05 06:00:00,31.6868,12.066799,24.27305
2007-03-06 06:00:00,24.486801,9.546801,17.646801
2007-03-07 06:00:00,27.0068,18.3668,21.9293
2007-03-08 06:00:00,39.0668,19.806799,28.4018
2007-03-09 06:00:00,54.8168,29.3468,41.714302
2007-03-10 06:00:00,53.3768,32.0468,41.5193
2007-03-11 06:00:00,53.5568,26.916801,39.44555
2007-03-12 06:00:00,62.916798,37.9868,48.8918
2007-03-13 06:00:00,71.5568,49.3268,60.17555
2007-03-14 06:00:00,60.396797,34.9268,49.645554
2007-03-15 06:00:00,34.4768,26.3768,31.2143
2007-03-16 06:00:00,36.4568,24.486801,28.9943
2007-03-17 06:00:00,36.2768,23.0468,28.2893
2007-03-18 06:00:00,44.5568,23.8568,34.73555
2007-03-19 06:00:00,58.9568,35.5568,45.19055
2007-03-20 06:00:00,39.5168,24.486801,32.8568
2007-03-21 06:00:00,66.7868,34.2068,53.2193
2007-03-22 06:00:00,62.8268,41.2268,54.3818
2007-03-23 06:00:00,51.6668,41.2268,46.919296
2007-03-24 06:00:00,62.3768,48.6968,54.5243
2007-03-25 06:00:00,75.4268,50.9468,64.5068
2007-03-26 06:00:00,75.4268,62.3768,68.3468
2007-03-27 06:00:00,68.2268,41.7668,55.405552
2007-03-28 06:00:00,47.886803,43.386803,46.89305
2007-03-29 06:00:00,57.2468,44.2868,49.296803
2007-03-30 06:00:00,52.4768,42.576797,47.088047
2007-03-31 06:00:00,59.4968,46.0868,53.058052
2007-04-01 06:00:00,62.736797,48.6968,53.3768
2007-04-02 06:00:00,60.846798,41.5868,51.644302
2007-04-03 06:00:00,67.9568,42.3068,56.511803
2007-04-04 06:00:00,39.6968,28.9868,32.8868
2007-04-05 06:00:00,39.6968,25.9268,31.9268
2007-04-06 06:00:00,35.4668,25.476799,30.0068
2007-04-07 06:00:00,31.8668,23.6768,28.22555
2007-04-08 06:00:00,40.0568,27.5468,33.21305
2007-04-09 06:00:00,41.8568,28.1768,35.37305
2007-04-10 06:00:00,48.5168,26.5568,38.7143
2007-04-11 06:00:00,39.7868,33.3968,35.80055
2007-04-12 06:00:00,39.4268,33.2168,36.34055
2007-04-13 06:00:00,50.9468,30.4268,40.56305
2007-04-14 06:00:00,45.3668,35.1068,39.7118
2007-04-15 06:00:00,55.0868,32.5868,42.0143
2007-04-16 06:00:00,58.506798,34.2068,44.5718
2007-04-17 06:00:00,62.646797,33.9368,45.46805
2007-04-18 06:00:00,46.4468,36.9068,40.95305
2007-04-19 06:00:00,53.1968,38.5268,44.84555
2007-04-20 06:00:00,62.8268,37.2668,50.523052
2007-04-21 06:00:00,71.1068,41.3168,57.8843
2007-04-22 06:00:00,77.7668,54.7268,66.2693
2007-04-23 06:00:00,68.0468,49.1468,60.3668
2007-04-24 06:00:00,63.276802,45.5468,52.874302
2007-04-25 06:00:00,50.0468,45.0968,46.72805
2007-04-26 06:00:00,56.7068,43.8368,48.22805
2007-04-27 06:00:00,52.5668,44.6468,47.16305
2007-04-28 06:00:00,69.666794,39.7868,56.5493
2007-04-29 06:00:00,79.0268,46.9868,64.7093
2007-04-30 06:00:00,62.646797,48.6068,56.29055
2007-05-01 06:00:00,78.2168,47.526802,59.661797
2007-05-02 06:00:00,55.4468,44.4668,48.82055
2007-05-03 06:00:00,61.026802,47.7068,54.2018
2007-05-04 06:00:00,62.466797,49.2368,56.350548
2007-05-05 06:00:00,64.0868,52.8368,57.78305
2007-05-06 06:00:00,64.1768,51.1268,56.980553
2007-05-07 06:00:00,75.6968,50.8568,64.01555
2007-05-08 06:00:00,77.0468,60.396797,68.778046
2007-05-09 06:00:00,73.3568,59.9468,66.363045
2007-05-10 06:00:00,79.2968,53.4668,65.9843
2007-05-11 06:00:00,65.886795,49.2368,57.9743
2007-05-12 06:00:00,60.3068,47.526802,52.829304
2007-05-13 06:00:00,65.4368,46.5368,56.46305
2007-05-14 06:00:00,84.8768,56.886803,71.3168
2007-05-15 06:00:00,79.2968,55.2668,68.1743
2007-05-16 06:00:00,60.2168,45.186802,52.90055
2007-05-17 06:00:00,57.7868,43.026802,50.47805
2007-05-18 06:00:00,67.6868,41.2268,56.560555
2007-05-19 06:00:00,76.416794,53.6468,65.22681
2007-05-20 06:00:00,64.0868,48.0668,52.870552
2007-05-21 06:00:00,77.7668,48.2468,64.24805
2007-05-22 06:00:00,82.7168,58.776802,71.41805
2007-05-23 06:00:00,84.9668,66.3368,75.3743
2007-05-24 06:00:00,84.7868,68.8568,77.043045
2007-05-25 06:00:00,68.4068,56.7068,61.02305
2007-05-26 06:00:00,69.8468,54.0968,62.59055
2007-05-27 06:00:00,75.066795,58.0568,67.27055
2007-05-28 06:00:00,73.8068,52.7468,65.4443
2007-05-29 06:00:00,85.0568,64.8068,75.09305
2007-05-30 06:00:00,84.8768,67.3268,76.653046
2007-05-31 06:00:00,80.7368,66.5168,71.97305
2007-06-01 06:00:00,82.1768,64.0868,72.700554
2007-06-02 06:00:00,81.7268,64.7168,72.2768
2007-06-03 06:00:00,76.3268,63.7268,69.190544
2007-06-04 06:00:00,67.7768,59.2268,63.17555
2007-06-05 06:00:00,61.1168,52.4768,57.348053
2007-06-06 06:00:00,71.5568,48.6068,62.826794
2007-06-07 06:00:00,88.9268,71.5568,80.06555
2007-06-08 06:00:00,74.4368,59.4968,69.903046
2007-06-09 06:00:00,75.8768,58.146797,67.9643
2007-06-10 06:00:00,80.916794,59.7668,71.24555
2007-06-11 06:00:00,82.2668,60.9368,72.39305
2007-06-12 06:00:00,79.566795,66.1568,72.7868
2007-06-13 06:00:00,83.5268,65.2568,74.3393
2007-06-14 06:00:00,86.0468,66.7868,76.356804
2007-06-15 06:00:00,86.8568,66.1568,77.4368
2007-06-16 06:00:00,90.636795,66.3368,79.9268
2007-06-17 06:00:00,89.1068,70.4768,80.4818
2007-06-18 06:00:00,87.3968,70.9268,79.6418
2007-06-19 06:00:00,80.1968,68.0468,74.42555
2007-06-20 06:00:00,83.2568,62.1968,73.769295
2007-06-21 06:00:00,83.2568,63.5468,72.3818
2007-06-22 06:00:00,72.9068,63.006798,68.0243
2007-06-23 06:00:00,68.7668,63.816795,65.8268
2007-06-24 06:00:00,75.6068,63.9068,70.2293
2007-06-25 06:00:00,85.596794,68.9468,77.02431
2007-06-26 06:00:00,87.9368,70.0268,80.05055
2007-06-27 06:00:00,88.9268,73.4468,79.686806
2007-06-28 06:00:00,73.9868,62.646797,68.77055
2007-06-29 06:00:00,69.5768,60.846798,65.38431
2007-06-30 06:00:00,77.0468,59.4068,68.91305
2007-07-01 06:00:00,74.6168,62.646797,68.52305
2007-07-02 06:00:00,76.5068,60.756798,69.1568
2007-07-03 06:00:00,83.5268,63.276802,74.3843
2007-07-04 06:00:00,81.9068,67.8668,75.044304
2007-07-05 06:00:00,86.4068,71.5568,79.00056
2007-07-06 06:00:00,83.4368,68.316795,75.6068
2007-07-07 06:00:00,90.2768,64.9868,79.42805
2007-07-08 06:00:00,95.136795,74.166794,84.7643
2007-07-09 06:00:00,92.3468,73.8968,82.09055
2007-07-10 06:00:00,88.8368,72.2768,79.13555
2007-07-11 06:00:00,75.9668,66.066795,71.350555
2007-07-12 06:00:00,79.2068,63.276802,71.823044
2007-07-13 06:00:00,74.6168,61.4768,68.785545
2007-07-14 06:00:00,84.5168,63.9068,74.4818
2007-07-15 06:00:00,81.0968,65.4368,73.3718
2007-07-16 06:00:00,83.346794,67.1468,74.8193
2007-07-17 06:00:00,83.346794,69.1268,74.9168
2007-07-18 06:00:00,85.8668,69.5768,76.3493
2007-07-19 06:00:00,78.1268,64.8968,71.9318
2007-07-20 06:00:00,71.7368,62.1068,66.959305
2007-07-21 06:00:00,73.0868,60.9368,67.3418
2007-07-22 06:00:00,78.5768,60.1268,70.74305
2007-07-23 06:00:00,80.6468,59.9468,72.1493
2007-07-24 06:00:00,80.7368,62.5568,72.70055
2007-07-25 06:00:00,83.5268,67.416794,75.52431
2007-07-26 06:00:00,84.066795,66.1568,75.513054
2007-07-27 06:00:00,80.7368,69.1268,74.0393
2007-07-28 06:00:00,77.0468,70.0268,73.72805
2007-07-29 06:00:00,81.5468,67.6868,74.09555
2007-07-30 06:00:00,84.69679,65.3468,76.1243
2007-07-31 06:00:00,87.666794,65.4368,77.90555
2007-08-01 06:00:00,88.6568,66.1568,79.0493
2007-08-02 06:00:00,89.5568,68.6768,80.3168
2007-08-03 06:00:00,86.496796,73.1768,79.615555
2007-08-04 06:00:00,80.2868,66.7868,74.2193
2007-08-05 06:00:00,88.2068,67.6868,78.02556
2007-08-06 06:00:00,85.9568,73.2668,79.5743
2007-08-07 06:00:00,90.366806,75.066795,82.10181
2007-08-08 06:00:00,84.8768,73.5368,77.86805
2007-08-09 06:00:00,83.4368,73.1768,77.519295
2007-08-10 06:00:00,84.3368,71.2868,77.4668
2007-08-11 06:00:00,87.1268,70.2068,79.1318
2007-08-12 06:00:00,86.2268,73.6268,79.24805
2007-08-13 06:00:00,79.2068,68.0468,75.1643
2007-08-14 06:00:00,85.596794,66.6068,75.6518
2007-08-15 06:00:00,81.5468,73.2668,76.5593
2007-08-16 06:00:00,79.6568,67.8668,73.85556
2007-08-17 06:00:00,78.3068,65.5268,71.48555
2007-08-18 06:00:00,71.8268,62.736797,67.07929
2007-08-19 06:00:00,70.2068,62.916798,66.46055
2007-08-20 06:00:00,80.1068,68.136795,73.191795
2007-08-21 06:00:00,84.1568,70.2968,76.25555
2007-08-22 06:00:00,88.386795,73.2668,79.61554
2007-08-23 06:00:00,86.94679,71.5568,78.1418
2007-08-24 06:00:00,77.6768,71.1968,73.8518
2007-08-25 06:00:00,75.9668,66.3368,71.0918
2007-08-26 06:00:00,77.316795,60.6668,70.06805
2007-08-27 06:00:00,79.2968,62.646797,71.7743
2007-08-28 06:00:00,88.6568,69.2168,78.31056
2007-08-29 06:00:00,81.636795,70.0268,75.09305
2007-08-30 06:00:00,72.816795,64.3568,69.2168
2007-08-31 06:00:00,74.886795,60.1268,67.698044
2007-09-01 06:00:00,78.1268,58.776802,69.71556
2007-09-02 06:00:00,82.4468,63.3668,72.40055
2007-09-03 06:00:00,86.0468,65.4368,75.07056
2007-09-04 06:00:00,87.2168,63.9068,76.488045
2007-09-05 06:00:00,88.386795,68.8568,78.663055
2007-09-06 06:00:00,80.8268,72.9068,76.1093
2007-09-07 06:00:00,81.996796,71.5568,75.9968
2007-09-08 06:00:00,76.7768,67.0568,71.47055
2007-09-09 06:00:00,77.2268,66.9668,71.5793
2007-09-10 06:00:00,71.5568,61.2968,66.4868
2007-09-11 06:00:00,68.9468,52.2968,60.363052
2007-09-12 06:00:00,64.5368,50.4068,57.231804
2007-09-13 06:00:00,75.6068,53.6468,64.585556
2007-09-14 06:00:00,65.5268,51.2168,58.709297
2007-09-15 06:00:00,59.2268,45.636803,51.775555
2007-09-16 06:00:00,69.1268,47.436802,58.29305
2007-09-17 06:00:00,78.8468,55.1768,66.8768
2007-09-18 06:00:00,85.9568,65.9768,75.89181
2007-09-19 06:00:00,81.7268,65.4368,74.46305
2007-09-20 06:00:00,76.6868,64.8968,70.315544
2007-09-21 06:00:00,88.2968,68.0468,78.3068
2007-09-22 06:00:00,73.3568,59.136803,66.25805
2007-09-23 06:00:00,80.6468,56.7068,68.85305
2007-09-24 06:00:00,89.1068,69.5768,79.0418
2007-09-25 06:00:00,83.886795,65.9768,76.08305
2007-09-26 06:00:00,67.8668,56.1668,62.106804
2007-09-27 06:00:00,72.4568,52.386803,61.780552
2007-09-28 06:00:00,70.8368,55.2668,62.43306
2007-09-29 06:00:00,78.8468,55.5368,66.9143
2007-09-30 06:00:00,81.9068,60.846798,71.48555
2007-10-01 06:00:00,70.1168,62.466797,66.340546
2007-10-02 06:00:00,78.3968,59.5868,69.41555
2007-10-03 06:00:00,73.1768,57.1568,64.911804
2007-10-04 06:00:00,80.4668,56.526802,68.68055
2007-10-05 06:00:00,83.7968,66.066795,74.95805
2007-10-06 06:00:00,85.596794,69.8468,77.56055
2007-10-07 06:00:00,85.8668,70.2068,78.145546
2007-10-08 06:00:00,85.416794,64.1768,75.3743
2007-10-09 06:00:00,73.8068,52.6568,63.303047
2007-10-10 06:00:00,54.8168,47.7968,51.3668
2007-10-11 06:00:00,57.6068,49.686802,52.4318
2007-10-12 06:00:00,53.9168,43.6568,49.229298
2007-10-13 06:00:00,58.8668,42.3968,51.824303
2007-10-14 06:00:00,61.9268,54.9068,57.9293
2007-10-15 06:00:00,73.6268,56.7068,64.2518
2007-10-16 06:00:00,68.2268,59.2268,63.0518
2007-10-17 06:00:00,70.386795,50.136803,61.589302
2007-10-18 06:00:00,76.5068,63.1868,68.83054
2007-10-19 06:00:00,61.566795,56.436802,58.35305
2007-10-20 06:00:00,69.666794,50.4968,60.644302
2007-10-21 06:00:00,75.8768,61.566795,68.0543
2007-10-22 06:00:00,67.6868,50.3168,57.5393
2007-10-23 06:00:00,56.6168,48.1568,51.43805
2007-10-24 06:00:00,52.4768,46.1768,49.6343
2007-10-25 06:00:00,54.636803,46.8068,51.3818
2007-10-26 06:00:00,63.096798,52.2068,56.654297
2007-10-27 06:00:00,56.7068,44.9168,51.83555
2007-10-28 06:00:00,55.5368,40.2368,47.36555
2007-10-29 06:00:00,59.136803,41.7668,49.54055
2007-10-30 06:00:00,63.7268,44.1068,53.5418
2007-10-31 06:00:00,62.8268,45.9068,54.5168
2007-11-01 06:00:00,51.936802,38.9768,44.62805
2007-11-02 06:00:00,55.4468,37.5368,45.66305
2007-11-03 06:00:00,53.9168,40.5968,46.214302
2007-11-04 06:00:00,51.756798,43.026802,46.37555
2007-11-05 06:00:00,53.3768,38.8868,46.4093
2007-11-06 06:00:00,43.5668,35.5568,38.9693
2007-11-07 06:00:00,41.3168,31.4168,36.68555
2007-11-08 06:00:00,50.136803,36.8168,42.43055
2007-11-09 06:00:00,47.436802,35.1968,41.10305
2007-11-10 06:00:00,49.4168,35.0168,42.79805
2007-11-11 06:00:00,55.6268,42.3968,48.066803
2007-11-12 06:00:00,60.6668,47.9768,56.0168
2007-11-13 06:00:00,58.686802,37.2668,50.0618
2007-11-14 06:00:00,54.7268,41.4968,49.4243
2007-11-15 06:00:00,40.506798,32.4968,37.25555
2007-11-16 06:00:00,41.0468,27.2768,34.9943
2007-11-17 06:00:00,42.9368,34.5668,38.65055
2007-11-18 06:00:00,42.3068,36.5468,39.41555
2007-11-19 06:00:00,60.1268,38.1668,49.60805
2007-11-20 06:00:00,56.9768,45.8168,48.22055
2007-11-21 06:00:00,45.636803,36.4568,42.48305
2007-11-22 06:00:00,35.7368,28.3568,32.1368
2007-11-23 06:00:00,31.5968,24.486801,27.56555
2007-11-24 06:00:00,37.6268,27.3668,31.06805
2007-11-25 06:00:00,40.1468,28.4468,32.5268
2007-11-26 06:00:00,38.7068,28.7168,33.6668
2007-11-27 06:00:00,35.2868,24.0368,30.0368
2007-11-28 06:00:00,45.3668,26.8268,35.9243
2007-11-29 06:00:00,32.5868,21.2468,27.25805
2007-11-30 06:00:00,34.026802,23.4968,29.16305
2007-12-01 06:00:00,34.6568,22.056799,27.9818
2007-12-02 06:00:00,50.9468,26.1968,39.9143
2007-12-03 06:00:00,29.8868,21.6968,25.60805
2007-12-04 06:00:00,33.8468,24.7568,29.268051
2007-12-05 06:00:00,29.3468,10.3568,23.47805
2007-12-06 06:00:00,24.306799,4.146799,15.351803
2007-12-07 06:00:00,29.9768,23.9468,26.63555
2007-12-08 06:00:00,27.2768,13.5968,21.160551
2007-12-09 06:00:00,32.1368,27.8168,30.2018
2007-12-10 06:00:00,32.7668,26.4668,29.48555
2007-12-11 06:00:00,33.4868,29.1668,31.1918
2007-12-12 06:00:00,34.4768,26.3768,30.306799
2007-12-13 06:00:00,32.4068,27.1868,30.5768
2007-12-14 06:00:00,27.2768,20.3468,24.81305
2007-12-15 06:00:00,30.6968,26.8268,29.1518
2007-12-16 06:00:00,29.6168,13.326801,22.2743
2007-12-17 06:00:00,26.2868,11.3468,17.988052
2007-12-18 06:00:00,35.4668,20.6168,28.55555
2007-12-19 06:00:00,31.8668,20.4368,27.1493
2007-12-20 06:00:00,36.7268,21.4268,31.105549
2007-12-21 06:00:00,38.1668,34.4768,36.0593
2007-12-22 06:00:00,47.9768,37.3568,44.14805
2007-12-23 06:00:00,49.0568,15.576801,24.10055
2007-12-24 06:00:00,25.5668,19.086802,22.244299
2007-12-25 06:00:00,41.5868,21.0668,30.45305
2007-12-26 06:00:00,43.6568,27.5468,34.29305
2007-12-27 06:00:00,33.8468,30.5168,32.05805
2007-12-28 06:00:00,34.026802,30.4268,32.27555
2007-12-29 06:00:00,30.5168,21.0668,24.79805
2007-12-30 06:00:00,33.8468,21.3368,28.03805
2007-12-31 06:00:00,33.9368,24.5768,29.77055
2008-01-01 06:00:00,28.6268,8.1068,19.2218
2008-01-02 06:00:00,19.3568,2.976801,9.813051
2008-01-03 06:00:00,20.3468,-2.8731995,10.034298
2008-01-04 06:00:00,32.8568,19.896801,26.26805
2008-01-05 06:00:00,45.276802,33.5768,40.36055
2008-01-06 06:00:00,57.8768,43.4768,51.58805
2008-01-07 06:00:00,62.646797,48.9668,55.33805
2008-01-08 06:00:00,55.5368,36.2768,50.14805
2008-01-09 06:00:00,38.9768,28.5368,34.28555
2008-01-10 06:00:00,44.1068,32.4068,37.27055
2008-01-11 06:00:00,37.9868,30.6068,34.6268
2008-01-12 06:00:00,39.4268,25.9268,32.79305
2008-01-13 06:00:00,34.6568,27.8168,31.8593
2008-01-14 06:00:00,28.7168,20.0768,25.143051
2008-01-15 06:00:00,27.9068,14.8568,20.901802
2008-01-16 06:00:00,40.0568,21.1568,28.889301
2008-01-17 06:00:00,36.3668,14.046801,27.51305
2008-01-18 06:00:00,29.4368,11.886801,18.6068
2008-01-19 06:00:00,11.976801,-1.0732002,3.6142998
2008-01-20 06:00:00,11.976801,-3.5032005,3.914301
2008-01-21 06:00:00,26.8268,8.556799,18.205553
2008-01-22 06:00:00,28.1768,7.476801,17.264301
2008-01-23 06:00:00,15.306799,3.7868004,9.640549
2008-01-24 06:00:00,8.736801,-6.3832016,0.07804489
2008-01-25 06:00:00,18.3668,-6.113201,7.8142986
2008-01-26 06:00:00,28.0868,16.9268,21.4268
2008-01-27 06:00:00,32.1368,9.996799,21.04805
2008-01-28 06:00:00,44.1068,25.2068,37.55555
2008-01-29 06:00:00,50.4968,6.6667995,37.9418
2008-01-30 06:00:00,12.066799,-5.6632004,3.9443016
2008-01-31 06:00:00,24.396801,9.0968,19.004301
2008-02-01 06:00:00,29.7968,23.8568,26.7668
2008-02-02 06:00:00,29.1668,21.5168,25.5518
2008-02-03 06:00:00,30.6068,16.5668,25.55555
2008-02-04 06:00:00,44.9168,30.7868,36.87305
2008-02-05 06:00:00,38.6168,31.3268,33.4868
2008-02-06 06:00:00,32.7668,24.486801,30.1418
2008-02-07 06:00:00,28.7168,19.3568,24.108051
2008-02-08 06:00:00,35.9168,20.706799,29.7143
2008-02-09 06:00:00,35.0168,23.3168,28.63805
2008-02-10 06:00:00,20.4368,-7.283203,-0.5781975
2008-02-11 06:00:00,13.056799,-7.5532,2.20055
2008-02-12 06:00:00,20.7968,12.066799,16.8293
2008-02-13 06:00:00,19.896801,3.8768005,11.001802
2008-02-14 06:00:00,35.1068,10.1768,26.02805
2008-02-15 06:00:00,27.0968,5.8568,17.70305
2008-02-16 06:00:00,33.0368,-2.6931992,16.4918
2008-02-17 06:00:00,47.256798,29.2568,37.8293
2008-02-18 06:00:00,30.5168,3.4267998,17.2793
2008-02-19 06:00:00,13.7768,1.3568001,6.509302
2008-02-20 06:00:00,15.306799,4.4167995,8.868052
2008-02-21 06:00:00,22.5068,1.8067989,14.796801
2008-02-22 06:00:00,27.3668,17.3768,22.45055
2008-02-23 06:00:00,32.6768,16.0268,24.4868
2008-02-24 06:00:00,37.4468,14.496799,26.3168
2008-02-25 06:00:00,36.9968,27.8168,31.35305
2008-02-26 06:00:00,30.7868,17.1068,24.65555
2008-02-27 06:00:00,23.1368,9.726801,16.454304
2008-02-28 06:00:00,27.0968,-1.8832016,15.625551
2008-02-29 06:00:00,37.5368,23.0468,31.57055
2008-03-01 06:00:00,31.8668,18.3668,26.0018
2008-03-02 06:00:00,57.6068,30.0668,45.44555
2008-03-03 06:00:00,56.256798,24.1268,37.3943
2008-03-04 06:00:00,29.7968,20.706799,23.8868
2008-03-05 06:00:00,38.5268,20.3468,28.9343
2008-03-06 06:00:00,36.0968,24.0368,29.5418
2008-03-07 06:00:00,24.5768,11.076801,19.649302
2008-03-08 06:00:00,23.5868,8.466801,15.37055
2008-03-09 06:00:00,36.7268,17.3768,27.0593
2008-03-10 06:00:00,34.1168,23.5868,27.9668
2008-03-11 06:00:00,48.0668,24.0368,35.00555
2008-03-12 06:00:00,43.2968,28.2668,35.6393
2008-03-13 06:00:00,56.7968,36.5468,44.9618
2008-03-14 06:00:00,53.7368,27.9068,40.17305
2008-03-15 06:00:00,37.0868,26.2868,31.0118
2008-03-16 06:00:00,34.8368,21.0668,27.09305
2008-03-17 06:00:00,39.7868,27.0968,34.3568
2008-03-18 06:00:00,46.1768,35.4668,39.573048
2008-03-19 06:00:00,42.9368,33.6668,37.06055
2008-03-20 06:00:00,44.5568,28.1768,34.03805
2008-03-21 06:00:00,32.2268,29.0768,30.36305
2008-03-22 06:00:00,32.5868,18.6368,27.269299
2008-03-23 06:00:00,36.3668,13.956799,24.726799
2008-03-24 06:00:00,37.8968,15.8468,28.81055
2008-03-25 06:00:00,57.2468,33.0368,42.9743
2008-03-26 06:00:00,51.2168,30.1568,41.1368
2008-03-27 06:00:00,39.5168,29.1668,33.7568
2008-03-28 06:00:00,34.5668,20.976799,28.3268
2008-03-29 06:00:00,41.7668,18.5468,31.30055
2008-03-30 06:00:00,42.1268,31.7768,36.569298
2008-03-31 06:00:00,60.0368,35.1968,48.348053
2008-04-01 06:00:00,54.276802,30.0668,39.99305
2008-04-02 06:00:00,48.3368,27.0968,38.2043
2008-04-03 06:00:00,50.0468,30.6968,39.52055
2008-04-04 06:00:00,50.9468,34.5668,41.958054
2008-04-05 06:00:00,60.5768,37.4468,48.914303
2008-04-06 06:00:00,60.0368,40.4168,50.654305
2008-04-07 06:00:00,51.756798,40.4168,48.12305
2008-04-08 06:00:00,42.756798,36.9068,40.21055
2008-04-09 06:00:00,50.2268,36.4568,41.646797
2008-04-10 06:00:00,52.9268,35.1968,42.02555
2008-04-11 06:00:00,62.466797,40.2368,51.5093
2008-04-12 06:00:00,40.6868,33.4868,37.3118
2008-04-13 06:00:00,39.2468,32.4068,35.5043
2008-04-14 06:00:00,46.6268,29.7068,37.90055
2008-04-15 06:00:00,56.7068,28.7168,44.40305
2008-04-16 06:00:00,68.9468,44.5568,56.421803
2008-04-17 06:00:00,68.6768,48.7868,58.21055
2008-04-18 06:00:00,72.1868,54.4568,61.953045
2008-04-19 06:00:00,62.286797,47.1668,55.540554
2008-04-20 06:00:00,65.5268,43.7468,52.075554
2008-04-21 06:00:00,69.9368,40.9568,56.68055
2008-04-22 06:00:00,71.5568,51.2168,61.975548
2008-04-23 06:00:00,65.0768,51.3968,56.845547
2008-04-24 06:00:00,70.4768,53.6468,61.698048
2008-04-25 06:00:00,78.1268,51.756798,67.00805
2008-04-26 06:00:00,56.526802,39.1568,48.38555
2008-04-27 06:00:00,54.5468,40.6868,47.13305
2008-04-28 06:00:00,44.0168,36.7268,39.183052
2008-04-29 06:00:00,44.2868,33.7568,39.31805
2008-04-30 06:00:00,55.0868,33.6668,45.71555
2008-05-01 06:00:00,71.4668,48.2468,61.09805
2008-05-02 06:00:00,71.7368,56.886803,63.524292
2008-05-03 06:00:00,56.6168,45.7268,52.113052
2008-05-04 06:00:00,63.096798,41.0468,52.851803
2008-05-05 06:00:00,71.4668,49.776802,59.70305
2008-05-06 06:00:00,76.6868,45.3668,62.988056
2008-05-07 06:00:00,69.4868,49.506798,61.203056
2008-05-08 06:00:00,55.5368,45.3668,49.428055
2008-05-09 06:00:00,54.5468,43.026802,48.670547
2008-05-10 06:00:00,58.0568,40.2368,50.5868
2008-05-11 06:00:00,53.6468,47.886803,50.5643
2008-05-12 06:00:00,54.5468,43.386803,48.1643
2008-05-13 06:00:00,70.8368,43.4768,59.5418
2008-05-14 06:00:00,62.1068,44.2868,55.44305
2008-05-15 06:00:00,56.7968,42.6668,49.9718
2008-05-16 06:00:00,69.1268,40.8668,57.760548
2008-05-17 06:00:00,69.3968,55.0868,62.433052
2008-05-18 06:00:00,54.5468,46.0868,51.505547
2008-05-19 06:00:00,59.2268,40.9568,50.710552
2008-05-20 06:00:00,63.096798,45.5468,54.254303
2008-05-21 06:00:00,62.736797,43.8368,52.9868
2008-05-22 06:00:00,55.8968,45.9068,50.74805
2008-05-23 06:00:00,55.7168,47.7968,50.703053
2008-05-24 06:00:00,64.8968,46.8968,55.724304
2008-05-25 06:00:00,74.166794,50.4068,64.60055
2008-05-26 06:00:00,79.1168,58.686802,72.2018
2008-05-27 06:00:00,52.4768,46.4468,48.2393
2008-05-28 06:00:00,57.7868,46.5368,51.715553
2008-05-29 06:00:00,66.8768,46.2668,57.7943
2008-05-30 06:00:00,79.6568,58.776802,68.6918
2008-05-31 06:00:00,77.496796,61.4768,69.951805
2008-06-01 06:00:00,72.0968,53.6468,64.39055
2008-06-02 06:00:00,82.6268,58.3268,71.22305
2008-06-03 06:00:00,72.996796,61.1168,66.483055
2008-06-04 06:00:00,76.6868,62.1968,67.8668
2008-06-05 06:00:00,86.94679,65.5268,77.79679
2008-06-06 06:00:00,83.5268,75.6068,79.43555
2008-06-07 06:00:00,86.0468,71.6468,78.374306
2008-06-08 06:00:00,84.1568,73.8068,78.014305
2008-06-09 06:00:00,77.316795,68.0468,71.901794
2008-06-10 06:00:00,77.4068,62.916798,70.9268
2008-06-11 06:00:00,82.8968,65.166794,74.5493
2008-06-12 06:00:00,87.2168,70.1168,79.20305
2008-06-13 06:00:00,78.3068,68.136795,73.23305
2008-06-14 06:00:00,82.3568,61.566795,72.6518
2008-06-15 06:00:00,82.0868,64.7168,73.25555
2008-06-16 06:00:00,71.1968,61.026802,66.91805
2008-06-17 06:00:00,73.4468,56.6168,66.07806
2008-06-18 06:00:00,73.4468,57.7868,64.75805
2008-06-19 06:00:00,78.0368,53.1068,67.8593
2008-06-20 06:00:00,83.6168,60.6668,72.4493
2008-06-21 06:00:00,80.3768,64.5368,72.5918
2008-06-22 06:00:00,78.666794,60.3068,69.2993
2008-06-23 06:00:00,72.816795,59.3168,66.54305
2008-06-24 06:00:00,81.0068,56.256798,70.96055
2008-06-25 06:00:00,78.5768,66.8768,71.4368
2008-06-26 06:00:00,88.2068,69.9368,79.0343
2008-06-27 06:00:00,84.7868,69.3968,75.02555
2008-06-28 06:00:00,80.916794,65.7968,72.644295
2008-06-29 06:00:00,75.066795,61.1168,66.419304
2008-06-30 06:00:00,76.9568,61.8368,69.044304
2008-07-01 06:00:00,82.0868,58.596798,71.403046
2008-07-02 06:00:00,86.0468,66.246796,74.45555
2008-07-03 06:00:00,68.136795,60.756798,64.8068
2008-07-04 06:00:00,72.9068,58.686802,66.224304
2008-07-05 06:00:00,78.0368,58.776802,70.240555
2008-07-06 06:00:00,85.5068,61.566795,75.01055
2008-07-07 06:00:00,87.3968,69.9368,77.42179
2008-07-08 06:00:00,84.5168,72.0068,77.6918
2008-07-09 06:00:00,81.7268,67.8668,74.5643
2008-07-10 06:00:00,84.8768,66.6968,75.198044
2008-07-11 06:00:00,86.94679,68.5868,78.46805
2008-07-12 06:00:00,83.0768,69.8468,76.5893
2008-07-13 06:00:00,78.1268,63.3668,71.17805
2008-07-14 06:00:00,81.9068,63.816795,73.038055
2008-07-15 06:00:00,89.9168,63.5468,78.03305
2008-07-16 06:00:00,89.8268,71.6468,81.05931
2008-07-17 06:00:00,91.1768,72.636795,82.32305
2008-07-18 06:00:00,86.316795,73.2668,79.4018
2008-07-19 06:00:00,82.0868,71.4668,75.614296
2008-07-20 06:00:00,83.9768,70.386795,76.4918
2008-07-21 06:00:00,81.5468,70.4768,75.40804
2008-07-22 06:00:00,75.6068,67.416794,71.03181
2008-07-23 06:00:00,77.7668,64.7168,70.6118
2008-07-24 06:00:00,80.3768,58.596798,71.2793
2008-07-25 06:00:00,81.636795,62.916798,73.218056
2008-07-26 06:00:00,83.346794,69.7568,76.36055
2008-07-27 06:00:00,84.1568,63.5468,75.003044
2008-07-28 06:00:00,83.4368,65.3468,75.5318
2008-07-29 06:00:00,89.1068,67.5968,78.31055
2008-07-30 06:00:00,86.94679,71.2868,79.199295
2008-07-31 06:00:00,87.9368,71.7368,78.07055
2008-08-01 06:00:00,85.9568,69.3968,77.50055
2008-08-02 06:00:00,78.666794,68.136795,74.17805
2008-08-03 06:00:00,84.246796,64.2668,75.7193
2008-08-04 06:00:00,91.0868,72.0968,78.82805
2008-08-05 06:00:00,86.0468,71.5568,78.2318
2008-08-06 06:00:00,82.7168,69.9368,75.291794
2008-08-07 06:00:00,77.496796,65.886795,71.14055
2008-08-08 06:00:00,75.6968,64.3568,69.70055
2008-08-09 06:00:00,76.5968,62.1968,69.0068
2008-08-10 06:00:00,72.2768,61.8368,66.6893
2008-08-11 06:00:00,73.4468,60.9368,67.7018
2008-08-12 06:00:00,77.136795,59.2268,69.60305
2008-08-13 06:00:00,76.2368,64.8968,69.14931
2008-08-14 06:00:00,76.0568,62.286797,69.22805
2008-08-15 06:00:00,75.5168,64.1768,69.63305
2008-08-16 06:00:00,79.9268,61.1168,70.956795
2008-08-17 06:00:00,82.6268,64.0868,73.536804
2008-08-18 06:00:00,83.166794,66.4268,74.815544
2008-08-19 06:00:00,79.746796,66.1568,73.47305
2008-08-20 06:00:00,79.746796,67.2368,73.71305
2008-08-21 06:00:00,79.6568,68.136795,73.98305
2008-08-22 06:00:00,83.886795,70.4768,77.3093
2008-08-23 06:00:00,86.0468,71.8268,77.965546
2008-08-24 06:00:00,75.9668,65.4368,70.1093
2008-08-25 06:00:00,70.9268,63.816795,67.12805
2008-08-26 06:00:00,72.996796,61.2068,67.93806
2008-08-27 06:00:00,79.386795,61.2968,70.58555
2008-08-28 06:00:00,83.0768,64.9868,73.00055
2008-08-29 06:00:00,82.0868,70.1168,75.25055
2008-08-30 06:00:00,85.1468,60.846798,73.12055
2008-08-31 06:00:00,86.316795,64.6268,76.679306
2008-09-01 06:00:00,86.4068,67.5968,77.23055
2008-09-02 06:00:00,91.5368,68.4068,79.98305
2008-09-03 06:00:00,75.6968,68.496796,71.50055
2008-09-04 06:00:00,68.6768,63.6368,65.4293
2008-09-05 06:00:00,69.0368,60.5768,64.559296
2008-09-06 06:00:00,70.746796,55.8068,64.33054
2008-09-07 06:00:00,71.5568,57.6968,64.679306
2008-09-08 06:00:00,66.3368,53.4668,58.998055
2008-09-09 06:00:00,65.3468,50.9468,58.083046
2008-09-10 06:00:00,69.1268,50.5868,60.6818
2008-09-11 06:00:00,75.7868,58.146797,66.80554
2008-09-12 06:00:00,75.3368,68.136795,70.25555
2008-09-13 06:00:00,74.886795,68.0468,72.261795
2008-09-14 06:00:00,71.3768,61.2968,65.568054
2008-09-15 06:00:00,65.6168,55.4468,59.598053
2008-09-16 06:00:00,69.3968,50.6768,60.63305
2008-09-17 06:00:00,77.7668,57.0668,66.201805
2008-09-18 06:00:00,70.9268,61.9268,66.036804
2008-09-19 06:00:00,75.6968,56.886803,65.9468
2008-09-20 06:00:00,78.3068,60.4868,69.006805
2008-09-21 06:00:00,77.5868,59.3168,68.635544
2008-09-22 06:00:00,77.136795,62.466797,69.8168
2008-09-23 06:00:00,78.7568,61.8368,69.880554
2008-09-24 06:00:00,79.566795,61.7468,70.03805
2008-09-25 06:00:00,75.3368,64.2668,69.2843
2008-09-26 06:00:00,75.6068,58.2368,67.045555
2008-09-27 06:00:00,77.316795,59.0468,68.11055
2008-09-28 06:00:00,69.3968,60.756798,65.444305
2008-09-29 06:00:00,65.7968,56.9768,60.839302
2008-09-30 06:00:00,59.136803,53.3768,56.66555
2008-10-01 06:00:00,58.506798,49.3268,53.36555
2008-10-02 06:00:00,60.9368,44.5568,52.6943
2008-10-03 06:00:00,55.8068,48.6068,52.285553
2008-10-04 06:00:00,58.146797,44.4668,51.7793
2008-10-05 06:00:00,60.3068,47.1668,53.63555
2008-10-06 06:00:00,66.8768,54.9068,60.340553
2008-10-07 06:00:00,64.1768,55.6268,59.59055
2008-10-08 06:00:00,62.5568,54.4568,59.0018
2008-10-09 06:00:00,66.6068,49.4168,57.8243
2008-10-10 06:00:00,67.6868,48.1568,58.563053
2008-10-11 06:00:00,75.1568,55.7168,64.54054
2008-10-12 06:00:00,78.3068,62.1068,69.179306
2008-10-13 06:00:00,76.7768,63.9968,69.98556
2008-10-14 06:00:00,68.7668,54.9068,60.276802
2008-10-15 06:00:00,59.6768,51.8468,55.739304
2008-10-16 06:00:00,55.8968,48.8768,52.285553
2008-10-17 06:00:00,55.4468,47.7068,50.47805
2008-10-18 06:00:00,57.4268,45.5468,51.460552
2008-10-19 06:00:00,60.2168,44.5568,52.22555
2008-10-20 06:00:00,58.146797,48.1568,52.00805
2008-10-21 06:00:00,52.5668,42.3068,47.511803
2008-10-22 06:00:00,50.2268,42.6668,46.54805
2008-10-23 06:00:00,55.5368,41.136803,48.61055
2008-10-24 06:00:00,53.2868,45.8168,49.92305
2008-10-25 06:00:00,52.4768,42.4868,47.691803
2008-10-26 06:00:00,53.4668,36.9068,47.82305
2008-10-27 06:00:00,45.0968,36.8168,40.93805
2008-10-28 06:00:00,43.2068,32.9468,37.878048
2008-10-29 06:00:00,48.6968,34.6568,40.52555
2008-10-30 06:00:00,57.9668,34.4768,46.2518
2008-10-31 06:00:00,66.6068,48.8768,56.0393
2008-11-01 06:00:00,52.8368,49.2368,50.47055
2008-11-02 06:00:00,65.3468,48.9668,56.013054
2008-11-03 06:00:00,69.7568,55.8068,61.6343
2008-11-04 06:00:00,68.4068,53.9168,60.021797
2008-11-05 06:00:00,68.136795,52.6568,59.849304
2008-11-06 06:00:00,64.7168,51.5768,58.221798
2008-11-07 06:00:00,49.9568,39.1568,44.14055
2008-11-08 06:00:00,40.2368,34.026802,37.975548
2008-11-09 06:00:00,39.1568,32.1368,35.4593
2008-11-10 06:00:00,37.2668,27.5468,31.9718
2008-11-11 06:00:00,39.4268,27.4568,34.60055
2008-11-12 06:00:00,47.3468,37.8968,43.773052
2008-11-13 06:00:00,54.9068,44.6468,49.69805
2008-11-14 06:00:00,50.8568,43.4768,48.5018
2008-11-15 06:00:00,42.576797,35.4668,39.5768
2008-11-16 06:00:00,38.0768,30.1568,34.4693
2008-11-17 06:00:00,34.7468,28.4468,31.1918
2008-11-18 06:00:00,32.4068,24.9368,28.3418
2008-11-19 06:00:00,43.6568,28.4468,34.90805
2008-11-20 06:00:00,34.6568,25.9268,30.4793
2008-11-21 06:00:00,27.5468,19.6268,23.1818
2008-11-22 06:00:00,33.3068,19.896801,25.7993
2008-11-23 06:00:00,40.9568,23.4968,31.5368
2008-11-24 06:00:00,39.2468,31.9568,34.61555
2008-11-25 06:00:00,37.0868,28.7168,31.7168
2008-11-26 06:00:00,39.8768,26.3768,31.4918
2008-11-27 06:00:00,42.3968,24.6668,33.3068
2008-11-28 06:00:00,42.576797,29.5268,34.3793
2008-11-29 06:00:00,41.4968,25.7468,33.19055
2008-11-30 06:00:00,35.6468,33.9368,34.75805
2008-12-01 06:00:00,33.8468,18.186802,27.76055
2008-12-02 06:00:00,31.8668,15.0368,23.9993
2008-12-03 06:00:00,36.8168,23.1368,31.99805
2008-12-04 06:00:00,21.0668,10.716801,15.888054
2008-12-05 06:00:00,19.986801,4.4167995,11.984299
2008-12-06 06:00:00,30.5168,15.8468,24.1493
2008-12-07 06:00:00,20.4368,5.6768,13.375553
2008-12-08 06:00:00,36.0068,17.1968,26.466797
2008-12-09 06:00:00,37.2668,26.1068,34.1993
2008-12-10 06:00:00,28.0868,15.0368,22.596798
2008-12-11 06:00:00,30.6068,15.486801,21.8843
2008-12-12 06:00:00,17.9168,7.7467995,12.055553
2008-12-13 06:00:00,38.3468,14.586802,31.20305
2008-12-14 06:00:00,49.506798,34.7468,43.300552
2008-12-15 06:00:00,28.7168,8.826801,13.064304
2008-12-16 06:00:00,21.5168,7.7467995,15.543049
2008-12-17 06:00:00,19.896801,7.0268,13.499302
2008-12-18 06:00:00,21.6068,2.436798,12.899298
2008-12-19 06:00:00,30.3368,23.226799,28.19555
2008-12-20 06:00:00,27.726799,23.4968,24.858051
2008-12-21 06:00:00,23.6768,-7.0132027,-1.0469475
2008-12-22 06:00:00,2.7067986,-4.5832024,-1.3731995
2008-12-23 06:00:00,32.4968,2.8867989,21.108051
2008-12-24 06:00:00,33.7568,7.7467995,26.53055
2008-12-25 06:00:00,22.236801,-2.153202,9.006798
2008-12-26 06:00:00,54.8168,23.4068,37.72805
2008-12-27 06:00:00,60.396797,43.5668,55.9043
2008-12-28 06:00:00,36.7268,22.6868,28.07555
2008-12-29 06:00:00,43.8368,26.646801,33.0518
2008-12-30 06:00:00,38.6168,26.1968,30.7118
2008-12-31 06:00:00,23.3168,14.7668,18.093052
2009-01-01 06:00:00,32.0468,17.2868,24.67055
2009-01-02 06:00:00,27.9068,19.5368,25.041801
2009-01-03 06:00:00,34.1168,20.2568,28.015549
2009-01-04 06:00:00,37.8968,17.4668,30.4718
2009-01-05 06:00:00,29.1668,13.4168,20.2943
2009-01-06 06:00:00,29.8868,18.9068,24.554298
2009-01-07 06:00:00,30.4268,15.7568,25.0343
2009-01-08 06:00:00,24.1268,13.956799,17.97305
2009-01-09 06:00:00,26.736801,14.9468,21.92555
2009-01-10 06:00:00,26.8268,13.146801,24.28805
2009-01-11 06:00:00,20.3468,7.8368015,14.530548
2009-01-12 06:00:00,27.726799,9.456799,18.659302
2009-01-13 06:00:00,27.726799,-7.6432,9.033052
2009-01-14 06:00:00,15.6668,-5.5732,4.8855553
2009-01-15 06:00:00,-3.9532013,-13.313202,-8.730694
2009-01-16 06:00:00,-2.8731995,-19.433205,-10.553204
2009-01-17 06:00:00,24.1268,-0.44319916,15.801802
2009-01-18 06:00:00,16.0268,5.316799,11.556801
2009-01-19 06:00:00,19.896801,6.486801,12.869303
2009-01-20 06:00:00,19.7168,4.9567986,11.879299
2009-01-21 06:00:00,26.4668,3.8768005,14.815552
2009-01-22 06:00:00,31.2368,11.076801,21.05555
2009-01-23 06:00:00,30.3368,15.0368,26.3393
2009-01-24 06:00:00,12.966801,-3.8632011,4.289301
2009-01-25 06:00:00,11.886801,-5.2132034,2.065548
2009-01-26 06:00:00,16.6568,-5.2132034,6.535549
2009-01-27 06:00:00,18.0968,0.7268009,10.8668
2009-01-28 06:00:00,17.826801,9.2768,13.67555
2009-01-29 06:00:00,29.4368,12.966801,20.27555
2009-01-30 06:00:00,14.226801,2.346798,10.491802
2009-01-31 06:00:00,38.2568,1.5367985,22.7543
2009-02-01 06:00:00,35.8268,24.6668,31.2893
2009-02-02 06:00:00,25.8368,8.646801,19.27055
2009-02-03 06:00:00,16.7468,1.5367985,9.10055
2009-02-04 06:00:00,12.6968,-7.193199,2.879303
2009-02-05 06:00:00,25.386799,-9.083202,11.545549
2009-02-06 06:00:00,42.756798,6.6667995,26.62805
2009-02-07 06:00:00,57.3368,34.5668,47.35055
2009-02-08 06:00:00,41.3168,26.1968,34.2893
2009-02-09 06:00:00,52.2968,26.4668,39.66305
2009-02-10 06:00:00,59.9468,44.9168,52.2218
2009-02-11 06:00:00,46.8068,34.7468,41.3093
2009-02-12 06:00:00,40.9568,31.0568,35.95805
2009-02-13 06:00:00,34.9268,25.0268,30.07055
2009-02-14 06:00:00,33.2168,23.226799,29.24555
2009-02-15 06:00:00,28.9868,20.976799,24.36305
2009-02-16 06:00:00,34.026802,21.4268,26.624298
2009-02-17 06:00:00,42.756798,26.2868,33.35555
2009-02-18 06:00:00,39.2468,20.2568,33.6743
2009-02-19 06:00:00,24.1268,12.066799,18.010553
2009-02-20 06:00:00,29.4368,14.496799,21.27305
2009-02-21 06:00:00,29.8868,20.3468,24.299301
2009-02-22 06:00:00,24.396801,16.1168,19.96055
2009-02-23 06:00:00,23.5868,10.2668,16.698048
2009-02-24 06:00:00,38.6168,16.4768,28.3043
2009-02-25 06:00:00,54.5468,30.8768,40.06055
2009-02-26 06:00:00,53.2868,29.7068,40.74305
2009-02-27 06:00:00,47.256798,9.546801,22.22555
2009-02-28 06:00:00,23.0468,9.0068,15.460548
2009-03-01 06:00:00,19.086802,6.8468,13.664301
2009-03-02 06:00:00,16.1168,4.236801,9.08555
2009-03-03 06:00:00,28.2668,3.3368015,17.324299
2009-03-04 06:00:00,43.8368,24.0368,32.988052
2009-03-05 06:00:00,63.9068,34.3868,49.7243
2009-03-06 06:00:00,61.8368,32.7668,49.72055
2009-03-07 06:00:00,38.6168,31.9568,35.67305
2009-03-08 06:00:00,55.0868,32.7668,38.5718
2009-03-09 06:00:00,41.8568,30.6968,35.17805
2009-03-10 06:00:00,61.566795,35.1968,47.8118
2009-03-11 06:00:00,32.0468,18.0968,25.3118
2009-03-12 06:00:00,22.6868,13.236801,18.141802
2009-03-13 06:00:00,40.506798,18.0968,27.8768
2009-03-14 06:00:00,47.0768,24.396801,35.148052
2009-03-15 06:00:00,53.7368,27.9968,39.835552
2009-03-16 06:00:00,58.9568,37.8068,46.55555
2009-03-17 06:00:00,69.666794,43.7468,56.729294
2009-03-18 06:00:00,55.8068,40.0568,46.4093
2009-03-19 06:00:00,42.1268,24.396801,34.43555
2009-03-20 06:00:00,39.6968,22.6868,30.629301
2009-03-21 06:00:00,57.0668,34.2968,43.99805
2009-03-22 06:00:00,55.7168,35.3768,45.651802
2009-03-23 06:00:00,52.026802,37.0868,44.6168
2009-03-24 06:00:00,65.9768,45.006798,54.550552
2009-03-25 06:00:00,54.8168,40.8668,46.2893
2009-03-26 06:00:00,55.0868,39.0668,46.0418
2009-03-27 06:00:00,42.1268,31.2368,36.51305
2009-03-28 06:00:00,36.2768,29.5268,33.00305
2009-03-29 06:00:00,39.6968,30.6068,34.0868
2009-03-30 06:00:00,38.7068,22.8668,32.15555
2009-03-31 06:00:00,50.7668,38.7968,44.5568
2009-04-01 06:00:00,52.1168,36.8168,43.739304
2009-04-02 06:00:00,49.506798,37.0868,43.131798
2009-04-03 06:00:00,48.6068,35.7368,40.91555
2009-04-04 06:00:00,46.3568,33.1268,38.744297
2009-04-05 06:00:00,39.9668,31.5068,35.35805
2009-04-06 06:00:00,37.8968,30.1568,33.2543
2009-04-07 06:00:00,47.1668,29.7068,37.6418
2009-04-08 06:00:00,52.026802,30.9668,41.77055
2009-04-09 06:00:00,54.9068,32.4968,43.7993
2009-04-10 06:00:00,42.4868,35.6468,38.4668
2009-04-11 06:00:00,43.6568,32.4068,37.56305
2009-04-12 06:00:00,49.0568,31.4168,40.24805
2009-04-13 06:00:00,41.5868,35.1968,38.23055
2009-04-14 06:00:00,42.576797,36.7268,38.721798
2009-04-15 06:00:00,51.3968,36.6368,42.303047
2009-04-16 06:00:00,56.6168,34.7468,45.10805
2009-04-17 06:00:00,64.2668,36.6368,50.909298
2009-04-18 06:00:00,69.8468,40.326797,56.07305
2009-04-19 06:00:00,55.0868,44.9168,49.8368
2009-04-20 06:00:00,51.3068,39.3368,44.41055
2009-04-21 06:00:00,43.5668,35.7368,39.71555
2009-04-22 06:00:00,59.2268,36.1868,46.098053
2009-04-23 06:00:00,63.3668,36.9968,50.6843
2009-04-24 06:00:00,79.9268,52.2968,66.490555
2009-04-25 06:00:00,75.5168,41.136803,62.946804
2009-04-26 06:00:00,77.316795,43.2068,63.651802
2009-04-27 06:00:00,70.2968,55.8068,65.71805
2009-04-28 06:00:00,50.136803,41.5868,44.7518
2009-04-29 06:00:00,54.3668,46.3568,50.3693
2009-04-30 06:00:00,61.1168,51.6668,56.988052
2009-05-01 06:00:00,59.4068,44.6468,53.5418
2009-05-02 06:00:00,62.916798,43.2968,53.86805
2009-05-03 06:00:00,68.2268,42.756798,56.684296
2009-05-04 06:00:00,65.6168,44.4668,55.709297
2009-05-05 06:00:00,66.066795,50.5868,58.5743
2009-05-06 06:00:00,71.4668,52.9268,61.893047
2009-05-07 06:00:00,74.9768,55.3568,64.12055
2009-05-08 06:00:00,71.0168,54.636803,62.88305
2009-05-09 06:00:00,60.1268,49.5968,53.943054
2009-05-10 06:00:00,63.6368,43.6568,51.3443
2009-05-11 06:00:00,58.9568,40.326797,51.13055
2009-05-12 06:00:00,66.9668,41.8568,56.46305
2009-05-13 06:00:00,69.5768,52.1168,61.019306
2009-05-14 06:00:00,67.0568,53.1968,60.80555
2009-05-15 06:00:00,64.0868,52.7468,57.659306
2009-05-16 06:00:00,61.8368,47.7968,56.358055
2009-05-17 06:00:00,60.396797,42.3968,51.94805
2009-05-18 06:00:00,63.9968,44.1968,55.461803
2009-05-19 06:00:00,76.2368,52.2068,64.45805
2009-05-20 06:00:00,78.7568,58.596798,68.65805
2009-05-21 06:00:00,80.7368,61.026802,70.57055
2009-05-22 06:00:00,64.4468,54.7268,59.058052
2009-05-23 06:00:00,76.9568,52.9268,64.74305
2009-05-24 06:00:00,66.3368,54.9968,59.83805
2009-05-25 06:00:00,63.096798,54.8168,59.42555
2009-05-26 06:00:00,72.9068,58.2368,63.87305
2009-05-27 06:00:00,74.7068,56.256798,65.826805
2009-05-28 06:00:00,61.566795,54.5468,58.34555
2009-05-29 06:00:00,74.6168,51.6668,61.469296
2009-05-30 06:00:00,72.5468,48.4268,61.233055
2009-05-31 06:00:00,69.5768,50.8568,61.161797
2009-06-01 06:00:00,81.0968,55.9868,65.0618
2009-06-02 06:00:00,60.2168,53.0168,56.4293
2009-06-03 06:00:00,58.596798,49.2368,54.82055
2009-06-04 06:00:00,65.3468,47.7068,56.718052
2009-06-05 06:00:00,74.7968,45.9068,62.8343
2009-06-06 06:00:00,65.886795,55.3568,60.6668
2009-06-07 06:00:00,74.166794,62.736797,68.02431
2009-06-08 06:00:00,76.5068,63.6368,69.663055
2009-06-09 06:00:00,67.5968,58.776802,62.6693
2009-06-10 06:00:00,65.166794,56.526802,60.3443
2009-06-11 06:00:00,63.276802,56.436802,59.496803
2009-06-12 06:00:00,70.0268,55.3568,63.138054
2009-06-13 06:00:00,67.0568,58.686802,62.3768
2009-06-14 06:00:00,73.3568,55.5368,64.8968
2009-06-15 06:00:00,77.136795,56.9768,67.604294
2009-06-16 06:00:00,74.166794,64.8968,67.2218
2009-06-17 06:00:00,70.2968,61.6568,65.96931
2009-06-18 06:00:00,80.6468,60.1268,71.043045
2009-06-19 06:00:00,84.7868,71.1968,77.51555
2009-06-20 06:00:00,85.5068,67.2368,76.5968
2009-06-21 06:00:00,82.4468,68.4068,76.18805
2009-06-22 06:00:00,85.1468,71.6468,76.334305
2009-06-23 06:00:00,88.9268,70.4768,80.605545
2009-06-24 06:00:00,90.9968,74.2568,82.1168
2009-06-25 06:00:00,89.3768,72.996796,80.9618
2009-06-26 06:00:00,82.1768,70.746796,75.91431
2009-06-27 06:00:00,86.136795,64.8968,76.55555
2009-06-28 06:00:00,79.8368,67.6868,73.8893
2009-06-29 06:00:00,73.5368,64.8068,69.0443
2009-06-30 06:00:00,66.8768,61.2068,64.026794
2009-07-01 06:00:00,63.4568,59.3168,61.2893
2009-07-02 06:00:00,70.9268,58.596798,65.61305
2009-07-03 06:00:00,76.5068,62.1968,69.83555
2009-07-04 06:00:00,71.916794,63.096798,67.8668
2009-07-05 06:00:00,79.2968,60.1268,70.63055
2009-07-06 06:00:00,81.816795,63.816795,73.2893
2009-07-07 06:00:00,75.1568,65.7968,69.45305
2009-07-08 06:00:00,69.8468,61.566795,65.155556
2009-07-09 06:00:00,76.8668,61.7468,70.0343
2009-07-10 06:00:00,83.0768,63.9068,73.5593
2009-07-11 06:00:00,83.2568,68.0468,74.898056
2009-07-12 06:00:00,79.746796,63.096798,72.0818
2009-07-13 06:00:00,76.3268,65.3468,70.8443
2009-07-14 06:00:00,78.9368,60.1268,70.9643
2009-07-15 06:00:00,84.5168,69.5768,75.49805
2009-07-16 06:00:00,80.5568,65.6168,71.9993
2009-07-17 06:00:00,69.1268,59.7668,64.0268
2009-07-18 06:00:00,69.8468,59.2268,64.4918
2009-07-19 06:00:00,69.8468,59.9468,65.0918
2009-07-20 06:00:00,74.0768,56.256798,67.30805
2009-07-21 06:00:00,78.4868,62.916798,70.7018
2009-07-22 06:00:00,78.3068,63.3668,70.5518
2009-07-23 06:00:00,77.2268,63.9968,69.71555
2009-07-24 06:00:00,83.6168,63.276802,74.08055
2009-07-25 06:00:00,79.2068,68.4068,72.644295
2009-07-26 06:00:00,79.2068,64.6268,72.2543
2009-07-27 06:00:00,84.1568,66.1568,75.88055
2009-07-28 06:00:00,83.346794,70.746796,76.00805
2009-07-29 06:00:00,78.666794,66.1568,72.25806
2009-07-30 06:00:00,79.566795,61.2968,70.91555
2009-07-31 06:00:00,80.1968,61.4768,71.42555
2009-08-01 06:00:00,72.996796,64.2668,68.823044
2009-08-02 06:00:00,78.7568,59.6768,69.9068
2009-08-03 06:00:00,82.8068,67.7768,74.928055
2009-08-04 06:00:00,86.316795,68.316795,76.60055
2009-08-05 06:00:00,77.496796,67.1468,72.35555
2009-08-06 06:00:00,78.5768,61.6568,70.8143
2009-08-07 06:00:00,78.8468,65.886795,69.1418
2009-08-08 06:00:00,89.646805,67.1468,79.12429
2009-08-09 06:00:00,90.7268,77.0468,83.279305
2009-08-10 06:00:00,82.8968,72.2768,76.75806
2009-08-11 06:00:00,78.2168,68.4068,73.53305
2009-08-12 06:00:00,79.386795,64.5368,71.8493
2009-08-13 06:00:00,83.7968,61.2968,73.93055
2009-08-14 06:00:00,86.5868,65.5268,77.49304
2009-08-15 06:00:00,86.496796,68.2268,78.39305
2009-08-16 06:00:00,83.7068,72.5468,77.33555
2009-08-17 06:00:00,81.1868,69.9368,74.82305
2009-08-18 06:00:00,82.0868,68.316795,74.62805
2009-08-19 06:00:00,79.386795,60.4868,71.429306
2009-08-20 06:00:00,77.0468,67.5068,71.7893
2009-08-21 06:00:00,72.7268,63.276802,66.9218
2009-08-22 06:00:00,68.496796,60.0368,63.97055
2009-08-23 06:00:00,70.2968,60.4868,65.163055
2009-08-24 06:00:00,77.5868,58.3268,68.4818
2009-08-25 06:00:00,81.2768,62.1068,71.8643
2009-08-26 06:00:00,70.746796,67.7768,68.93555
2009-08-27 06:00:00,66.6968,63.006798,64.960556
2009-08-28 06:00:00,70.746796,62.466797,66.273056
2009-08-29 06:00:00,67.0568,58.506798,62.500553
2009-08-30 06:00:00,64.8068,57.3368,60.26555
2009-08-31 06:00:00,65.2568,55.5368,60.26555
2009-09-01 06:00:00,69.8468,51.2168,61.84055
2009-09-02 06:00:00,71.0168,55.0868,63.8993
2009-09-03 06:00:00,73.5368,59.5868,66.53931
2009-09-04 06:00:00,74.0768,56.886803,66.24304
2009-09-05 06:00:00,76.2368,56.7068,68.35055
2009-09-06 06:00:00,75.5168,62.736797,69.0518
2009-09-07 06:00:00,75.246796,64.0868,69.348045
2009-09-08 06:00:00,74.9768,62.466797,69.276794
2009-09-09 06:00:00,74.4368,64.2668,69.63304
2009-09-10 06:00:00,77.8568,65.886795,71.5343
2009-09-11 06:00:00,76.9568,64.6268,70.75055
2009-09-12 06:00:00,75.6968,62.646797,69.471794
2009-09-13 06:00:00,76.8668,59.8568,68.71055
2009-09-14 06:00:00,80.916794,58.776802,69.73805
2009-09-15 06:00:00,79.1168,62.466797,69.6968
2009-09-16 06:00:00,68.2268,62.1968,65.74055
2009-09-17 06:00:00,68.9468,56.0768,62.4668
2009-09-18 06:00:00,75.246796,53.1068,64.4618
2009-09-19 06:00:00,72.4568,59.4968,67.12805
2009-09-20 06:00:00,70.566795,59.5868,65.88305
2009-09-21 06:00:00,73.5368,63.096798,67.91555
2009-09-22 06:00:00,75.066795,64.9868,69.01805
2009-09-23 06:00:00,74.166794,63.1868,68.245544
2009-09-24 06:00:00,73.3568,63.4568,68.60555
2009-09-25 06:00:00,69.666794,63.4568,66.3743
2009-09-26 06:00:00,68.6768,57.9668,62.969303
2009-09-27 06:00:00,72.1868,54.7268,62.9618
2009-09-28 06:00:00,60.756798,51.8468,56.568054
2009-09-29 06:00:00,57.6068,48.6068,53.48555
2009-09-30 06:00:00,57.9668,49.0568,53.2718
2009-10-01 06:00:00,60.2168,46.4468,52.80305
2009-10-02 06:00:00,55.5368,47.7968,51.528053
2009-10-03 06:00:00,57.8768,46.5368,50.733047
2009-10-04 06:00:00,57.6068,47.9768,52.514297
2009-10-05 06:00:00,59.4968,43.7468,51.903053
2009-10-06 06:00:00,59.0468,48.2468,54.3968
2009-10-07 06:00:00,58.2368,46.9868,51.80555
2009-10-08 06:00:00,54.006798,48.4268,51.2843
2009-10-09 06:00:00,51.2168,42.3068,46.9418
2009-10-10 06:00:00,48.6068,35.1068,40.8743
2009-10-11 06:00:00,43.4768,32.6768,38.6543
2009-10-12 06:00:00,49.3268,40.4168,45.370552
2009-10-13 06:00:00,46.0868,37.2668,42.61805
2009-10-14 06:00:00,46.2668,43.026802,44.669304
2009-10-15 06:00:00,44.0168,40.9568,42.100548
2009-10-16 06:00:00,46.6268,39.9668,42.651802
2009-10-17 06:00:00,49.776802,38.0768,43.4168
2009-10-18 06:00:00,52.026802,32.7668,43.15805
2009-10-19 06:00:00,62.3768,43.9268,52.1918
2009-10-20 06:00:00,62.916798,53.0168,57.56555
2009-10-21 06:00:00,67.9568,54.276802,60.2318
2009-10-22 06:00:00,58.686802,49.0568,52.71305
2009-10-23 06:00:00,60.2168,44.4668,52.2818
2009-10-24 06:00:00,50.2268,41.3168,44.29055
2009-10-25 06:00:00,61.9268,44.1068,51.70805
2009-10-26 06:00:00,55.5368,48.8768,52.008053
2009-10-27 06:00:00,52.1168,42.3068,48.61055
2009-10-28 06:00:00,58.2368,47.886803,53.6543
2009-10-29 06:00:00,59.7668,52.2068,55.5593
2009-10-30 06:00:00,67.6868,48.6068,59.5868
2009-10-31 06:00:00,48.1568,39.7868,43.94555
2009-11-01 06:00:00,51.1268,32.9468,42.9443
2009-11-02 06:00:00,57.1568,42.576797,47.714302
2009-11-03 06:00:00,45.4568,36.1868,40.9193
2009-11-04 06:00:00,51.3068,39.8768,44.7218
2009-11-05 06:00:00,52.5668,36.0968,42.95555
2009-11-06 06:00:00,58.8668,35.4668,48.94055
2009-11-07 06:00:00,67.9568,51.5768,58.0793
2009-11-08 06:00:00,67.5068,46.6268,56.85305
2009-11-09 06:00:00,63.3668,49.5968,56.87555
2009-11-10 06:00:00,52.4768,46.5368,49.743053
2009-11-11 06:00:00,50.5868,37.5368,44.9468
2009-11-12 06:00:00,51.2168,35.1068,42.53555
2009-11-13 06:00:00,55.4468,39.2468,47.418053
2009-11-14 06:00:00,60.6668,47.886803,53.63555
2009-11-15 06:00:00,52.5668,43.4768,45.918053
2009-11-16 06:00:00,46.2668,43.8368,45.231804
2009-11-17 06:00:00,46.3568,43.1168,44.8943
2009-11-18 06:00:00,47.886803,40.506798,45.28805
2009-11-19 06:00:00,45.9068,39.3368,42.3293
2009-11-20 06:00:00,52.9268,40.2368,46.131798
2009-11-21 06:00:00,51.3968,38.8868,44.988052
2009-11-22 06:00:00,54.4568,40.4168,46.176804
2009-11-23 06:00:00,49.776802,41.2268,44.995552
2009-11-24 06:00:00,50.6768,36.9968,45.3143
2009-11-25 06:00:00,50.4068,36.0968,43.99805
2009-11-26 06:00:00,42.756798,34.9268,38.38805
2009-11-27 06:00:00,38.7968,31.3268,34.55555
2009-11-28 06:00:00,51.6668,32.0468,39.26555
2009-11-29 06:00:00,43.026802,33.4868,37.7618
2009-11-30 06:00:00,40.506798,31.8668,36.39305
2009-12-01 06:00:00,52.4768,35.4668,43.12805
2009-12-02 06:00:00,43.7468,35.5568,40.14305
2009-12-03 06:00:00,36.9968,27.3668,32.83805
2009-12-04 06:00:00,28.0868,23.6768,25.146801
2009-12-05 06:00:00,31.7768,21.6068,25.93055
2009-12-06 06:00:00,36.3668,26.0168,29.9843
2009-12-07 06:00:00,35.5568,26.4668,29.9468
2009-12-08 06:00:00,34.5668,27.1868,31.518051
2009-12-09 06:00:00,34.3868,17.826801,30.4868
2009-12-10 06:00:00,15.576801,-0.9832039,4.240549
2009-12-11 06:00:00,18.9068,4.7768,10.866802
2009-12-12 06:00:00,34.7468,8.826801,26.6543
2009-12-13 06:00:00,36.8168,29.6168,34.2518
2009-12-14 06:00:00,40.2368,26.4668,34.16555
2009-12-15 06:00:00,26.2868,7.2067986,17.32805
2009-12-16 06:00:00,22.8668,4.3268013,14.061802
2009-12-17 06:00:00,33.0368,14.136801,26.324299
2009-12-18 06:00:00,35.3768,29.1668,32.37305
2009-12-19 06:00:00,34.5668,28.896801,32.6018
2009-12-20 06:00:00,30.9668,23.226799,27.6968
2009-12-21 06:00:00,28.2668,21.3368,25.72805
2009-12-22 06:00:00,32.8568,26.3768,30.12305
2009-12-23 06:00:00,31.7768,29.3468,30.5693
2009-12-24 06:00:00,36.6368,31.7768,33.5018
2009-12-25 06:00:00,43.386803,22.6868,35.1068
2009-12-26 06:00:00,27.0968,20.2568,23.714298
2009-12-27 06:00:00,21.5168,17.0168,18.929298
2009-12-28 06:00:00,29.7968,13.5968,22.7468
2009-12-29 06:00:00,23.7668,13.326801,17.8493
2009-12-30 06:00:00,29.7068,17.556799,25.068048
2009-12-31 06:00:00,31.8668,12.966801,25.701801
2010-01-01 06:00:00,16.7468,6.1268005,11.834301
2010-01-02 06:00:00,10.806799,2.7067986,7.2480507
2010-01-03 06:00:00,17.1968,4.056799,10.004299
2010-01-04 06:00:00,19.3568,8.0168,13.525551
2010-01-05 06:00:00,23.4968,12.966801,17.515553
2010-01-06 06:00:00,23.4968,14.226801,18.614302
2010-01-07 06:00:00,22.4168,15.486801,18.61805
2010-01-08 06:00:00,26.5568,11.6168,20.0318
2010-01-09 06:00:00,20.7968,6.8468,12.408052
2010-01-10 06:00:00,18.186802,-3.3232002,6.32555
2010-01-11 06:00:00,25.476799,14.406799,20.68055
2010-01-12 06:00:00,30.1568,15.396801,22.8518
2010-01-13 06:00:00,32.5868,15.0368,24.28805
2010-01-14 06:00:00,38.1668,29.5268,33.64805
2010-01-15 06:00:00,31.6868,25.8368,29.35055
2010-01-16 06:00:00,29.4368,22.146801,25.574299
2010-01-17 06:00:00,32.6768,14.9468,24.2468
2010-01-18 06:00:00,33.6668,27.5468,29.98055
2010-01-19 06:00:00,33.7568,20.3468,26.928051
2010-01-20 06:00:00,31.6868,21.7868,29.07305
2010-01-21 06:00:00,33.9368,28.1768,30.9068
2010-01-22 06:00:00,35.1068,31.6868,33.3593
2010-01-23 06:00:00,42.2168,32.4968,37.69805
2010-01-24 06:00:00,45.4568,30.3368,39.7193
2010-01-25 06:00:00,33.7568,21.7868,29.11055
2010-01-26 06:00:00,26.2868,13.056799,20.646797
2010-01-27 06:00:00,24.5768,9.546801,17.48555
2010-01-28 06:00:00,17.736801,7.566799,11.568052
2010-01-29 06:00:00,19.6268,6.0368004,13.045551
2010-01-30 06:00:00,24.7568,16.206799,20.155552
2010-01-31 06:00:00,30.0668,12.156799,20.35805
2010-02-01 06:00:00,30.6068,15.486801,22.9793
2010-02-02 06:00:00,33.8468,24.6668,28.7693
2010-02-03 06:00:00,30.8768,22.4168,26.51555
2010-02-04 06:00:00,32.9468,16.7468,26.1818
2010-02-05 06:00:00,34.026802,28.4468,30.8318
2010-02-06 06:00:00,27.3668,20.7968,23.140549
2010-02-07 06:00:00,28.1768,19.4468,23.823048
2010-02-08 06:00:00,27.9068,18.456799,23.958048
2010-02-09 06:00:00,27.726799,18.8168,24.25055
2010-02-10 06:00:00,25.7468,16.6568,20.7593
2010-02-11 06:00:00,26.646801,1.0867977,14.181801
2010-02-12 06:00:00,29.3468,-0.1731987,14.763052
2010-02-13 06:00:00,28.9868,0.99679947,13.589302
2010-02-14 06:00:00,29.0768,6.486801,16.938051
2010-02-15 06:00:00,27.726799,11.886801,20.2793
2010-02-16 06:00:00,30.4268,21.5168,25.2818
2010-02-17 06:00:00,33.6668,18.6368,26.9093
2010-02-18 06:00:00,38.1668,23.1368,30.69305
2010-02-19 06:00:00,37.1768,14.226801,26.039299
2010-02-20 06:00:00,36.7268,27.1868,31.4093
2010-02-21 06:00:00,35.1068,23.5868,30.0818
2010-02-22 06:00:00,32.3168,28.3568,30.79805
2010-02-23 06:00:00,34.1168,22.236801,27.7568
2010-02-24 06:00:00,28.4468,21.1568,24.3743
2010-02-25 06:00:00,28.1768,12.966801,19.5968
2010-02-26 06:00:00,32.2268,12.246799,22.671799
2010-02-27 06:00:00,33.3968,25.0268,29.09555
2010-02-28 06:00:00,35.8268,26.736801,30.5243
2010-03-01 06:00:00,34.4768,24.5768,28.4618
2010-03-02 06:00:00,32.0468,21.2468,25.593052
2010-03-03 06:00:00,35.6468,19.086802,25.983051
2010-03-04 06:00:00,38.6168,19.986801,27.62555
2010-03-05 06:00:00,35.5568,14.316799,25.608047
2010-03-06 06:00:00,41.6768,24.2168,31.7318
2010-03-07 06:00:00,44.0168,22.236801,32.9693
2010-03-08 06:00:00,46.7168,28.1768,36.096798
2010-03-09 06:00:00,50.9468,29.8868,40.78055
2010-03-10 06:00:00,60.846798,43.1168,50.28305
2010-03-11 06:00:00,55.5368,46.6268,49.6643
2010-03-12 06:00:00,50.8568,39.2468,44.56805
2010-03-13 06:00:00,43.6568,39.3368,41.699303
2010-03-14 06:00:00,45.4568,37.0868,40.0193
2010-03-15 06:00:00,46.2668,34.8368,40.2518
2010-03-16 06:00:00,56.0768,32.1368,43.37555
2010-03-17 06:00:00,58.506798,27.2768,41.84555
2010-03-18 06:00:00,60.2168,37.1768,48.97055
2010-03-19 06:00:00,62.736797,38.5268,49.311802
2010-03-20 06:00:00,37.5368,30.0668,31.46555
2010-03-21 06:00:00,37.8068,31.6868,34.14305
2010-03-22 06:00:00,44.8268,33.8468,37.6343
2010-03-23 06:00:00,54.006798,27.726799,40.27055
2010-03-24 06:00:00,51.1268,33.0368,41.575546
2010-03-25 06:00:00,43.026802,26.4668,34.08305
2010-03-26 06:00:00,37.6268,25.7468,30.820549
2010-03-27 06:00:00,48.1568,31.5968,39.16805
2010-03-28 06:00:00,47.7968,35.2868,40.16555
2010-03-29 06:00:00,43.2968,29.7968,35.82305
2010-03-30 06:00:00,59.8568,28.896801,45.9968
2010-03-31 06:00:00,72.7268,49.506798,59.87555
2010-04-01 06:00:00,78.1268,54.9068,66.33305
2010-04-02 06:00:00,76.3268,60.0368,67.49555
2010-04-03 06:00:00,61.2968,49.5968,53.60555
2010-04-04 06:00:00,72.4568,44.5568,57.378048
2010-04-05 06:00:00,68.316795,50.136803,57.94055
2010-04-06 06:00:00,75.1568,43.5668,60.704304
2010-04-07 06:00:00,47.436802,40.6868,42.31055
2010-04-08 06:00:00,43.7468,35.3768,38.72555
2010-04-09 06:00:00,53.9168,31.9568,42.55055
2010-04-10 06:00:00,71.5568,41.2268,55.58555
2010-04-11 06:00:00,58.506798,44.7368,50.706802
2010-04-12 06:00:00,65.5268,45.7268,54.8168
2010-04-13 06:00:00,60.5768,46.8968,53.331806
2010-04-14 06:00:00,75.3368,47.256798,61.394302
2010-04-15 06:00:00,78.7568,60.4868,68.8043
2010-04-16 06:00:00,64.9868,43.7468,58.2668
2010-04-17 06:00:00,55.7168,38.4368,45.6893
2010-04-18 06:00:00,49.9568,36.4568,42.2243
2010-04-19 06:00:00,53.4668,34.5668,43.9943
2010-04-20 06:00:00,60.0368,37.5368,48.41555
2010-04-21 06:00:00,56.886803,39.9668,45.88805
2010-04-22 06:00:00,55.7168,38.0768,45.6968
2010-04-23 06:00:00,62.8268,41.136803,51.940548
2010-04-24 06:00:00,64.0868,51.4868,55.945553
2010-04-25 06:00:00,57.6968,46.6268,52.056805
2010-04-26 06:00:00,57.5168,43.8368,49.60055
2010-04-27 06:00:00,47.7068,38.4368,43.8368
2010-04-28 06:00:00,60.5768,35.4668,49.2218
2010-04-29 06:00:00,73.8968,48.6068,61.98305
2010-04-30 06:00:00,77.6768,62.016796,69.5768
2010-05-01 06:00:00,73.2668,58.8668,65.64305
2010-05-02 06:00:00,67.7768,54.5468,60.355553
2010-05-03 06:00:00,70.2968,51.936802,60.5393
2010-05-04 06:00:00,75.9668,50.3168,63.95555
2010-05-05 06:00:00,69.7568,56.7068,62.83805
2010-05-06 06:00:00,58.506798,46.8068,52.38305
2010-05-07 06:00:00,56.886803,46.7168,51.53555
2010-05-08 06:00:00,49.9568,43.6568,46.983047
2010-05-09 06:00:00,55.8968,39.5168,48.05555
2010-05-10 06:00:00,57.5168,41.9468,51.13805
2010-05-11 06:00:00,57.5168,45.9968,50.039303
2010-05-12 06:00:00,53.7368,46.8968,49.964302
2010-05-13 06:00:00,76.1468,51.1268,62.49305
2010-05-14 06:00:00,66.1568,49.506798,58.319298
2010-05-15 06:00:00,59.7668,48.2468,54.029305
2010-05-16 06:00:00,63.276802,47.7068,55.4768
2010-05-17 06:00:00,56.6168,52.6568,54.475555
2010-05-18 06:00:00,58.776802,51.3068,54.966805
2010-05-19 06:00:00,69.9368,49.776802,59.496803
2010-05-20 06:00:00,71.2868,50.4968,61.926796
2010-05-21 06:00:00,68.7668,58.596798,63.00305
2010-05-22 06:00:00,70.6568,56.9768,64.9493
2010-05-23 06:00:00,85.8668,63.276802,74.9393
2010-05-24 06:00:00,85.9568,69.4868,77.3018
2010-05-25 06:00:00,83.7968,67.8668,75.4568
2010-05-26 06:00:00,83.2568,65.7068,74.03555
2010-05-27 06:00:00,73.2668,61.9268,67.9193
2010-05-28 06:00:00,73.2668,57.8768,64.9418
2010-05-29 06:00:00,81.0968,60.6668,70.5443
2010-05-30 06:00:00,86.496796,65.6168,76.5293
2010-05-31 06:00:00,82.0868,64.8068,72.490555
2010-06-01 06:00:00,82.3568,62.646797,73.17305
2010-06-02 06:00:00,75.7868,64.0868,70.66055
2010-06-03 06:00:00,69.3968,59.3168,64.32305
2010-06-04 06:00:00,81.0968,60.846798,70.833046
2010-06-05 06:00:00,78.1268,67.8668,72.276794
2010-06-06 06:00:00,73.8968,59.5868,65.5268
2010-06-07 06:00:00,67.5068,58.506798,62.898052
2010-06-08 06:00:00,64.9868,59.7668,61.9418
2010-06-09 06:00:00,80.7368,65.7968,72.43805
2010-06-10 06:00:00,74.3468,60.5768,67.4243
2010-06-11 06:00:00,85.2368,64.1768,76.7993
2010-06-12 06:00:00,80.0168,64.1768,72.12305
2010-06-13 06:00:00,72.3668,62.916798,67.43555
2010-06-14 06:00:00,72.636795,64.2668,67.9193
2010-06-15 06:00:00,79.1168,64.8968,72.3818
2010-06-16 06:00:00,79.0268,63.6368,72.20555
2010-06-17 06:00:00,80.6468,64.1768,73.9943
2010-06-18 06:00:00,87.4868,70.9268,76.011795
2010-06-19 06:00:00,83.7068,70.2068,76.74306
2010-06-20 06:00:00,79.1168,65.0768,72.61055
2010-06-21 06:00:00,85.1468,69.8468,75.8018
2010-06-22 06:00:00,86.0468,70.4768,78.2768
2010-06-23 06:00:00,88.4768,74.4368,79.443054
2010-06-24 06:00:00,78.4868,66.4268,72.9143
2010-06-25 06:00:00,82.6268,64.5368,74.51555
2010-06-26 06:00:00,85.416794,69.3968,76.10181
2010-06-27 06:00:00,84.5168,73.4468,78.858055
2010-06-28 06:00:00,80.1968,67.9568,74.489296
2010-06-29 06:00:00,70.2068,60.4868,66.2018
2010-06-30 06:00:00,73.7168,55.3568,66.003044
2010-07-01 06:00:00,74.0768,59.136803,67.724304
2010-07-02 06:00:00,80.4668,60.846798,70.803055
2010-07-03 06:00:00,83.886795,62.286797,73.5368
2010-07-04 06:00:00,87.7568,68.6768,78.6368
2010-07-05 06:00:00,88.0268,76.2368,81.40054
2010-07-06 06:00:00,87.3968,74.886795,79.36055
2010-07-07 06:00:00,90.4568,72.3668,81.3368
2010-07-08 06:00:00,84.7868,72.5468,77.8943
2010-07-09 06:00:00,84.066795,69.7568,77.84555
2010-07-10 06:00:00,85.596794,65.9768,76.428055
2010-07-11 06:00:00,84.246796,67.8668,76.0493
2010-07-12 06:00:00,82.4468,67.0568,74.38055
2010-07-13 06:00:00,81.2768,69.3968,74.5943
2010-07-14 06:00:00,88.4768,69.0368,79.91555
2010-07-15 06:00:00,86.6768,73.5368,80.53805
2010-07-16 06:00:00,88.2068,68.136795,78.54681
2010-07-17 06:00:00,88.566795,70.6568,80.069305
2010-07-18 06:00:00,86.136795,72.1868,79.53305
2010-07-19 06:00:00,83.7968,70.746796,75.88429
2010-07-20 06:00:00,82.5368,69.7568,75.65555
2010-07-21 06:00:00,87.3068,71.8268,79.5368
2010-07-22 06:00:00,87.0368,69.4868,79.00806
2010-07-23 06:00:00,91.4468,77.316795,83.69555
2010-07-24 06:00:00,87.5768,73.7168,78.505554
2010-07-25 06:00:00,77.2268,69.3968,74.15931
2010-07-26 06:00:00,82.4468,66.4268,75.32555
2010-07-27 06:00:00,85.6868,67.8668,77.78555
2010-07-28 06:00:00,86.136795,74.5268,79.43554
2010-07-29 06:00:00,78.5768,70.2068,74.91305
2010-07-30 06:00:00,79.566795,68.8568,73.52554
2010-07-31 06:00:00,76.7768,67.8668,71.7143
2010-08-01 06:00:00,82.0868,65.7968,74.4893
2010-08-02 06:00:00,83.5268,69.2168,76.72804
2010-08-03 06:00:00,84.9668,72.1868,77.3093
2010-08-04 06:00:00,84.69679,74.4368,78.4643
2010-08-05 06:00:00,82.5368,69.7568,75.78304
2010-08-06 06:00:00,79.0268,64.7168,72.49805
2010-08-07 06:00:00,80.8268,64.8068,73.87805
2010-08-08 06:00:00,87.2168,70.2968,78.5768
2010-08-09 06:00:00,85.6868,75.4268,79.146805
2010-08-10 06:00:00,85.2368,75.4268,79.911804
2010-08-11 06:00:00,87.666794,76.5968,81.40805
2010-08-12 06:00:00,87.846794,74.9768,81.52806
2010-08-13 06:00:00,89.7368,74.5268,82.4393
2010-08-14 06:00:00,86.6768,72.816795,79.27431
2010-08-15 06:00:00,83.346794,70.8368,77.72555
2010-08-16 06:00:00,79.1168,65.7968,72.115555
2010-08-17 06:00:00,78.9368,65.7968,71.65805
2010-08-18 06:00:00,80.7368,63.7268,72.636795
2010-08-19 06:00:00,86.6768,68.5868,77.7743
2010-08-20 06:00:00,90.1868,73.5368,81.8543
2010-08-21 06:00:00,83.7068,71.2868,76.919304
2010-08-22 06:00:00,79.386795,70.9268,74.676796
2010-08-23 06:00:00,77.316795,67.8668,72.8243
2010-08-24 06:00:00,81.4568,66.066795,74.14055
2010-08-25 06:00:00,77.5868,64.8068,70.9868
2010-08-26 06:00:00,75.7868,62.8268,68.8643
2010-08-27 06:00:00,81.996796,60.846798,71.3768
2010-08-28 06:00:00,83.7068,64.7168,74.32805
2010-08-29 06:00:00,89.4668,68.316795,79.19554
2010-08-30 06:00:00,86.0468,73.2668,79.7318
2010-08-31 06:00:00,89.4668,74.9768,81.6443
2010-09-01 06:00:00,79.8368,71.8268,75.175545
2010-09-02 06:00:00,81.7268,69.5768,73.66431
2010-09-03 06:00:00,69.3068,60.1268,64.4993
2010-09-04 06:00:00,65.7968,55.7168,60.333046
2010-09-05 06:00:00,72.4568,52.6568,63.903053
2010-09-06 06:00:00,79.0268,64.8968,72.6293
2010-09-07 06:00:00,75.5168,61.9268,69.959305
2010-09-08 06:00:00,69.2168,55.4468,62.1293
2010-09-09 06:00:00,66.3368,57.0668,62.088055
2010-09-10 06:00:00,71.1068,59.6768,65.624306
2010-09-11 06:00:00,72.3668,58.9568,65.0318
2010-09-12 06:00:00,80.1068,57.8768,69.3218
2010-09-13 06:00:00,78.4868,62.8268,70.184296
2010-09-14 06:00:00,74.0768,60.3068,67.068054
2010-09-15 06:00:00,74.6168,63.5468,68.481804
2010-09-16 06:00:00,72.2768,60.846798,66.130554
2010-09-17 06:00:00,71.916794,56.7968,64.4693
2010-09-18 06:00:00,71.7368,61.9268,65.185555
2010-09-19 06:00:00,63.5468,58.8668,61.26305
2010-09-20 06:00:00,77.5868,61.2968,68.0618
2010-09-21 06:00:00,86.5868,68.4068,75.97805
2010-09-22 06:00:00,72.1868,65.6168,68.9768
2010-09-23 06:00:00,85.7768,67.0568,76.87055
2010-09-24 06:00:00,80.1968,59.2268,67.2668
2010-09-25 06:00:00,59.2268,55.2668,56.804302
2010-09-26 06:00:00,57.1568,54.186802,55.6643
2010-09-27 06:00:00,61.2068,51.3968,56.2643
2010-09-28 06:00:00,68.316795,48.3368,58.810547
2010-09-29 06:00:00,72.5468,55.1768,62.86055
2010-09-30 06:00:00,70.6568,59.3168,63.9893
2010-10-01 06:00:00,70.9268,51.0368,61.0943
2010-10-02 06:00:00,56.3468,48.2468,51.9068
2010-10-03 06:00:00,54.3668,47.3468,51.07055
2010-10-04 06:00:00,58.146797,44.5568,51.610554
2010-10-05 06:00:00,65.5268,43.4768,53.9543
2010-10-06 06:00:00,73.1768,49.5968,60.828053
2010-10-07 06:00:00,72.2768,54.3668,61.8068
2010-10-08 06:00:00,76.416794,51.3968,63.41555
2010-10-09 06:00:00,81.5468,57.7868,69.07805
2010-10-10 06:00:00,82.2668,61.566795,70.6943
2010-10-11 06:00:00,79.8368,58.9568,67.784294
2010-10-12 06:00:00,73.8068,59.5868,65.3168
2010-10-13 06:00:00,63.4568,54.5468,59.774303
2010-10-14 06:00:00,64.3568,48.0668,56.579304
2010-10-15 06:00:00,59.136803,48.1568,54.490555
2010-10-16 06:00:00,70.0268,45.5468,56.913048
2010-10-17 06:00:00,63.1868,51.2168,56.18555
2010-10-18 06:00:00,58.686802,46.4468,52.4318
2010-10-19 06:00:00,59.0468,43.7468,51.1118
2010-10-20 06:00:00,68.0468,47.256798,56.68055
2010-10-21 06:00:00,55.6268,44.6468,49.593052
2010-10-22 06:00:00,62.3768,39.4268,51.925552
2010-10-23 06:00:00,66.4268,57.1568,60.86555
2010-10-24 06:00:00,71.2868,57.4268,62.343052
2010-10-25 06:00:00,72.3668,58.4168,64.8218
2010-10-26 06:00:00,66.4268,56.0768,60.606804
2010-10-27 06:00:00,62.016796,44.5568,55.394302
2010-10-28 06:00:00,45.636803,39.4268,43.653053
2010-10-29 06:00:00,49.776802,33.4868,41.31305
2010-10-30 06:00:00,61.2968,42.8468,50.1068
2010-10-31 06:00:00,49.1468,42.1268,45.2018
2010-11-01 06:00:00,51.1268,40.506798,45.1268
2010-11-02 06:00:00,50.0468,37.8068,43.01555
2010-11-03 06:00:00,54.8168,36.4568,44.508053
2010-11-04 06:00:00,48.7868,38.9768,43.8893
2010-11-05 06:00:00,40.506798,33.5768,36.5093
2010-11-06 06:00:00,44.8268,31.9568,37.6568
2010-11-07 06:00:00,57.6068,36.0968,45.2393
2010-11-08 06:00:00,63.096798,42.1268,51.363052
2010-11-09 06:00:00,63.5468,43.386803,53.09555
2010-11-10 06:00:00,65.2568,45.636803,54.5468
2010-11-11 06:00:00,65.4368,51.1268,57.2243
2010-11-12 06:00:00,56.0768,50.2268,52.94555
2010-11-13 06:00:00,56.436802,42.1268,49.87805
2010-11-14 06:00:00,47.3468,38.6168,41.80055
2010-11-15 06:00:00,51.0368,35.5568,42.84305
2010-11-16 06:00:00,49.8668,36.5468,43.2443
2010-11-17 06:00:00,46.9868,36.5468,41.8643
2010-11-18 06:00:00,40.5968,33.3068,37.4993
2010-11-19 06:00:00,50.4068,31.6868,39.7943
2010-11-20 06:00:00,42.4868,34.4768,39.16055
2010-11-21 06:00:00,59.4068,41.0468,50.95055
2010-11-22 06:00:00,67.416794,44.0168,58.829296
2010-11-23 06:00:00,41.5868,28.1768,32.27555
2010-11-24 06:00:00,38.8868,28.8068,34.07555
2010-11-25 06:00:00,39.3368,24.0368,34.92305
2010-11-26 06:00:00,32.5868,20.706799,26.38055
2010-11-27 06:00:00,33.7568,24.6668,28.0418
2010-11-28 06:00:00,43.8368,24.6668,33.60305
2010-11-29 06:00:00,48.1568,34.5668,41.800552
2010-11-30 06:00:00,48.8768,28.1768,36.76805
2010-12-01 06:00:00,27.726799,23.5868,25.079302
2010-12-02 06:00:00,33.2168,21.9668,26.515549
2010-12-03 06:00:00,30.7868,23.5868,27.4643
2010-12-04 06:00:00,32.6768,24.5768,29.7443
2010-12-05 06:00:00,24.486801,15.486801,21.46805
2010-12-06 06:00:00,18.5468,10.716801,15.040554
2010-12-07 06:00:00,19.4468,10.4468,14.425552
2010-12-08 06:00:00,23.1368,8.556799,14.560551
2010-12-09 06:00:00,27.1868,7.6567993,18.633053
2010-12-10 06:00:00,36.1868,23.5868,28.93055
2010-12-11 06:00:00,38.0768,22.4168,32.77055
2010-12-12 06:00:00,32.5868,15.0368,24.111801
2010-12-13 06:00:00,15.396801,10.5368,12.674301
2010-12-14 06:00:00,19.3568,5.4067993,12.08555
2010-12-15 06:00:00,22.7768,6.2168007,13.341801
2010-12-16 06:00:00,27.726799,19.086802,23.60555
2010-12-17 06:00:00,21.6968,10.986801,15.873051
2010-12-18 06:00:00,20.2568,10.3568,14.868048
2010-12-19 06:00:00,22.056799,6.306799,12.3743
2010-12-20 06:00:00,26.2868,7.0268,18.921803
2010-12-21 06:00:00,31.7768,26.2868,29.6318
2010-12-22 06:00:00,33.6668,21.5168,28.3118
2010-12-23 06:00:00,30.3368,21.0668,25.7618
2010-12-24 06:00:00,32.7668,23.1368,28.4018
2010-12-25 06:00:00,30.9668,26.916801,29.361801
2010-12-26 06:00:00,31.0568,24.306799,27.70055
2010-12-27 06:00:00,23.9468,13.236801,18.981802
2010-12-28 06:00:00,27.5468,13.686802,19.4993
2010-12-29 06:00:00,36.0968,17.0168,26.64305
2010-12-30 06:00:00,47.1668,36.4568,41.52305
2010-12-31 06:00:00,54.006798,47.256798,50.34305
2011-01-01 06:00:00,51.5768,15.306799,24.34055
2011-01-02 06:00:00,25.2068,13.4168,19.1843
2011-01-03 06:00:00,35.9168,23.0468,28.13555
2011-01-04 06:00:00,27.726799,15.306799,23.0168
2011-01-05 06:00:00,30.5168,13.4168,21.85805
2011-01-06 06:00:00,27.4568,19.5368,24.25805
2011-01-07 06:00:00,22.5968,13.956799,18.64805
2011-01-08 06:00:00,24.5768,8.376801,15.5093
2011-01-09 06:00:00,28.5368,9.546801,17.129303
2011-01-10 06:00:00,30.5168,14.316799,24.1568
2011-01-11 06:00:00,27.636799,22.4168,25.25555
2011-01-12 06:00:00,27.636799,16.6568,21.14555
2011-01-13 06:00:00,26.0168,16.1168,20.5193
2011-01-14 06:00:00,27.3668,16.3868,21.6668
2011-01-15 06:00:00,26.0168,18.9068,23.166801
2011-01-16 06:00:00,23.8568,8.736801,17.03555
2011-01-17 06:00:00,35.1068,15.7568,25.713049
2011-01-18 06:00:00,33.6668,18.9068,27.25055
2011-01-19 06:00:00,23.7668,14.406799,19.210552
2011-01-20 06:00:00,21.0668,8.1968,15.460552
2011-01-21 06:00:00,8.9168,-4.5832024,3.3442993
2011-01-22 06:00:00,17.646801,1.6268005,10.7655525
2011-01-23 06:00:00,18.8168,2.8867989,10.791801
2011-01-24 06:00:00,30.6968,14.226801,22.86305
2011-01-25 06:00:00,31.3268,20.0768,25.1168
2011-01-26 06:00:00,24.9368,17.2868,21.674301
2011-01-27 06:00:00,26.3768,18.456799,22.113049
2011-01-28 06:00:00,31.7768,21.6968,26.324299
2011-01-29 06:00:00,33.6668,26.646801,30.3443
2011-01-30 06:00:00,29.7068,19.086802,24.38555
2011-01-31 06:00:00,22.4168,18.5468,20.553051
2011-02-01 06:00:00,21.4268,17.2868,19.128052
2011-02-02 06:00:00,18.5468,8.1968,14.500551
2011-02-03 06:00:00,11.6168,-0.8931999,5.406803
2011-02-04 06:00:00,18.9068,5.316799,11.789303
2011-02-05 06:00:00,24.7568,3.6967983,15.13055
2011-02-06 06:00:00,28.6268,13.056799,22.255548
2011-02-07 06:00:00,27.636799,15.7568,22.690548
2011-02-08 06:00:00,18.9068,3.2467995,10.476801
2011-02-09 06:00:00,10.986801,-1.4332047,3.9892998
2011-02-10 06:00:00,11.2568,-9.263203,2.459301
2011-02-11 06:00:00,26.916801,4.056799,15.723049
2011-02-12 06:00:00,35.1968,23.8568,30.38555
2011-02-13 06:00:00,42.3068,30.7868,36.8243
2011-02-14 06:00:00,39.5168,24.396801,35.15555
2011-02-15 06:00:00,36.9968,20.976799,29.7218
2011-02-16 06:00:00,46.3568,36.2768,40.053047
2011-02-17 06:00:00,57.4268,47.0768,52.304306
2011-02-18 06:00:00,53.2868,31.8668,40.2518
2011-02-19 06:00:00,33.4868,22.7768,26.98055
2011-02-20 06:00:00,36.7268,22.956799,31.1768
2011-02-21 06:00:00,30.6968,23.226799,27.02555
2011-02-22 06:00:00,26.2868,20.4368,23.39555
2011-02-23 06:00:00,35.3768,17.3768,27.6068
2011-02-24 06:00:00,35.8268,27.1868,31.12055
2011-02-25 06:00:00,34.1168,23.6768,27.6818
2011-02-26 06:00:00,29.4368,22.5068,26.7818
2011-02-27 06:00:00,36.9968,26.0168,31.3268
2011-02-28 06:00:00,33.4868,19.986801,27.5243
2011-03-01 06:00:00,43.4768,13.7768,30.213049
2011-03-02 06:00:00,32.9468,19.7168,25.18805
2011-03-03 06:00:00,42.3968,19.5368,32.436802
2011-03-04 06:00:00,54.006798,33.8468,41.03555
2011-03-05 06:00:00,33.5768,23.5868,29.223051
2011-03-06 06:00:00,32.8568,17.3768,24.16805
2011-03-07 06:00:00,39.3368,22.4168,30.6893
2011-03-08 06:00:00,43.9268,27.9968,35.59805
2011-03-09 06:00:00,44.6468,32.4968,37.81805
2011-03-10 06:00:00,37.6268,30.4268,33.34055
2011-03-11 06:00:00,46.5368,26.916801,36.67055
2011-03-12 06:00:00,42.3068,30.0668,38.151802
2011-03-13 06:00:00,39.8768,27.8168,32.6168
2011-03-14 06:00:00,40.4168,25.9268,31.80305
2011-03-15 06:00:00,39.2468,29.1668,34.0418
2011-03-16 06:00:00,58.506798,31.5068,45.066803
2011-03-17 06:00:00,67.5068,46.5368,56.80805
2011-03-18 06:00:00,52.5668,33.6668,45.333054
2011-03-19 06:00:00,46.7168,27.5468,36.49055
2011-03-20 06:00:00,58.2368,38.9768,46.131798
2011-03-21 06:00:00,58.0568,37.8068,47.1368
2011-03-22 06:00:00,41.5868,37.0868,38.86805
2011-03-23 06:00:00,42.1268,26.646801,34.7843
2011-03-24 06:00:00,33.0368,24.0368,27.15305
2011-03-25 06:00:00,33.4868,23.1368,27.1793
2011-03-26 06:00:00,30.1568,22.4168,25.563051
2011-03-27 06:00:00,32.9468,23.0468,27.42305
2011-03-28 06:00:00,34.3868,22.4168,27.355549
2011-03-29 06:00:00,39.2468,26.1068,31.3118
2011-03-30 06:00:00,41.9468,25.476799,33.70805
2011-03-31 06:00:00,44.1968,24.0368,33.1943
2011-04-01 06:00:00,44.2868,25.8368,36.464302
2011-04-02 06:00:00,49.686802,32.2268,40.12805
2011-04-03 06:00:00,69.4868,36.0968,53.64305
2011-04-04 06:00:00,64.0868,39.6968,49.6718
2011-04-05 06:00:00,51.0368,33.3968,42.43805
2011-04-06 06:00:00,55.8968,37.8068,45.63305
2011-04-07 06:00:00,46.1768,35.2868,41.0543
2011-04-08 06:00:00,48.3368,39.1568,42.5243
2011-04-09 06:00:00,63.006798,40.326797,51.38555
2011-04-10 06:00:00,81.4568,62.1968,70.5743
2011-04-11 06:00:00,66.066795,44.1968,56.290554
2011-04-12 06:00:00,52.2968,35.8268,43.660553
2011-04-13 06:00:00,62.5568,34.8368,49.82555
2011-04-14 06:00:00,50.0468,39.1568,43.0418
2011-04-15 06:00:00,49.686802,38.6168,44.613052
2011-04-16 06:00:00,51.5768,37.3568,44.9318
2011-04-17 06:00:00,52.2968,34.4768,43.488052
2011-04-18 06:00:00,41.4968,32.7668,35.7218
2011-04-19 06:00:00,37.0868,35.6468,36.3143
2011-04-20 06:00:00,45.276802,34.4768,39.48305
2011-04-21 06:00:00,48.0668,34.2968,41.785553
2011-04-22 06:00:00,55.2668,39.4268,43.589302
2011-04-23 06:00:00,64.2668,44.5568,54.7793
2011-04-24 06:00:00,54.8168,42.2168,47.8718
2011-04-25 06:00:00,52.1168,41.6768,46.379303
2011-04-26 06:00:00,66.066795,46.9868,56.39555
2011-04-27 06:00:00,55.8068,45.636803,50.504303
2011-04-28 06:00:00,47.0768,40.5968,43.746803
2011-04-29 06:00:00,59.3168,37.7168,48.730553
2011-04-30 06:00:00,69.8468,47.6168,59.076805
2011-05-01 06:00:00,61.1168,48.7868,56.358047
2011-05-02 06:00:00,57.8768,43.2068,50.16305
2011-05-03 06:00:00,46.4468,38.3468,41.819298
2011-05-04 06:00:00,54.8168,36.2768,45.19805
2011-05-05 06:00:00,60.0368,39.0668,50.32805
2011-05-06 06:00:00,65.5268,43.9268,56.1743
2011-05-07 06:00:00,59.2268,45.4568,52.75055
2011-05-08 06:00:00,63.816795,43.1168,52.72055
2011-05-09 06:00:00,70.386795,52.386803,60.768047
2011-05-10 06:00:00,81.5468,59.3168,70.3193
2011-05-11 06:00:00,83.4368,64.9868,71.350555
2011-05-12 06:00:00,83.166794,61.7468,72.123055
2011-05-13 06:00:00,69.5768,47.0768,58.776802
2011-05-14 06:00:00,51.3968,45.9068,48.02555
2011-05-15 06:00:00,47.256798,43.2068,45.02555
2011-05-16 06:00:00,49.4168,40.9568,44.395554
2011-05-17 06:00:00,55.8968,41.9468,48.153053
2011-05-18 06:00:00,55.8068,46.2668,51.036797
2011-05-19 06:00:00,66.5168,50.4968,57.24305
2011-05-20 06:00:00,68.496796,50.6768,58.6418
2011-05-21 06:00:00,73.8068,56.436802,65.55679
2011-05-22 06:00:00,84.3368,62.286797,71.980545
2011-05-23 06:00:00,77.7668,63.9968,70.6568
2011-05-24 06:00:00,64.2668,49.4168,55.3418
2011-05-25 06:00:00,74.0768,49.776802,58.0568
2011-05-26 06:00:00,49.2368,46.7168,47.64305
2011-05-27 06:00:00,56.9768,44.9168,51.156803
2011-05-28 06:00:00,67.8668,53.2868,60.4193
2011-05-29 06:00:00,67.9568,54.5468,61.769295
2011-05-30 06:00:00,87.3068,65.6168,77.30555
2011-05-31 06:00:00,84.69679,68.2268,75.599304
2011-06-01 06:00:00,77.6768,62.466797,70.1093
2011-06-02 06:00:00,66.6068,55.2668,61.44305
2011-06-03 06:00:00,83.346794,62.8268,74.02055
2011-06-04 06:00:00,87.2168,69.5768,76.2668
2011-06-05 06:00:00,80.0168,65.5268,71.02055
2011-06-06 06:00:00,89.2868,65.2568,78.1343
2011-06-07 06:00:00,91.716805,73.3568,82.780556
2011-06-08 06:00:00,91.356804,75.5168,82.8143
2011-06-09 06:00:00,74.4368,55.0868,61.0943
2011-06-10 06:00:00,76.6868,56.0768,63.8318
2011-06-11 06:00:00,65.166794,57.5168,61.068047
2011-06-12 06:00:00,62.1068,55.7168,58.480553
2011-06-13 06:00:00,68.6768,56.3468,62.515553
2011-06-14 06:00:00,73.6268,57.7868,66.3368
2011-06-15 06:00:00,70.4768,59.5868,65.15555
2011-06-16 06:00:00,78.0368,60.3068,69.13055
2011-06-17 06:00:00,81.9068,61.3868,70.776794
2011-06-18 06:00:00,80.5568,67.9568,73.82181
2011-06-19 06:00:00,80.1068,69.3968,74.33554
2011-06-20 06:00:00,78.666794,69.2168,73.33804
2011-06-21 06:00:00,84.5168,71.7368,76.96805
2011-06-22 06:00:00,73.1768,65.6168,69.295555
2011-06-23 06:00:00,69.7568,62.646797,65.523056
2011-06-24 06:00:00,69.7568,61.1168,64.371796
2011-06-25 06:00:00,77.0468,59.6768,69.280556
2011-06-26 06:00:00,77.7668,64.1768,71.6093
2011-06-27 06:00:00,79.4768,67.0568,71.755554
2011-06-28 06:00:00,78.5768,63.6368,70.75055
2011-06-29 06:00:00,77.316795,59.2268,69.74555
2011-06-30 06:00:00,84.5168,63.9068,74.354294
2011-07-01 06:00:00,82.8068,69.9368,76.5143
2011-07-02 06:00:00,88.8368,71.916794,80.17431
2011-07-03 06:00:00,80.3768,69.8468,74.905556
2011-07-04 06:00:00,83.5268,68.316795,76.3418
2011-07-05 06:00:00,87.9368,64.7168,77.256805
2011-07-06 06:00:00,81.4568,71.1068,76.00806
2011-07-07 06:00:00,78.5768,68.9468,73.3793
2011-07-08 06:00:00,82.1768,65.2568,74.68805
2011-07-09 06:00:00,87.0368,66.246796,78.28805
2011-07-10 06:00:00,88.746796,72.7268,81.2243
2011-07-11 06:00:00,90.2768,74.0768,81.40805
2011-07-12 06:00:00,84.9668,71.7368,77.433044
2011-07-13 06:00:00,71.5568,65.0768,69.00305
2011-07-14 06:00:00,78.0368,64.9868,71.530556
2011-07-15 06:00:00,83.346794,68.316795,75.693054
2011-07-16 06:00:00,85.7768,69.9368,78.8843
2011-07-17 06:00:00,92.0768,71.2868,82.37555
2011-07-18 06:00:00,92.1668,78.9368,85.146805
2011-07-19 06:00:00,88.386795,79.0268,83.2718
2011-07-20 06:00:00,97.5668,78.3068,88.51055
2011-07-21 06:00:00,95.4968,81.4568,88.3193
2011-07-22 06:00:00,90.4568,77.316795,83.4893
2011-07-23 06:00:00,89.3768,74.9768,82.199295
2011-07-24 06:00:00,85.6868,76.1468,80.90554
2011-07-25 06:00:00,84.7868,73.0868,78.55429
2011-07-26 06:00:00,82.7168,71.6468,75.9443
2011-07-27 06:00:00,88.4768,71.2868,79.77305
2011-07-28 06:00:00,90.0968,77.0468,82.24805
2011-07-29 06:00:00,84.3368,73.5368,78.8318
2011-07-30 06:00:00,87.9368,73.7168,80.53805
2011-07-31 06:00:00,90.0968,68.496796,80.69556
2011-08-01 06:00:00,90.4568,74.0768,82.6418
2011-08-02 06:00:00,94.3268,77.7668,85.46556
2011-08-03 06:00:00,82.2668,73.5368,77.7518
2011-08-04 06:00:00,80.3768,69.7568,75.16429
2011-08-05 06:00:00,81.0068,68.8568,76.36055
2011-08-06 06:00:00,82.6268,72.996796,77.78555
2011-08-07 06:00:00,85.7768,71.4668,77.380554
2011-08-08 06:00:00,79.2068,70.0268,74.42555
2011-08-09 06:00:00,80.1068,65.6168,73.48805
2011-08-10 06:00:00,74.7068,63.9968,69.65555
2011-08-11 06:00:00,79.566795,61.026802,70.44304
2011-08-12 06:00:00,80.4668,59.136803,71.2643
2011-08-13 06:00:00,81.1868,65.0768,71.568054
2011-08-14 06:00:00,72.5468,64.6268,68.35055
2011-08-15 06:00:00,78.2168,61.3868,69.865555
2011-08-16 06:00:00,80.916794,59.8568,71.78929
2011-08-17 06:00:00,82.6268,64.1768,73.79555
2011-08-18 06:00:00,82.6268,68.4068,75.23555
2011-08-19 06:00:00,83.886795,64.8068,75.3518
2011-08-20 06:00:00,79.2068,67.5968,72.84305
2011-08-21 06:00:00,79.1168,66.6968,72.47555
2011-08-22 06:00:00,80.8268,61.026802,71.37305
2011-08-23 06:00:00,80.6468,65.166794,73.1543
2011-08-24 06:00:00,90.636795,69.8468,79.6643
2011-08-25 06:00:00,78.7568,67.0568,72.0593
2011-08-26 06:00:00,80.4668,60.3068,71.6543
2011-08-27 06:00:00,78.3068,67.9568,72.584305
2011-08-28 06:00:00,73.0868,64.5368,68.72555
2011-08-29 06:00:00,77.316795,60.9368,69.614296
2011-08-30 06:00:00,78.1268,62.8268,70.5893
2011-08-31 06:00:00,86.316795,64.8968,74.65805
2011-09-01 06:00:00,93.15681,71.1068,82.85931
2011-09-02 06:00:00,91.0868,79.2968,83.91305
2011-09-03 06:00:00,87.4868,72.1868,77.99555
2011-09-04 06:00:00,72.0068,62.736797,68.2643
2011-09-05 06:00:00,63.276802,57.4268,60.475548
2011-09-06 06:00:00,63.7268,57.3368,60.516804
2011-09-07 06:00:00,66.5168,56.3468,61.660557
2011-09-08 06:00:00,71.0168,61.566795,65.8418
2011-09-09 06:00:00,69.7568,63.096798,65.6693
2011-09-10 06:00:00,75.246796,60.846798,68.0618
2011-09-11 06:00:00,80.6468,60.396797,70.69805
2011-09-12 06:00:00,82.8968,65.3468,74.45555
2011-09-13 06:00:00,73.6268,59.2268,69.41556
2011-09-14 06:00:00,65.0768,53.3768,58.5443
2011-09-15 06:00:00,57.3368,47.1668,52.13555
2011-09-16 06:00:00,58.4168,48.9668,54.231796
2011-09-17 06:00:00,66.246796,54.186802,60.1493
2011-09-18 06:00:00,65.9768,56.256798,60.003048
2011-09-19 06:00:00,69.3068,54.8168,63.846806
2011-09-20 06:00:00,72.2768,54.006798,63.033054
2011-09-21 06:00:00,69.2168,57.8768,63.655556
2011-09-22 06:00:00,63.1868,53.1968,57.85805
2011-09-23 06:00:00,59.4968,51.756798,55.1468
2011-09-24 06:00:00,61.2968,47.6168,54.79055
2011-09-25 06:00:00,63.3668,50.5868,57.3443
2011-09-26 06:00:00,59.5868,54.0968,56.673054
2011-09-27 06:00:00,60.846798,53.5568,56.31305
2011-09-28 06:00:00,62.916798,53.6468,57.513054
2011-09-29 06:00:00,64.5368,52.1168,57.77555
2011-09-30 06:00:00,58.596798,49.506798,52.96055
2011-10-01 06:00:00,54.9968,47.9768,51.2018
2011-10-02 06:00:00,62.736797,45.5468,53.7443
2011-10-03 06:00:00,66.6068,51.3068,57.9668
2011-10-04 06:00:00,69.666794,47.1668,57.98555
2011-10-05 06:00:00,76.1468,49.506798,62.669304
2011-10-06 06:00:00,76.3268,54.0968,65.59805
2011-10-07 06:00:00,78.7568,59.6768,68.86806
2011-10-08 06:00:00,78.4868,60.6668,69.1493
2011-10-09 06:00:00,75.7868,56.9768,66.63305
2011-10-10 06:00:00,73.5368,58.0568,65.6543
2011-10-11 06:00:00,75.4268,58.776802,66.85805
2011-10-12 06:00:00,73.8068,59.0468,66.224304
2011-10-13 06:00:00,62.286797,55.4468,59.3768
2011-10-14 06:00:00,58.8668,51.4868,55.0418
2011-10-15 06:00:00,59.136803,48.6068,53.71055
2011-10-16 06:00:00,59.9468,49.2368,53.421803
2011-10-17 06:00:00,57.6968,44.5568,50.6018
2011-10-18 06:00:00,52.7468,43.2968,47.796803
2011-10-19 06:00:00,48.3368,45.636803,46.6193
2011-10-20 06:00:00,46.0868,42.9368,44.51555
2011-10-21 06:00:00,52.9268,40.2368,45.42305
2011-10-22 06:00:00,62.916798,40.0568,49.5968
2011-10-23 06:00:00,65.4368,42.0368,54.12305
2011-10-24 06:00:00,61.2968,45.006798,53.0543
2011-10-25 06:00:00,69.3068,49.776802,59.6318
2011-10-26 06:00:00,59.7668,47.256798,50.609303
2011-10-27 06:00:00,50.0468,38.7968,45.0293
2011-10-28 06:00:00,53.6468,37.4468,44.66555
2011-10-29 06:00:00,52.1168,36.3668,43.7918
2011-10-30 06:00:00,54.9068,36.4568,45.164303
2011-10-31 06:00:00,51.4868,36.8168,44.106804
2011-11-01 06:00:00,61.7468,38.7068,50.20055
2011-11-02 06:00:00,60.9368,48.5168,54.7418
2011-11-03 06:00:00,47.9768,45.5468,46.5443
2011-11-04 06:00:00,49.5968,41.4968,45.01805
2011-11-05 06:00:00,53.6468,36.6368,45.26555
2011-11-06 06:00:00,60.396797,46.1768,53.7368
2011-11-07 06:00:00,55.8968,50.6768,53.2118
2011-11-08 06:00:00,52.2068,46.8968,48.6593
2011-11-09 06:00:00,57.9668,37.6268,46.0343
2011-11-10 06:00:00,40.9568,33.9368,37.0943
2011-11-11 06:00:00,43.7468,29.4368,36.68555
2011-11-12 06:00:00,57.7868,37.9868,47.950554
2011-11-13 06:00:00,66.6068,51.8468,57.843052
2011-11-14 06:00:00,51.1268,41.3168,46.82555
2011-11-15 06:00:00,60.5768,35.5568,47.8793
2011-11-16 06:00:00,44.6468,31.5968,37.7168
2011-11-17 06:00:00,34.3868,27.2768,30.6968
2011-11-18 06:00:00,47.886803,29.8868,39.71555
2011-11-19 06:00:00,56.6168,42.0368,48.745552
2011-11-20 06:00:00,54.8168,40.1468,43.18055
2011-11-21 06:00:00,45.5468,37.7168,41.14055
2011-11-22 06:00:00,41.9468,39.6068,40.645554
2011-11-23 06:00:00,47.7968,33.0368,39.9593
2011-11-24 06:00:00,52.7468,39.2468,45.651802
2011-11-25 06:00:00,55.7168,43.6568,49.93055
2011-11-26 06:00:00,54.3668,49.776802,52.6643
2011-11-27 06:00:00,48.2468,37.2668,40.4618
2011-11-28 06:00:00,40.776802,34.6568,37.5743
2011-11-29 06:00:00,42.6668,33.6668,38.6693
2011-11-30 06:00:00,41.4968,28.1768,33.79805
2011-12-01 06:00:00,44.0168,29.9768,36.37055
2011-12-02 06:00:00,39.9668,31.2368,35.6018
2011-12-03 06:00:00,49.686802,35.7368,44.4218
2011-12-04 06:00:00,51.1268,35.6468,43.859303
2011-12-05 06:00:00,40.506798,34.3868,37.09805
2011-12-06 06:00:00,37.4468,27.5468,33.76055
2011-12-07 06:00:00,33.3068,26.916801,29.7293
2011-12-08 06:00:00,35.5568,24.8468,29.7818
2011-12-09 06:00:00,30.2468,20.976799,26.2043
2011-12-10 06:00:00,25.9268,15.306799,21.2243
2011-12-11 06:00:00,41.4968,24.486801,31.3118
2011-12-12 06:00:00,43.4768,28.896801,34.75805
2011-12-13 06:00:00,41.3168,35.7368,38.15555
2011-12-14 06:00:00,53.2868,39.0668,45.8993
2011-12-15 06:00:00,54.9968,31.9568,42.3218
2011-12-16 06:00:00,32.7668,26.916801,29.4893
2011-12-17 06:00:00,33.3968,28.2668,30.31805
2011-12-18 06:00:00,40.326797,25.1168,33.3293
2011-12-19 06:00:00,47.3468,37.4468,42.9518
2011-12-20 06:00:00,38.8868,34.3868,36.70805
2011-12-21 06:00:00,40.776802,37.9868,39.1043
2011-12-22 06:00:00,39.5168,31.7768,35.0768
2011-12-23 06:00:00,32.7668,25.7468,29.598051
2011-12-24 06:00:00,37.3568,25.386799,30.771801
2011-12-25 06:00:00,42.756798,30.8768,36.2843
2011-12-26 06:00:00,44.0168,27.0968,35.50805
2011-12-27 06:00:00,39.6968,27.1868,34.45805
2011-12-28 06:00:00,31.1468,23.5868,27.43805
2011-12-29 06:00:00,46.2668,29.1668,36.34805
2011-12-30 06:00:00,43.5668,32.0468,38.0468
2011-12-31 06:00:00,41.4068,26.736801,35.22305
2012-01-01 06:00:00,43.8368,28.4468,35.3693
2012-01-02 06:00:00,27.9068,17.4668,22.52555
2012-01-03 06:00:00,26.1968,14.046801,20.3018
2012-01-04 06:00:00,39.3368,26.3768,31.51055
2012-01-05 06:00:00,46.6268,28.5368,36.6818
2012-01-06 06:00:00,52.7468,38.7968,43.6193
2012-01-07 06:00:00,42.4868,28.896801,35.8043
2012-01-08 06:00:00,40.2368,26.736801,32.5493
2012-01-09 06:00:00,43.6568,27.8168,35.1743
2012-01-10 06:00:00,48.4268,28.1768,37.93055
2012-01-11 06:00:00,48.1568,29.1668,37.39055
2012-01-12 06:00:00,35.5568,20.976799,30.79055
2012-01-13 06:00:00,21.2468,11.5268,17.440548
2012-01-14 06:00:00,18.6368,8.376801,12.580551
2012-01-15 06:00:00,27.5468,6.936802,18.843054
2012-01-16 06:00:00,42.0368,27.9968,36.0368
2012-01-17 06:00:00,38.0768,16.836802,29.44055
2012-01-18 06:00:00,24.396801,7.9268,18.71555
2012-01-19 06:00:00,25.5668,5.5868015,14.365551
2012-01-20 06:00:00,21.3368,2.5268002,14.414299
2012-01-21 06:00:00,24.9368,14.586802,20.991802
2012-01-22 06:00:00,43.8368,13.956799,28.491798
2012-01-23 06:00:00,45.8168,27.4568,37.0493
2012-01-24 06:00:00,34.6568,24.2168,28.27055
2012-01-25 06:00:00,35.7368,24.5768,30.261799
2012-01-26 06:00:00,38.2568,27.636799,31.8818
2012-01-27 06:00:00,42.756798,31.4168,35.4218
2012-01-28 06:00:00,33.3968,27.9968,31.09805
2012-01-29 06:00:00,31.1468,22.5968,27.98555
2012-01-30 06:00:00,50.5868,21.3368,36.53555
2012-01-31 06:00:00,55.9868,43.5668,48.8693
2012-02-01 06:00:00,43.026802,30.1568,36.3368
2012-02-02 06:00:00,43.9268,27.0068,34.18805
2012-02-03 06:00:00,36.2768,29.6168,33.5093
2012-02-04 06:00:00,38.7968,30.6068,34.773052
2012-02-05 06:00:00,39.6068,27.5468,33.11555
2012-02-06 06:00:00,40.1468,27.0968,31.5593
2012-02-07 06:00:00,33.5768,26.1968,30.06305
2012-02-08 06:00:00,34.7468,26.3768,29.53805
2012-02-09 06:00:00,35.4668,22.6868,28.57805
2012-02-10 06:00:00,36.3668,15.6668,27.05555
2012-02-11 06:00:00,20.706799,8.376801,14.99555
2012-02-12 06:00:00,34.2968,15.6668,23.53055
2012-02-13 06:00:00,34.9268,19.4468,27.43055
2012-02-14 06:00:00,37.1768,27.8168,31.6043
2012-02-15 06:00:00,44.1068,29.2568,36.04055
2012-02-16 06:00:00,45.186802,32.0468,38.41805
2012-02-17 06:00:00,47.9768,26.0168,36.64055
2012-02-18 06:00:00,35.2868,25.0268,30.70055
2012-02-19 06:00:00,35.4668,23.1368,28.941801
2012-02-20 06:00:00,40.6868,23.1368,31.9643
2012-02-21 06:00:00,42.3968,32.4068,37.034298
2012-02-22 06:00:00,43.386803,30.9668,35.92805
2012-02-23 06:00:00,41.0468,26.1968,33.4418
2012-02-24 06:00:00,34.4768,23.7668,31.2443
2012-02-25 06:00:00,28.6268,17.4668,22.33055
2012-02-26 06:00:00,46.6268,13.146801,32.3393
2012-02-27 06:00:00,36.4568,24.7568,31.37555
2012-02-28 06:00:00,40.776802,19.986801,33.1493
2012-02-29 06:00:00,58.0568,35.7368,46.484303
2012-03-01 06:00:00,41.3168,34.2068,36.9968
2012-03-02 06:00:00,41.5868,33.5768,36.26555
2012-03-03 06:00:00,33.5768,26.1968,30.31805
2012-03-04 06:00:00,32.9468,24.396801,27.92555
2012-03-05 06:00:00,35.6468,21.9668,28.7168
2012-03-06 06:00:00,63.9968,30.8768,47.87555
2012-03-07 06:00:00,64.8968,53.0168,58.874302
2012-03-08 06:00:00,58.506798,37.4468,42.95555
2012-03-09 06:00:00,38.0768,28.7168,33.33305
2012-03-10 06:00:00,55.6268,27.9068,40.8968
2012-03-11 06:00:00,62.646797,39.4268,50.9843
2012-03-12 06:00:00,62.8268,49.9568,55.8143
2012-03-13 06:00:00,64.9868,47.1668,54.756805
2012-03-14 06:00:00,75.7868,51.3068,64.240555
2012-03-15 06:00:00,75.7868,57.9668,65.08805
2012-03-16 06:00:00,74.2568,46.2668,59.78555
2012-03-17 06:00:00,74.7968,56.886803,64.99805
2012-03-18 06:00:00,74.2568,58.506798,65.523056
2012-03-19 06:00:00,73.9868,60.846798,67.60055
2012-03-20 06:00:00,79.8368,64.8968,71.0168
2012-03-21 06:00:00,80.2868,63.816795,70.596794
2012-03-22 06:00:00,76.0568,58.9568,66.92555
2012-03-23 06:00:00,61.2068,51.2168,56.7143
2012-03-24 06:00:00,58.506798,49.4168,52.81805
2012-03-25 06:00:00,63.816795,42.3068,52.1468
2012-03-26 06:00:00,43.6568,36.6368,39.576797
2012-03-27 06:00:00,65.5268,38.8868,52.8293
2012-03-28 06:00:00,63.9968,42.9368,56.009304
2012-03-29 06:00:00,45.636803,38.0768,41.3093
2012-03-30 06:00:00,59.4068,39.2468,46.2293
2012-03-31 06:00:00,48.3368,37.9868,42.94805
2012-04-01 06:00:00,62.1068,43.6568,49.390553
2012-04-02 06:00:00,58.2368,44.8268,51.7493
2012-04-03 06:00:00,71.4668,45.9968,54.404297
2012-04-04 06:00:00,53.5568,42.2168,46.93805
2012-04-05 06:00:00,46.4468,37.4468,41.98805
2012-04-06 06:00:00,49.4168,37.1768,42.426804
2012-04-07 06:00:00,63.1868,36.3668,50.97305
2012-04-08 06:00:00,62.916798,44.6468,54.13055
2012-04-09 06:00:00,59.136803,44.0168,51.445553
2012-04-10 06:00:00,43.2068,36.0068,39.820553
2012-04-11 06:00:00,49.5968,33.7568,41.4818
2012-04-12 06:00:00,59.2268,32.2268,46.9268
2012-04-13 06:00:00,61.9268,43.386803,53.346798
2012-04-14 06:00:00,65.2568,51.0368,58.030556
2012-04-15 06:00:00,75.4268,59.6768,68.6768
2012-04-16 06:00:00,64.2668,47.7068,55.8068
2012-04-17 06:00:00,52.2968,39.4268,45.9368
2012-04-18 06:00:00,70.2968,41.8568,56.57555
2012-04-19 06:00:00,58.596798,48.5168,53.170547
2012-04-20 06:00:00,47.526802,40.776802,43.8143
2012-04-21 06:00:00,49.1468,38.9768,43.8518
2012-04-22 06:00:00,49.506798,41.6768,44.819298
2012-04-23 06:00:00,54.4568,38.0768,46.04555
2012-04-24 06:00:00,62.466797,37.2668,51.126797
2012-04-25 06:00:00,63.9068,44.7368,54.520546
2012-04-26 06:00:00,54.5468,40.326797,47.943054
2012-04-27 06:00:00,49.776802,37.8968,44.12555
2012-04-28 06:00:00,47.7068,43.9268,45.910553
2012-04-29 06:00:00,56.9768,42.2168,49.750553
2012-04-30 06:00:00,62.5568,50.4068,56.508053
2012-05-01 06:00:00,65.166794,48.2468,57.6443
2012-05-02 06:00:00,78.3968,58.0568,69.3068
2012-05-03 06:00:00,81.816795,63.9968,72.40055
2012-05-04 06:00:00,65.5268,53.7368,60.27305
2012-05-05 06:00:00,67.9568,56.1668,59.50055
2012-05-06 06:00:00,74.6168,58.2368,64.8293
2012-05-07 06:00:00,63.7268,53.2868,58.6643
2012-05-08 06:00:00,68.6768,50.5868,59.83805
2012-05-09 06:00:00,59.136803,46.0868,53.06555
2012-05-10 06:00:00,62.5568,45.636803,54.5243
2012-05-11 06:00:00,74.0768,47.436802,61.829304
2012-05-12 06:00:00,62.466797,54.186802,58.17305
2012-05-13 06:00:00,65.5268,52.5668,58.593056
2012-05-14 06:00:00,75.5168,44.5568,63.24305
2012-05-15 06:00:00,80.6468,56.7968,68.7143
2012-05-16 06:00:00,60.756798,50.5868,56.444298
2012-05-17 06:00:00,68.496796,47.436802,59.538048
2012-05-18 06:00:00,78.5768,54.9068,67.4393
2012-05-19 06:00:00,86.136795,60.6668,74.05805
2012-05-20 06:00:00,88.2068,66.5168,74.89055
2012-05-21 06:00:00,64.3568,55.3568,59.76305
2012-05-22 06:00:00,66.1568,51.936802,58.908054
2012-05-23 06:00:00,77.7668,48.9668,65.2568
2012-05-24 06:00:00,85.6868,62.916798,75.843056
2012-05-25 06:00:00,75.7868,64.9868,70.69055
2012-05-26 06:00:00,80.5568,65.886795,71.89055
2012-05-27 06:00:00,93.0668,72.0968,83.09929
2012-05-28 06:00:00,91.80681,75.8768,82.63805
2012-05-29 06:00:00,81.0968,66.5168,74.106804
2012-05-30 06:00:00,67.6868,56.0768,61.476795
2012-05-31 06:00:00,55.5368,49.686802,52.30055
2012-06-01 06:00:00,60.3068,51.3968,55.39805
2012-06-02 06:00:00,72.2768,51.756798,62.7818
2012-06-03 06:00:00,78.1268,56.9768,68.5718
2012-06-04 06:00:00,71.8268,61.8368,66.363045
2012-06-05 06:00:00,67.0568,58.8668,63.434303
2012-06-06 06:00:00,72.9068,57.6068,65.800545
2012-06-07 06:00:00,77.8568,53.3768,67.544304
2012-06-08 06:00:00,84.69679,59.4968,73.413055
2012-06-09 06:00:00,87.3968,65.7968,77.5418
2012-06-10 06:00:00,88.2068,69.666794,80.03555
2012-06-11 06:00:00,85.416794,71.2868,77.1518
2012-06-12 06:00:00,74.7068,63.3668,69.37805
2012-06-13 06:00:00,69.9368,55.9868,64.1918
2012-06-14 06:00:00,82.3568,59.8568,71.87555
2012-06-15 06:00:00,88.566795,65.6168,78.378044
2012-06-16 06:00:00,89.9168,70.386795,79.76555
2012-06-17 06:00:00,83.6168,68.7668,76.08305
2012-06-18 06:00:00,91.0868,71.1068,82.07179
2012-06-19 06:00:00,91.356804,76.7768,84.44556
2012-06-20 06:00:00,91.2668,77.2268,84.3593
2012-06-21 06:00:00,81.4568,65.6168,76.206795
2012-06-22 06:00:00,80.2868,66.1568,73.6418
2012-06-23 06:00:00,83.0768,66.9668,75.32931
2012-06-24 06:00:00,88.6568,67.3268,78.959305
2012-06-25 06:00:00,73.8068,64.3568,69.29555
2012-06-26 06:00:00,79.6568,61.1168,71.37305
2012-06-27 06:00:00,90.4568,64.2668,78.56555
2012-06-28 06:00:00,98.7368,76.7768,86.920555
2012-06-29 06:00:00,88.6568,76.5968,82.2518
2012-06-30 06:00:00,89.1068,70.2968,80.740555
2012-07-01 06:00:00,92.1668,71.8268,83.2418
2012-07-02 06:00:00,93.4268,73.6268,83.68056
2012-07-03 06:00:00,95.0468,75.6968,85.94931
2012-07-04 06:00:00,98.106804,78.7568,88.65305
2012-07-05 06:00:00,99.8168,80.0168,90.49804
2012-07-06 06:00:00,99.90681,81.816795,91.6118
2012-07-07 06:00:00,97.7468,73.2668,83.79305
2012-07-08 06:00:00,82.4468,73.1768,77.418045
2012-07-09 06:00:00,86.94679,66.5168,77.95805
2012-07-10 06:00:00,79.4768,72.996796,76.38306
2012-07-11 06:00:00,84.7868,66.6968,77.50806
2012-07-12 06:00:00,88.2068,70.9268,80.3318
2012-07-13 06:00:00,90.8168,74.166794,82.2293
2012-07-14 06:00:00,90.8168,74.3468,80.18555
2012-07-15 06:00:00,91.80681,71.8268,82.28555
2012-07-16 06:00:00,94.6868,74.886795,85.87055
2012-07-17 06:00:00,97.2068,78.8468,88.4843
2012-07-18 06:00:00,89.0168,76.416794,82.8368
2012-07-19 06:00:00,85.5068,72.816795,78.396805
2012-07-20 06:00:00,78.9368,69.666794,74.151794
2012-07-21 06:00:00,87.1268,63.6368,78.07055
2012-07-22 06:00:00,89.5568,72.0068,82.44304
2012-07-23 06:00:00,96.6668,79.9268,87.6593
2012-07-24 06:00:00,84.8768,75.5168,79.1993
2012-07-25 06:00:00,98.1968,73.5368,86.091805
2012-07-26 06:00:00,87.2168,74.7968,78.8618
2012-07-27 06:00:00,82.8968,69.4868,76.0043
2012-07-28 06:00:00,79.386795,69.1268,74.38805
2012-07-29 06:00:00,83.6168,67.3268,76.323044
2012-07-30 06:00:00,89.9168,73.3568,81.8768
2012-07-31 06:00:00,82.2668,70.746796,76.4543
2012-08-01 06:00:00,87.3968,67.2368,78.09305
2012-08-02 06:00:00,90.4568,71.1068,81.216805
2012-08-03 06:00:00,90.636795,72.0068,82.8593
2012-08-04 06:00:00,93.15681,74.9768,81.745544
2012-08-05 06:00:00,82.7168,70.386795,76.45055
2012-08-06 06:00:00,84.6068,63.4568,74.8943
2012-08-07 06:00:00,92.256805,65.7068,79.2293
2012-08-08 06:00:00,82.4468,69.9368,76.33805
2012-08-09 06:00:00,75.3368,64.7168,70.54805
2012-08-10 06:00:00,72.4568,61.9268,67.24805
2012-08-11 06:00:00,76.416794,60.0368,68.31305
2012-08-12 06:00:00,76.1468,59.2268,68.5643
2012-08-13 06:00:00,69.0368,60.756798,65.87555
2012-08-14 06:00:00,79.8368,60.1268,70.3418
2012-08-15 06:00:00,84.8768,64.8068,75.20555
2012-08-16 06:00:00,79.2968,67.2368,73.72055
2012-08-17 06:00:00,75.066795,61.026802,67.825554
2012-08-18 06:00:00,74.886795,56.6168,66.96305
2012-08-19 06:00:00,76.2368,60.4868,69.044304
2012-08-20 06:00:00,74.166794,61.9268,67.43555
2012-08-21 06:00:00,77.316795,57.7868,68.80805
2012-08-22 06:00:00,83.7068,59.5868,72.749306
2012-08-23 06:00:00,90.90681,66.4268,78.88055
2012-08-24 06:00:00,92.3468,69.7568,81.32181
2012-08-25 06:00:00,91.80681,70.6568,82.24805
2012-08-26 06:00:00,83.346794,71.0168,75.31805
2012-08-27 06:00:00,84.69679,68.496796,75.84305
2012-08-28 06:00:00,82.8068,63.4568,73.0943
2012-08-29 06:00:00,81.5468,66.5168,74.4143
2012-08-30 06:00:00,87.3968,67.2368,77.18555
2012-08-31 06:00:00,91.5368,71.2868,80.72555
2012-09-01 06:00:00,78.0368,72.3668,73.769295
2012-09-02 06:00:00,78.3068,72.4568,75.006805
2012-09-03 06:00:00,84.3368,70.746796,77.11805
2012-09-04 06:00:00,85.9568,71.0168,78.1343
2012-09-05 06:00:00,87.5768,70.2068,77.97681
2012-09-06 06:00:00,82.8968,67.9568,74.9318
2012-09-07 06:00:00,77.5868,64.6268,70.4168
2012-09-08 06:00:00,71.0168,56.886803,64.030556
2012-09-09 06:00:00,67.9568,57.1568,62.538048
2012-09-10 06:00:00,73.8968,52.6568,64.41305
2012-09-11 06:00:00,80.6468,59.4968,69.93305
2012-09-12 06:00:00,83.4368,63.3668,73.25929
2012-09-13 06:00:00,70.566795,56.0768,63.498055
2012-09-14 06:00:00,74.0768,51.756798,63.35555
2012-09-15 06:00:00,76.5068,55.1768,66.2843
2012-09-16 06:00:00,76.6868,56.0768,66.8018
2012-09-17 06:00:00,76.7768,58.4168,65.99555
2012-09-18 06:00:00,60.0368,50.4068,55.72055
2012-09-19 06:00:00,70.8368,44.1968,59.163048
2012-09-20 06:00:00,70.566795,54.3668,62.815548
2012-09-21 06:00:00,65.886795,50.7668,55.941803
2012-09-22 06:00:00,57.5168,46.1768,51.9893
2012-09-23 06:00:00,58.8668,45.5468,52.2968
2012-09-24 06:00:00,67.8668,43.386803,56.2268
2012-09-25 06:00:00,75.8768,53.2868,64.0493
2012-09-26 06:00:00,66.1568,55.8968,60.58805
2012-09-27 06:00:00,63.816795,52.2068,58.038048
2012-09-28 06:00:00,64.8068,54.4568,59.3093
2012-09-29 06:00:00,75.1568,49.3268,61.5143
2012-09-30 06:00:00,63.276802,53.1068,58.465553
2012-10-01 06:00:00,64.4468,50.0468,57.6668
2012-10-02 06:00:00,67.5068,54.8168,61.533054
2012-10-03 06:00:00,63.6368,58.2368,61.44305
2012-10-04 06:00:00,77.0468,54.0968,62.0693
2012-10-05 06:00:00,54.4568,44.7368,48.914303
2012-10-06 06:00:00,48.6068,39.0668,44.11055
2012-10-07 06:00:00,47.7968,40.0568,44.16305
2012-10-08 06:00:00,58.146797,36.9968,47.5943
2012-10-09 06:00:00,64.4468,43.9268,53.14055
2012-10-10 06:00:00,50.7668,38.9768,44.613052
2012-10-11 06:00:00,64.8068,40.326797,51.34055
2012-10-12 06:00:00,50.9468,42.576797,46.668053
2012-10-13 06:00:00,64.7168,45.006798,54.471798
2012-10-14 06:00:00,68.2268,48.4268,59.75555
2012-10-15 06:00:00,56.7968,46.0868,50.67305
2012-10-16 06:00:00,65.886795,43.7468,55.75055
2012-10-17 06:00:00,66.246796,53.7368,61.9568
2012-10-18 06:00:00,56.9768,45.5468,49.296803
2012-10-19 06:00:00,50.3168,42.9368,46.2968
2012-10-20 06:00:00,56.6168,40.0568,47.774303
2012-10-21 06:00:00,64.0868,39.5168,52.1993
2012-10-22 06:00:00,66.1568,53.1968,60.003048
2012-10-23 06:00:00,73.8968,58.0568,63.981804
2012-10-24 06:00:00,76.3268,61.9268,68.035545
2012-10-25 06:00:00,74.3468,43.8368,63.71555
2012-10-26 06:00:00,47.436802,39.9668,43.8593
2012-10-27 06:00:00,45.9068,39.4268,42.28055
2012-10-28 06:00:00,45.9968,41.7668,44.106804
2012-10-29 06:00:00,48.1568,41.3168,44.14805
2012-10-30 06:00:00,44.5568,39.4268,41.5043
2012-10-31 06:00:00,45.636803,36.1868,40.92305
2012-11-01 06:00:00,50.5868,34.9268,42.6293
2012-11-02 06:00:00,45.0968,36.0968,40.6568
2012-11-03 06:00:00,44.1068,40.1468,41.7668
2012-11-04 06:00:00,45.276802,38.5268,41.0918
2012-11-05 06:00:00,42.6668,37.2668,39.7568
2012-11-06 06:00:00,41.7668,32.3168,37.1018
2012-11-07 06:00:00,46.0868,38.7068,42.381798
2012-11-08 06:00:00,45.9068,38.9768,41.973053
2012-11-09 06:00:00,54.186802,37.0868,45.738052
2012-11-10 06:00:00,65.3468,48.9668,58.00805
2012-11-11 06:00:00,67.1468,45.0968,59.575554
2012-11-12 06:00:00,41.8568,28.896801,33.81305
2012-11-13 06:00:00,38.3468,26.3768,31.81805
2012-11-14 06:00:00,43.026802,30.3368,35.624302
2012-11-15 06:00:00,46.4468,30.7868,37.05305
2012-11-16 06:00:00,50.5868,29.6168,38.95805
2012-11-17 06:00:00,50.8568,31.0568,40.308052
2012-11-18 06:00:00,53.8268,35.5568,43.81805
2012-11-19 06:00:00,55.8968,41.5868,47.3768
2012-11-20 06:00:00,54.3668,44.3768,49.3343
2012-11-21 06:00:00,54.4568,37.9868,45.72305
2012-11-22 06:00:00,60.5768,45.636803,52.630554
2012-11-23 06:00:00,47.256798,29.8868,34.4618
2012-11-24 06:00:00,31.7768,27.1868,28.69055
2012-11-25 06:00:00,41.4068,28.5368,33.9668
2012-11-26 06:00:00,34.3868,27.3668,31.1543
2012-11-27 06:00:00,32.5868,23.4068,27.6893
2012-11-28 06:00:00,41.7668,27.636799,33.50555
2012-11-29 06:00:00,48.5168,31.5968,39.26555
2012-11-30 06:00:00,48.3368,37.7168,42.41555
2012-12-01 06:00:00,57.0668,33.9368,47.526802
2012-12-02 06:00:00,60.5768,46.6268,54.558052
2012-12-03 06:00:00,67.7768,47.0768,58.731804
2012-12-04 06:00:00,58.506798,40.8668,50.568047
2012-12-05 06:00:00,38.8868,30.1568,34.72055
2012-12-06 06:00:00,44.4668,32.1368,38.436802
2012-12-07 06:00:00,42.3968,39.2468,40.9193
2012-12-08 06:00:00,40.6868,36.9968,38.5868
2012-12-09 06:00:00,39.9668,35.6468,37.491802
2012-12-10 06:00:00,36.7268,29.7968,33.6668
2012-12-11 06:00:00,34.1168,25.7468,29.646801
2012-12-12 06:00:00,43.5668,28.7168,34.7318
2012-12-13 06:00:00,47.1668,32.5868,38.38055
2012-12-14 06:00:00,47.0768,28.896801,38.12555
2012-12-15 06:00:00,47.6168,39.6068,43.66055
2012-12-16 06:00:00,46.8968,37.9868,42.910553
2012-12-17 06:00:00,39.6968,33.3968,37.09055
2012-12-18 06:00:00,39.0668,31.0568,34.7618
2012-12-19 06:00:00,39.2468,28.9868,34.54805
2012-12-20 06:00:00,47.7968,34.1168,40.6418
2012-12-21 06:00:00,33.9368,23.1368,27.7493
2012-12-22 06:00:00,33.8468,21.7868,26.56805
2012-12-23 06:00:00,34.4768,24.7568,29.5118
2012-12-24 06:00:00,34.1168,26.646801,31.0793
2012-12-25 06:00:00,32.1368,26.4668,30.01805
2012-12-26 06:00:00,31.8668,30.3368,30.89555
2012-12-27 06:00:00,33.7568,30.0668,31.5818
2012-12-28 06:00:00,32.0468,29.7068,30.85805
2012-12-29 06:00:00,30.7868,22.056799,27.2468
2012-12-30 06:00:00,32.0468,18.0068,24.85055
2012-12-31 06:00:00,32.4068,21.2468,29.13305
2013-01-01 06:00:00,22.5068,11.976801,18.2768
2013-01-02 06:00:00,27.9968,9.636801,18.944302
2013-01-03 06:00:00,30.6968,19.3568,25.990551
2013-01-04 06:00:00,36.0068,17.1968,25.55555
2013-01-05 06:00:00,39.4268,24.486801,30.88805
2013-01-06 06:00:00,34.026802,25.0268,29.68805
2013-01-07 06:00:00,39.6068,21.4268,29.5268
2013-01-08 06:00:00,41.3168,27.9968,33.61805
2013-01-09 06:00:00,46.4468,28.6268,38.0168
2013-01-10 06:00:00,42.3968,25.9268,34.8293
2013-01-11 06:00:00,51.936802,41.9468,48.2243
2013-01-12 06:00:00,49.9568,32.0468,43.72055
2013-01-13 06:00:00,31.3268,17.0168,25.30805
2013-01-14 06:00:00,25.5668,11.886801,18.38555
2013-01-15 06:00:00,30.5168,17.1068,22.68305
2013-01-16 06:00:00,36.3668,19.3568,27.8318
2013-01-17 06:00:00,31.6868,21.8768,27.21305
2013-01-18 06:00:00,42.756798,20.3468,32.02055
2013-01-19 06:00:00,46.7168,33.9368,40.4543
2013-01-20 06:00:00,28.8068,14.9468,19.1468
2013-01-21 06:00:00,14.406799,6.486801,10.5818
2013-01-22 06:00:00,12.336802,0.99679947,7.131796
2013-01-23 06:00:00,23.4968,8.9168,15.719301
2013-01-24 06:00:00,22.5068,8.376801,15.824301
2013-01-25 06:00:00,29.8868,18.186802,23.0093
2013-01-26 06:00:00,26.4668,13.326801,19.9193
2013-01-27 06:00:00,35.5568,21.5168,28.90055
2013-01-28 06:00:00,48.3368,35.6468,42.831802
2013-01-29 06:00:00,58.506798,38.0768,54.4943
2013-01-30 06:00:00,43.9268,21.8768,31.896801
2013-01-31 06:00:00,20.6168,8.1068,15.42305
2013-02-01 06:00:00,13.7768,0.7268009,7.9605503
2013-02-02 06:00:00,20.706799,11.2568,17.38805
2013-02-03 06:00:00,23.4968,9.3668,15.591801
2013-02-04 06:00:00,27.9068,16.836802,21.6893
2013-02-05 06:00:00,29.9768,4.686802,20.946798
2013-02-06 06:00:00,35.4668,19.1768,28.1468
2013-02-07 06:00:00,34.2068,30.1568,31.86305
2013-02-08 06:00:00,30.9668,18.2768,23.598051
2013-02-09 06:00:00,34.3868,14.226801,24.363049
2013-02-10 06:00:00,46.6268,29.4368,38.1068
2013-02-11 06:00:00,41.3168,26.4668,32.4443
2013-02-12 06:00:00,31.8668,22.056799,26.47055
2013-02-13 06:00:00,45.006798,15.396801,29.6393
2013-02-14 06:00:00,40.8668,28.5368,35.21555
2013-02-15 06:00:00,31.8668,20.2568,26.9918
2013-02-16 06:00:00,21.0668,13.056799,17.78555
2013-02-17 06:00:00,29.2568,10.896801,20.21555
2013-02-18 06:00:00,53.2868,26.1968,39.49055
2013-02-19 06:00:00,29.9768,11.5268,19.2518
2013-02-20 06:00:00,25.0268,5.6768,14.598051
2013-02-21 06:00:00,28.2668,11.976801,20.346802
2013-02-22 06:00:00,34.4768,22.8668,27.9968
2013-02-23 06:00:00,26.916801,22.8668,25.14305
2013-02-24 06:00:00,34.8368,19.1768,26.8568
2013-02-25 06:00:00,38.2568,22.7768,30.67805
2013-02-26 06:00:00,32.7668,29.8868,31.5743
2013-02-27 06:00:00,34.2068,31.2368,32.41055
2013-02-28 06:00:00,33.4868,24.9368,31.03055
2013-03-01 06:00:00,27.9968,16.7468,22.9643
2013-03-02 06:00:00,26.736801,12.6068,18.50555
2013-03-03 06:00:00,29.9768,5.9467983,17.3318
2013-03-04 06:00:00,30.3368,8.556799,21.873049
2013-03-05 06:00:00,30.2468,24.6668,28.5518
2013-03-06 06:00:00,34.026802,23.8568,28.64555
2013-03-07 06:00:00,34.7468,25.2968,29.8643
2013-03-08 06:00:00,36.5468,20.7968,28.2593
2013-03-09 06:00:00,41.0468,25.9268,35.2043
2013-03-10 06:00:00,48.3368,41.0468,44.3618
2013-03-11 06:00:00,44.5568,31.8668,38.2118
2013-03-12 06:00:00,36.9068,27.8168,31.4168
2013-03-13 06:00:00,34.4768,21.2468,27.13805
2013-03-14 06:00:00,36.4568,24.5768,30.5018
2013-03-15 06:00:00,43.8368,28.7168,33.5093
2013-03-16 06:00:00,32.8568,25.2968,28.75805
2013-03-17 06:00:00,34.1168,20.4368,28.12055
2013-03-18 06:00:00,35.7368,22.056799,30.16805
2013-03-19 06:00:00,35.4668,17.646801,25.08305
2013-03-20 06:00:00,23.6768,16.3868,20.725552
2013-03-21 06:00:00,34.2968,15.216801,23.9543
2013-03-22 06:00:00,38.7968,20.3468,28.40555
2013-03-23 06:00:00,38.9768,23.226799,29.80055
2013-03-24 06:00:00,35.8268,26.916801,30.6893
2013-03-25 06:00:00,36.2768,28.1768,31.1693
2013-03-26 06:00:00,41.4068,28.5368,33.7268
2013-03-27 06:00:00,42.2168,29.1668,35.17805
2013-03-28 06:00:00,47.7068,27.5468,36.56555
2013-03-29 06:00:00,51.0368,28.896801,38.89055
2013-03-30 06:00:00,56.7068,27.0968,43.57055
2013-03-31 06:00:00,57.3368,38.1668,47.70305
2013-04-01 06:00:00,38.7968,27.726799,33.5168
2013-04-02 06:00:00,41.6768,25.476799,32.9693
2013-04-03 06:00:00,39.9668,24.8468,31.36055
2013-04-04 06:00:00,54.7268,26.646801,41.68805
2013-04-05 06:00:00,42.4868,32.0468,36.62555
2013-04-06 06:00:00,65.9768,32.5868,49.698048
2013-04-07 06:00:00,55.8968,39.0668,47.440548
2013-04-08 06:00:00,64.1768,38.7068,49.33055
2013-04-09 06:00:00,56.9768,37.0868,42.168053
2013-04-10 06:00:00,39.0668,35.1068,36.88805
2013-04-11 06:00:00,48.3368,35.3768,42.2093
2013-04-12 06:00:00,45.636803,35.8268,40.30805
2013-04-13 06:00:00,43.9268,33.4868,38.5868
2013-04-14 06:00:00,63.096798,34.026802,49.1468
2013-04-15 06:00:00,64.1768,46.4468,56.444305
2013-04-16 06:00:00,54.0968,40.6868,45.464302
2013-04-17 06:00:00,52.2968,39.6968,42.68555
2013-04-18 06:00:00,64.6268,39.8768,54.8843
2013-04-19 06:00:00,44.1968,35.6468,39.16805
2013-04-20 06:00:00,43.4768,31.1468,36.77555
2013-04-21 06:00:00,51.756798,31.5068,41.77055
2013-04-22 06:00:00,62.3768,38.7968,51.06305
2013-04-23 06:00:00,56.9768,36.1868,48.0143
2013-04-24 06:00:00,50.5868,35.9168,42.183052
2013-04-25 06:00:00,50.4968,39.2468,44.5343
2013-04-26 06:00:00,64.9868,37.7168,51.3368
2013-04-27 06:00:00,63.3668,42.9368,53.5193
2013-04-28 06:00:00,60.846798,48.6968,53.3918
2013-04-29 06:00:00,70.8368,48.0668,60.048054
2013-04-30 06:00:00,80.4668,59.136803,68.9243
2013-05-01 06:00:00,78.3968,61.8368,70.00804
2013-05-02 06:00:00,62.646797,40.0568,47.935555
2013-05-03 06:00:00,50.3168,39.4268,44.523052
2013-05-04 06:00:00,65.9768,50.136803,57.62555
2013-05-05 06:00:00,63.9068,48.1568,54.6818
2013-05-06 06:00:00,65.3468,47.7968,55.326805
2013-05-07 06:00:00,70.0268,43.9268,57.27305
2013-05-08 06:00:00,73.9868,46.3568,60.2843
2013-05-09 06:00:00,71.0168,50.7668,60.46055
2013-05-10 06:00:00,48.6068,41.7668,45.531803
2013-05-11 06:00:00,58.146797,39.2468,48.933052
2013-05-12 06:00:00,52.2068,39.4268,45.3743
2013-05-13 06:00:00,59.0468,35.1068,49.4318
2013-05-14 06:00:00,82.7168,53.4668,67.934296
2013-05-15 06:00:00,76.3268,55.5368,69.55805
2013-05-16 06:00:00,77.9468,51.8468,63.98555
2013-05-17 06:00:00,71.7368,53.1968,61.780552
2013-05-18 06:00:00,75.1568,59.6768,66.794304
2013-05-19 06:00:00,81.5468,61.3868,72.52055
2013-05-20 06:00:00,83.9768,69.2168,76.0793
2013-05-21 06:00:00,79.4768,67.2368,72.21305
2013-05-22 06:00:00,71.5568,57.8768,66.56555
2013-05-23 06:00:00,56.436802,43.7468,49.4093
2013-05-24 06:00:00,54.8168,42.1268,47.530552
2013-05-25 06:00:00,56.1668,41.7668,50.0318
2013-05-26 06:00:00,66.066795,46.8968,56.590553
2013-05-27 06:00:00,62.916798,56.436802,59.1368
2013-05-28 06:00:00,75.9668,58.4168,67.85555
2013-05-29 06:00:00,78.1268,65.7968,72.1268
2013-05-30 06:00:00,82.2668,69.5768,75.216805
2013-05-31 06:00:00,77.7668,67.8668,71.17805
2013-06-01 06:00:00,79.0268,63.4568,70.23305
2013-06-02 06:00:00,63.276802,51.1268,57.31055
2013-06-03 06:00:00,65.2568,45.636803,56.77055
2013-06-04 06:00:00,68.6768,53.3768,61.349297
2013-06-05 06:00:00,70.8368,57.7868,62.4668
2013-06-06 06:00:00,64.1768,55.4468,58.96055
2013-06-07 06:00:00,64.4468,53.7368,58.653046
2013-06-08 06:00:00,71.6468,49.5968,61.90805
2013-06-09 06:00:00,77.7668,61.2968,69.46805
2013-06-10 06:00:00,72.816795,62.286797,67.3118
2013-06-11 06:00:00,82.7168,60.846798,72.5468
2013-06-12 06:00:00,81.2768,64.2668,72.1268
2013-06-13 06:00:00,68.8568,57.5168,64.034294
2013-06-14 06:00:00,72.1868,55.5368,63.235554
2013-06-15 06:00:00,78.666794,59.5868,68.69555
2013-06-16 06:00:00,82.7168,68.136795,74.66554
2013-06-17 06:00:00,85.6868,62.5568,74.36555
2013-06-18 06:00:00,67.2368,59.8568,63.764305
2013-06-19 06:00:00,71.7368,58.3268,65.06555
2013-06-20 06:00:00,81.9068,58.686802,72.0443
2013-06-21 06:00:00,84.6068,68.9468,76.3868
2013-06-22 06:00:00,86.5868,72.7268,78.70055
2013-06-23 06:00:00,86.136795,69.4868,77.849304
2013-06-24 06:00:00,84.066795,70.6568,75.68179
2013-06-25 06:00:00,85.416794,69.1268,77.87556
2013-06-26 06:00:00,79.0268,70.8368,75.003044
2013-06-27 06:00:00,88.0268,68.0468,77.11055
2013-06-28 06:00:00,79.9268,67.7768,73.82179
2013-06-29 06:00:00,69.5768,63.6368,66.224304
2013-06-30 06:00:00,72.9068,63.7268,67.199295
2013-07-01 06:00:00,73.4468,62.8268,67.739296
2013-07-02 06:00:00,66.3368,62.466797,63.8843
2013-07-03 06:00:00,71.3768,62.916798,67.0643
2013-07-04 06:00:00,80.7368,60.396797,71.5718
2013-07-05 06:00:00,82.3568,63.5468,73.911804
2013-07-06 06:00:00,82.7168,65.9768,74.770546
2013-07-07 06:00:00,86.5868,69.2168,77.05055
2013-07-08 06:00:00,82.5368,74.3468,76.9043
2013-07-09 06:00:00,87.2168,72.816795,79.7168
2013-07-10 06:00:00,82.2668,70.0268,77.8268
2013-07-11 06:00:00,77.8568,64.7168,71.9093
2013-07-12 06:00:00,80.4668,60.5768,71.7518
2013-07-13 06:00:00,81.1868,65.3468,74.2043
2013-07-14 06:00:00,85.2368,70.2068,78.2768
2013-07-15 06:00:00,88.746796,72.816795,80.4518
2013-07-16 06:00:00,90.0968,74.3468,82.668045
2013-07-17 06:00:00,91.80681,75.1568,84.16431
2013-07-18 06:00:00,92.0768,77.316795,85.3943
2013-07-19 06:00:00,93.5168,79.386795,86.03929
2013-07-20 06:00:00,85.7768,73.8968,79.4543
2013-07-21 06:00:00,86.4068,70.1168,77.89805
2013-07-22 06:00:00,86.2268,69.5768,77.86055
2013-07-23 06:00:00,77.0468,64.5368,72.04055
2013-07-24 06:00:00,70.8368,60.9368,65.7968
2013-07-25 06:00:00,79.1168,56.7068,70.33055
2013-07-26 06:00:00,72.7268,65.9768,69.3068
2013-07-27 06:00:00,65.9768,58.596798,62.706806
2013-07-28 06:00:00,65.886795,55.2668,61.1018
2013-07-29 06:00:00,72.9068,57.7868,65.7518
2013-07-30 06:00:00,74.9768,61.7468,68.49305
2013-07-31 06:00:00,75.3368,66.7868,70.82555
2013-08-01 06:00:00,78.2168,64.8068,71.50805
2013-08-02 06:00:00,82.1768,63.6368,73.15055
2013-08-03 06:00:00,77.5868,63.9068,72.0143
2013-08-04 06:00:00,72.2768,62.646797,67.5518
2013-08-05 06:00:00,74.886795,62.3768,68.9018
2013-08-06 06:00:00,84.5168,64.6268,74.75929
2013-08-07 06:00:00,85.7768,67.9568,74.8793
2013-08-08 06:00:00,75.1568,67.8668,71.286804
2013-08-09 06:00:00,81.0968,59.7668,72.42305
2013-08-10 06:00:00,77.496796,68.2268,72.5693
2013-08-11 06:00:00,80.3768,62.646797,72.14555
2013-08-12 06:00:00,80.4668,69.4868,73.8368
2013-08-13 06:00:00,68.6768,62.016796,65.82305
2013-08-14 06:00:00,69.3968,58.146797,64.1318
2013-08-15 06:00:00,74.3468,57.5168,66.0593
2013-08-16 06:00:00,78.5768,60.396797,69.35555
2013-08-17 06:00:00,78.4868,61.1168,70.60055
2013-08-18 06:00:00,80.1068,60.9368,72.20555
2013-08-19 06:00:00,83.5268,60.9368,74.00555
2013-08-20 06:00:00,85.596794,67.2368,76.92304
2013-08-21 06:00:00,88.9268,68.7668,79.510544
2013-08-22 06:00:00,77.4068,68.7668,72.475555
2013-08-23 06:00:00,78.5768,66.3368,72.168045
2013-08-24 06:00:00,83.166794,63.7268,73.716805
2013-08-25 06:00:00,88.1168,67.5068,78.03305
2013-08-26 06:00:00,90.7268,71.2868,80.8418
2013-08-27 06:00:00,93.2468,76.2368,84.1568
2013-08-28 06:00:00,82.9868,71.8268,77.9393
2013-08-29 06:00:00,85.7768,66.7868,76.70555
2013-08-30 06:00:00,94.3268,70.2068,81.28055
2013-08-31 06:00:00,77.9468,70.2968,73.8293
2013-09-01 06:00:00,84.1568,67.7768,76.00805
2013-09-02 06:00:00,73.8068,67.0568,70.97555
2013-09-03 06:00:00,75.4268,62.8268,68.613045
2013-09-04 06:00:00,82.6268,60.1268,71.6468
2013-09-05 06:00:00,72.4568,63.9068,68.95805
2013-09-06 06:00:00,83.9768,62.736797,72.81305
2013-09-07 06:00:00,86.2268,67.6868,76.62304
2013-09-08 06:00:00,76.8668,71.8268,74.17805
2013-09-09 06:00:00,92.1668,70.0268,81.4943
2013-09-10 06:00:00,94.2368,77.136795,85.55556
2013-09-11 06:00:00,88.566795,74.0768,80.0543
2013-09-12 06:00:00,80.3768,60.6668,70.4618
2013-09-13 06:00:00,64.6268,57.1568,60.453045
2013-09-14 06:00:00,70.4768,52.5668,62.0918
2013-09-15 06:00:00,61.6568,57.0668,59.45555
2013-09-16 06:00:00,62.3768,54.186802,59.07305
2013-09-17 06:00:00,68.136795,53.7368,60.936806
2013-09-18 06:00:00,80.916794,58.686802,69.95555
2013-09-19 06:00:00,81.7268,68.2268,75.04806
2013-09-20 06:00:00,75.6068,62.1068,70.5068
2013-09-21 06:00:00,66.6068,56.886803,60.88055
2013-09-22 06:00:00,63.9068,52.7468,58.064297
2013-09-23 06:00:00,64.8968,51.8468,58.506798
2013-09-24 06:00:00,68.136795,52.8368,60.61055
2013-09-25 06:00:00,68.2268,55.3568,61.1993
2013-09-26 06:00:00,73.4468,55.2668,63.906803
2013-09-27 06:00:00,77.7668,57.0668,67.15804
2013-09-28 06:00:00,81.7268,58.8668,70.780556
2013-09-29 06:00:00,66.5168,52.2968,61.113052
2013-09-30 06:00:00,72.7268,48.9668,61.1693
2013-10-01 06:00:00,78.2168,59.3168,68.800545
2013-10-02 06:00:00,74.4368,64.1768,68.45555
2013-10-03 06:00:00,77.7668,63.9968,70.37554
2013-10-04 06:00:00,78.1268,66.5168,71.8943
2013-10-05 06:00:00,78.3068,65.7068,71.58681
2013-10-06 06:00:00,61.9268,47.3468,56.0168
2013-10-07 06:00:00,65.2568,45.7268,54.8918
2013-10-08 06:00:00,73.3568,46.3568,59.98805
2013-10-09 06:00:00,68.496796,52.386803,60.40805
2013-10-10 06:00:00,72.0068,50.7668,61.84805
2013-10-11 06:00:00,73.4468,55.6268,64.1693
2013-10-12 06:00:00,71.1068,55.2668,62.909298
2013-10-13 06:00:00,62.646797,49.506798,55.6118
2013-10-14 06:00:00,60.0368,48.6968,55.13555
2013-10-15 06:00:00,63.7268,53.1968,58.083046
2013-10-16 06:00:00,53.5568,47.886803,51.183052
2013-10-17 06:00:00,52.6568,46.2668,49.4018
2013-10-18 06:00:00,51.756798,43.8368,47.5868
2013-10-19 06:00:00,53.1968,43.1168,47.5793
2013-10-20 06:00:00,60.1268,39.7868,51.04805
2013-10-21 06:00:00,53.5568,38.9768,45.47555
2013-10-22 06:00:00,44.0168,33.2168,37.66805
2013-10-23 06:00:00,44.1968,33.7568,38.6018
2013-10-24 06:00:00,43.5668,32.2268,37.394302
2013-10-25 06:00:00,49.8668,31.5968,40.98305
2013-10-26 06:00:00,52.5668,40.326797,46.33805
2013-10-27 06:00:00,53.1968,35.1968,44.054302
2013-10-28 06:00:00,49.8668,39.3368,45.5393
2013-10-29 06:00:00,55.5368,42.3068,48.0668
2013-10-30 06:00:00,63.6368,44.4668,53.71805
2013-10-31 06:00:00,63.816795,45.4568,58.2443
2013-11-01 06:00:00,49.0568,43.2968,45.895554
2013-11-02 06:00:00,46.7168,38.8868,42.72305
2013-11-03 06:00:00,50.3168,34.9268,43.31555
2013-11-04 06:00:00,56.256798,44.0168,49.45805
2013-11-05 06:00:00,55.3568,49.506798,52.266804
2013-11-06 06:00:00,56.7068,39.1568,49.6268
2013-11-07 06:00:00,45.9068,32.6768,37.8293
2013-11-08 06:00:00,46.8068,30.5168,39.63305
2013-11-09 06:00:00,56.1668,44.6468,49.98305
2013-11-10 06:00:00,47.3468,37.2668,41.7293
2013-11-11 06:00:00,47.0768,29.6168,38.8868
2013-11-12 06:00:00,32.2268,24.0368,27.5468
2013-11-13 06:00:00,39.0668,21.3368,29.6393
2013-11-14 06:00:00,47.886803,32.0468,39.45305
2013-11-15 06:00:00,49.8668,37.8068,42.9668
2013-11-16 06:00:00,57.2468,40.6868,49.96055
2013-11-17 06:00:00,64.3568,43.8368,55.4468
2013-11-18 06:00:00,43.1168,32.2268,38.721798
2013-11-19 06:00:00,39.5168,28.2668,34.18055
2013-11-20 06:00:00,42.756798,32.2268,37.5593
2013-11-21 06:00:00,49.2368,40.0568,44.444298
2013-11-22 06:00:00,42.2168,28.6268,35.9243
2013-11-23 06:00:00,27.9968,18.5468,23.41805
2013-11-24 06:00:00,25.5668,14.586802,20.028051
2013-11-25 06:00:00,29.7968,21.5168,26.553051
2013-11-26 06:00:00,34.7468,22.956799,29.56805
2013-11-27 06:00:00,27.2768,16.7468,21.8993
2013-11-28 06:00:00,32.6768,22.6868,26.2118
2013-11-29 06:00:00,34.4768,20.976799,27.8993
2013-11-30 06:00:00,45.9968,29.2568,35.8718
2013-12-01 06:00:00,41.3168,31.2368,35.5268
2013-12-02 06:00:00,40.9568,32.4968,36.03305
2013-12-03 06:00:00,47.1668,35.8268,42.33305
2013-12-04 06:00:00,54.5468,41.6768,48.0368
2013-12-05 06:00:00,36.5468,24.5768,28.10555
2013-12-06 06:00:00,24.306799,16.206799,20.0168
2013-12-07 06:00:00,19.7168,11.436802,15.621799
2013-12-08 06:00:00,25.9268,17.1968,23.3243
2013-12-09 06:00:00,24.306799,2.976801,16.84055
2013-12-10 06:00:00,22.4168,-1.7032013,10.776798
2013-12-11 06:00:00,17.1968,-1.4332047,12.018053
2013-12-12 06:00:00,19.6268,-3.9532013,8.725552
2013-12-13 06:00:00,30.3368,15.126801,23.71805
2013-12-14 06:00:00,29.5268,18.6368,27.5018
2013-12-15 06:00:00,18.3668,6.396799,12.119305
2013-12-16 06:00:00,19.2668,5.0467987,12.693052
2013-12-17 06:00:00,31.9568,11.796801,22.39805
2013-12-18 06:00:00,36.1868,11.2568,23.62055
2013-12-19 06:00:00,38.0768,32.7668,35.08805
2013-12-20 06:00:00,35.0168,32.1368,33.66305
2013-12-21 06:00:00,34.6568,29.4368,32.23805
2013-12-22 06:00:00,33.3068,20.976799,29.74805
2013-12-23 06:00:00,20.1668,-5.6632004,9.944302
2013-12-24 06:00:00,15.126801,-6.023201,3.4380493
2013-12-25 06:00:00,25.5668,15.8468,21.50555
2013-12-26 06:00:00,32.0468,15.7568,25.019299
2013-12-27 06:00:00,38.5268,19.896801,30.55055
2013-12-28 06:00:00,46.6268,32.4068,38.9393
2013-12-29 06:00:00,37.6268,11.436802,26.5118
2013-12-30 06:00:00,12.336802,1.7167969,7.851799
2013-12-31 06:00:00,12.876801,1.8067989,8.61305
2014-01-01 06:00:00,20.5268,13.686802,19.041801
2014-01-02 06:00:00,19.806799,4.8668003,15.850552
2014-01-03 06:00:00,17.826801,-6.8332024,5.6130466
2014-01-04 06:00:00,30.3368,18.6368,26.133049
2014-01-05 06:00:00,28.4468,-1.9731979,15.970551
2014-01-06 06:00:00,-3.8632011,-17.363201,-13.661949
2014-01-07 06:00:00,0.27680016,-15.023201,-8.1082
2014-01-08 06:00:00,11.706799,-11.873199,-0.10944748
2014-01-09 06:00:00,25.386799,-2.6931992,11.871805
2014-01-10 06:00:00,40.4168,26.2868,33.43805
2014-01-11 06:00:00,39.2468,28.2668,34.2068
2014-01-12 06:00:00,41.6768,25.9268,34.2743
2014-01-13 06:00:00,42.8468,28.6268,37.3868
2014-01-14 06:00:00,33.7568,21.6068,26.8868
2014-01-15 06:00:00,20.976799,13.5068,17.076801
2014-01-16 06:00:00,34.5668,18.9068,26.89805
2014-01-17 06:00:00,18.6368,7.566799,14.4818
2014-01-18 06:00:00,21.0668,10.4468,15.689301
2014-01-19 06:00:00,34.9268,8.2868,23.3468
2014-01-20 06:00:00,33.4868,19.2668,27.5318
2014-01-21 06:00:00,18.456799,-4.493202,5.3468018
2014-01-22 06:00:00,14.406799,-5.1231995,4.9755497
2014-01-23 06:00:00,9.906799,-6.473198,0.63680077
2014-01-24 06:00:00,26.0168,-10.433205,8.91305
2014-01-25 06:00:00,31.5968,1.3568001,16.953053
2014-01-26 06:00:00,28.4468,1.4467983,16.270555
2014-01-27 06:00:00,7.2067986,-11.153202,-3.3906975
2014-01-28 06:00:00,0.99679947,-15.563202,-6.7656975
2014-01-29 06:00:00,18.9968,-3.9532013,8.25305
2014-01-30 06:00:00,29.9768,17.9168,24.6818
2014-01-31 06:00:00,25.2068,15.126801,19.93055
2014-02-01 06:00:00,29.3468,17.646801,24.8768
2014-02-02 06:00:00,19.3568,6.5768013,14.95055
2014-02-03 06:00:00,18.8168,-4.853203,6.5992985
2014-02-04 06:00:00,23.6768,2.976801,14.778049
2014-02-05 06:00:00,23.9468,8.9168,20.11805
2014-02-06 06:00:00,7.1168003,-4.403202,1.5067959
2014-02-07 06:00:00,8.646801,-7.283203,0.074300766
2014-02-08 06:00:00,15.0368,-4.943199,6.018051
2014-02-09 06:00:00,17.826801,7.8368015,12.19055
2014-02-10 06:00:00,9.816799,-4.313202,2.6618004
2014-02-11 06:00:00,12.066799,-7.3731995,1.5143032
2014-02-12 06:00:00,19.4468,-4.853203,6.273052
2014-02-13 06:00:00,30.6968,6.306799,17.751799
2014-02-14 06:00:00,21.3368,13.686802,18.20555
2014-02-15 06:00:00,21.9668,4.236801,13.334301
2014-02-16 06:00:00,23.9468,13.4168,18.4568
2014-02-17 06:00:00,27.9968,18.8168,21.651802
2014-02-18 06:00:00,43.2968,19.896801,32.6468
2014-02-19 06:00:00,41.2268,28.3568,33.34805
2014-02-20 06:00:00,51.1268,31.2368,37.1918
2014-02-21 06:00:00,34.9268,22.6868,27.8018
2014-02-22 06:00:00,31.5968,16.7468,23.10305
2014-02-23 06:00:00,24.9368,11.2568,16.3493
2014-02-24 06:00:00,22.8668,7.9268,15.074301
2014-02-25 06:00:00,20.7968,5.4967995,14.44055
2014-02-26 06:00:00,15.7568,-2.8731995,7.289303
2014-02-27 06:00:00,16.3868,1.4467983,7.143055
2014-02-28 06:00:00,28.7168,-7.0132027,13.9568
2014-03-01 06:00:00,27.726799,11.886801,20.1893
2014-03-02 06:00:00,12.066799,1.3568001,8.080551
2014-03-03 06:00:00,16.6568,-1.9731979,6.438053
2014-03-04 06:00:00,24.8468,4.8668003,14.7068
2014-03-05 06:00:00,21.4268,13.326801,19.424301
2014-03-06 06:00:00,26.646801,13.5068,19.889301
2014-03-07 06:00:00,44.8268,18.6368,31.33055
2014-03-08 06:00:00,35.0168,24.1268,27.5018
2014-03-09 06:00:00,40.8668,11.2568,29.08055
2014-03-10 06:00:00,56.256798,38.1668,44.7368
2014-03-11 06:00:00,45.7268,33.1268,37.889297
2014-03-12 06:00:00,32.6768,11.796801,22.76555
2014-03-13 06:00:00,36.1868,3.0667973,23.440548
2014-03-14 06:00:00,53.7368,36.2768,42.8168
2014-03-15 06:00:00,37.0868,26.4668,32.3318
2014-03-16 06:00:00,25.5668,14.6768,19.484303
2014-03-17 06:00:00,37.6268,16.7468,26.5343
2014-03-18 06:00:00,48.2468,28.3568,37.92305
2014-03-19 06:00:00,46.3568,35.2868,41.23805
2014-03-20 06:00:00,44.4668,28.896801,35.74805
2014-03-21 06:00:00,55.0868,29.7068,41.65805
2014-03-22 06:00:00,40.8668,28.6268,35.7443
2014-03-23 06:00:00,30.9668,21.1568,25.96055
2014-03-24 06:00:00,35.2868,20.6168,27.76055
2014-03-25 06:00:00,28.9868,22.4168,26.47805
2014-03-26 06:00:00,37.0868,17.9168,28.5743
2014-03-27 06:00:00,50.8568,33.5768,41.5868
2014-03-28 06:00:00,50.9468,32.3168,39.6968
2014-03-29 06:00:00,38.2568,29.6168,33.40805
2014-03-30 06:00:00,53.7368,26.3768,40.593052
2014-03-31 06:00:00,64.2668,39.0668,51.4043
2014-04-01 06:00:00,55.7168,32.6768,43.07555
2014-04-02 06:00:00,42.576797,33.4868,37.77305
2014-04-03 06:00:00,39.5168,36.9068,38.27555
2014-04-04 06:00:00,45.9968,34.4768,39.84305
2014-04-05 06:00:00,48.9668,29.9768,38.815548
2014-04-06 06:00:00,52.4768,32.1368,42.614304
2014-04-07 06:00:00,50.6768,32.0468,41.504303
2014-04-08 06:00:00,53.7368,37.3568,45.449303
2014-04-09 06:00:00,58.4168,33.3068,47.2343
2014-04-10 06:00:00,63.096798,46.3568,54.8918
2014-04-11 06:00:00,65.166794,39.1568,53.050552
2014-04-12 06:00:00,74.6168,48.2468,60.5318
2014-04-13 06:00:00,66.246796,42.3968,56.3468
2014-04-14 06:00:00,62.466797,30.6068,40.818047
2014-04-15 06:00:00,36.1868,26.1068,31.23305
2014-04-16 06:00:00,49.686802,28.896801,39.5393
2014-04-17 06:00:00,59.4968,39.6068,49.42055
2014-04-18 06:00:00,49.1468,36.0068,42.59555
2014-04-19 06:00:00,59.8568,35.1068,47.32055
2014-04-20 06:00:00,72.4568,44.0168,58.454296
2014-04-21 06:00:00,72.636795,56.9768,62.031796
2014-04-22 06:00:00,55.7168,37.0868,46.8143
2014-04-23 06:00:00,47.9768,34.1168,39.83555
2014-04-24 06:00:00,60.4868,37.3568,50.07305
2014-04-25 06:00:00,65.3468,45.006798,54.6443
2014-04-26 06:00:00,49.9568,38.2568,43.536797
2014-04-27 06:00:00,54.636803,40.6868,46.645554
2014-04-28 06:00:00,52.386803,43.1168,47.0918
2014-04-29 06:00:00,59.9468,46.2668,52.80305
2014-04-30 06:00:00,52.7468,42.756798,48.2993
2014-05-01 06:00:00,48.3368,41.7668,45.45305
2014-05-02 06:00:00,53.1068,45.3668,48.655552
2014-05-03 06:00:00,63.096798,45.186802,54.486797
2014-05-04 06:00:00,53.1068,42.8468,48.6668
2014-05-05 06:00:00,51.8468,39.4268,44.519302
2014-05-06 06:00:00,57.4268,39.1568,49.191803
2014-05-07 06:00:00,70.566795,48.7868,60.73805
2014-05-08 06:00:00,83.0768,64.8968,73.78805
2014-05-09 06:00:00,71.1068,55.8968,65.1743
2014-05-10 06:00:00,70.746796,47.256798,60.453053
2014-05-11 06:00:00,78.9368,55.9868,66.6593
2014-05-12 06:00:00,80.916794,65.3468,73.24805
2014-05-13 06:00:00,68.136795,55.1768,61.2668
2014-05-14 06:00:00,54.7268,43.6568,50.35055
2014-05-15 06:00:00,52.9268,37.8068,44.32055
2014-05-16 06:00:00,43.2068,36.9068,39.64055
2014-05-17 06:00:00,57.6968,37.4468,48.550552
2014-05-18 06:00:00,65.886795,44.3768,55.653053
2014-05-19 06:00:00,66.1568,47.6168,57.8543
2014-05-20 06:00:00,81.1868,59.0468,69.3818
2014-05-21 06:00:00,81.996796,62.466797,69.9368
2014-05-22 06:00:00,64.8068,50.2268,57.850548
2014-05-23 06:00:00,62.466797,46.3568,52.7618
2014-05-24 06:00:00,68.316795,43.7468,56.020546
2014-05-25 06:00:00,77.4068,49.9568,65.1968
2014-05-26 06:00:00,82.6268,61.4768,71.7218
2014-05-27 06:00:00,80.2868,52.2068,68.70305
2014-05-28 06:00:00,66.7868,51.2168,56.65805
2014-05-29 06:00:00,70.2068,51.0368,59.11055
2014-05-30 06:00:00,73.9868,49.5968,61.068047
2014-05-31 06:00:00,82.3568,51.4868,67.1393
2014-06-01 06:00:00,85.3268,64.8968,74.90554
2014-06-02 06:00:00,79.6568,70.8368,74.25305
2014-06-03 06:00:00,76.8668,65.2568,70.84805
2014-06-04 06:00:00,64.6268,53.1968,59.7518
2014-06-05 06:00:00,70.6568,49.506798,59.92055
2014-06-06 06:00:00,75.8768,52.8368,65.3618
2014-06-07 06:00:00,79.0268,55.4468,67.35305
2014-06-08 06:00:00,64.5368,51.0368,57.4643
2014-06-09 06:00:00,72.816795,51.3068,60.591797
2014-06-10 06:00:00,65.2568,54.7268,58.51805
2014-06-11 06:00:00,64.3568,55.8068,59.609303
2014-06-12 06:00:00,79.0268,56.9768,67.8818
2014-06-13 06:00:00,70.2068,55.5368,62.2718
2014-06-14 06:00:00,74.6168,49.776802,64.39805
2014-06-15 06:00:00,80.8268,58.9568,69.974304
2014-06-16 06:00:00,83.6168,65.0768,75.434296
2014-06-17 06:00:00,86.2268,67.1468,78.880554
2014-06-18 06:00:00,83.9768,59.136803,74.46305
2014-06-19 06:00:00,74.9768,58.146797,66.15305
2014-06-20 06:00:00,80.1068,60.846798,70.4093
2014-06-21 06:00:00,79.4768,57.3368,66.61805
2014-06-22 06:00:00,76.9568,58.686802,66.55055
2014-06-23 06:00:00,76.6868,58.8668,69.378044
2014-06-24 06:00:00,80.3768,63.096798,72.04805
2014-06-25 06:00:00,71.7368,57.2468,63.4943
2014-06-26 06:00:00,72.0068,56.886803,63.325554
2014-06-27 06:00:00,83.6168,57.6968,72.246796
2014-06-28 06:00:00,83.7068,70.4768,76.53305
2014-06-29 06:00:00,83.7968,71.1068,77.1368
2014-06-30 06:00:00,87.4868,72.0068,78.663055
2014-07-01 06:00:00,80.2868,69.7568,74.5643
2014-07-02 06:00:00,69.7568,57.0668,63.715553
2014-07-03 06:00:00,71.8268,56.436802,64.0793
2014-07-04 06:00:00,74.4368,57.2468,65.97681
2014-07-05 06:00:00,76.3268,57.6968,68.43305
2014-07-06 06:00:00,85.6868,64.6268,73.589294
2014-07-07 06:00:00,84.6068,70.8368,77.8718
2014-07-08 06:00:00,79.4768,68.9468,74.163055
2014-07-09 06:00:00,76.2368,62.5568,69.1943
2014-07-10 06:00:00,74.7968,61.566795,68.05055
2014-07-11 06:00:00,78.666794,57.4268,70.1018
2014-07-12 06:00:00,83.2568,69.1268,75.340546
2014-07-13 06:00:00,82.9868,67.7768,75.42305
2014-07-14 06:00:00,75.9668,64.0868,70.80305
2014-07-15 06:00:00,66.9668,56.526802,61.93805
2014-07-16 06:00:00,68.2268,55.6268,62.14055
2014-07-17 06:00:00,74.0768,57.1568,66.01055
2014-07-18 06:00:00,76.3268,57.1568,67.990555
2014-07-19 06:00:00,77.2268,60.4868,69.3743
2014-07-20 06:00:00,79.6568,60.756798,70.63805
2014-07-21 06:00:00,83.886795,62.1068,74.38055
2014-07-22 06:00:00,87.666794,68.136795,78.43055
2014-07-23 06:00:00,69.5768,60.396797,65.20055
2014-07-24 06:00:00,71.2868,58.0568,64.5218
2014-07-25 06:00:00,73.6268,57.0668,66.01805
2014-07-26 06:00:00,82.2668,65.7068,73.263054
2014-07-27 06:00:00,82.2668,64.0868,73.1693
2014-07-28 06:00:00,68.316795,59.2268,63.1943
2014-07-29 06:00:00,76.8668,58.8668,68.67305
2014-07-30 06:00:00,75.4268,61.566795,67.82555
2014-07-31 06:00:00,81.4568,59.5868,71.46305
2014-08-01 06:00:00,80.8268,63.7268,71.15555
2014-08-02 06:00:00,80.5568,61.2968,70.66055
2014-08-03 06:00:00,83.7068,60.4868,73.1543
2014-08-04 06:00:00,83.0768,65.7068,74.5643
2014-08-05 06:00:00,78.0368,64.7168,70.51055
2014-08-06 06:00:00,78.4868,62.646797,69.7718
2014-08-07 06:00:00,79.566795,63.1868,70.840546
2014-08-08 06:00:00,79.386795,65.4368,72.06305
2014-08-09 06:00:00,76.8668,65.7968,71.19305
2014-08-10 06:00:00,78.666794,67.5068,72.2843
2014-08-11 06:00:00,78.1268,67.1468,71.4368
2014-08-12 06:00:00,68.7668,59.9468,64.7468
2014-08-13 06:00:00,77.6768,58.3268,68.11805
2014-08-14 06:00:00,69.666794,57.8768,64.05679
2014-08-15 06:00:00,76.9568,52.9268,66.138054
2014-08-16 06:00:00,81.816795,61.6568,71.96556
2014-08-17 06:00:00,72.0068,63.1868,67.7843
2014-08-18 06:00:00,81.0068,62.8268,71.50055
2014-08-19 06:00:00,83.2568,69.3968,75.48306
2014-08-20 06:00:00,84.4268,66.5168,75.7118
2014-08-21 06:00:00,82.6268,70.386795,74.11055
2014-08-22 06:00:00,84.7868,70.566795,76.30055
2014-08-23 06:00:00,81.1868,69.7568,75.160545
2014-08-24 06:00:00,84.1568,70.9268,76.5293
2014-08-25 06:00:00,88.4768,73.2668,78.550545
2014-08-26 06:00:00,83.886795,70.0268,75.850555
2014-08-27 06:00:00,76.7768,66.246796,70.63805
2014-08-28 06:00:00,74.4368,64.7168,68.9543
2014-08-29 06:00:00,83.6168,68.316795,75.1043
2014-08-30 06:00:00,80.8268,71.3768,75.9068
2014-08-31 06:00:00,83.7968,66.7868,75.52055
2014-09-01 06:00:00,81.0068,70.8368,75.786804
2014-09-02 06:00:00,80.6468,64.3568,72.42305
2014-09-03 06:00:00,81.4568,61.1168,72.5543
2014-09-04 06:00:00,84.5168,72.0068,77.3168
2014-09-05 06:00:00,85.7768,65.7068,76.030556
2014-09-06 06:00:00,71.6468,61.4768,65.8568
2014-09-07 06:00:00,75.246796,57.6968,66.6068
2014-09-08 06:00:00,74.9768,56.0768,66.8918
2014-09-09 06:00:00,79.8368,62.5568,70.9118
2014-09-10 06:00:00,79.2968,57.7868,69.7268
2014-09-11 06:00:00,56.9768,52.2068,54.1118
2014-09-12 06:00:00,55.6268,44.8268,51.783054
2014-09-13 06:00:00,56.3468,43.5668,49.908054
2014-09-14 06:00:00,63.6368,48.3368,55.544304
2014-09-15 06:00:00,60.396797,50.136803,55.409298
2014-09-16 06:00:00,64.7168,49.1468,56.193047
2014-09-17 06:00:00,67.2368,47.256798,57.8468
2014-09-18 06:00:00,66.5168,48.1568,58.139297
2014-09-19 06:00:00,72.0068,54.0968,63.04055
2014-09-20 06:00:00,75.4268,62.1968,67.701805
2014-09-21 06:00:00,66.9668,52.2068,60.43805
2014-09-22 06:00:00,64.8968,48.7868,56.298054
2014-09-23 06:00:00,70.8368,49.686802,60.24305
2014-09-24 06:00:00,72.1868,54.7268,63.17555
2014-09-25 06:00:00,73.4468,55.0868,64.023056
2014-09-26 06:00:00,74.886795,56.7968,65.0468
2014-09-27 06:00:00,74.6168,58.2368,65.23805
2014-09-28 06:00:00,74.886795,57.8768,64.803055
2014-09-29 06:00:00,79.746796,55.1768,64.1018
2014-09-30 06:00:00,57.4268,51.6668,54.048054
2014-10-01 06:00:00,68.316795,51.1268,60.123055
2014-10-02 06:00:00,72.1868,60.9368,66.09305
2014-10-03 06:00:00,65.9768,45.7268,55.85555
2014-10-04 06:00:00,47.886803,38.8868,43.761803
2014-10-05 06:00:00,54.006798,42.576797,48.25805
2014-10-06 06:00:00,58.0568,47.7968,52.7018
2014-10-07 06:00:00,64.6268,48.5168,55.844303
2014-10-08 06:00:00,63.006798,47.256798,54.86555
2014-10-09 06:00:00,59.4968,46.2668,52.709297
2014-10-10 06:00:00,55.1768,44.7368,50.1968
2014-10-11 06:00:00,56.886803,41.4968,49.630554
2014-10-12 06:00:00,60.4868,43.5668,52.581802
2014-10-13 06:00:00,66.246796,55.5368,60.978054
2014-10-14 06:00:00,64.7168,53.3768,59.991802
2014-10-15 06:00:00,54.186802,50.5868,52.35305
2014-10-16 06:00:00,58.596798,51.1268,54.6743
2014-10-17 06:00:00,59.4068,50.4968,55.383053
2014-10-18 06:00:00,49.0568,43.026802,46.73555
2014-10-19 06:00:00,54.7268,37.0868,47.16305
2014-10-20 06:00:00,61.2968,49.1468,53.523052
2014-10-21 06:00:00,50.6768,44.0168,48.089302
2014-10-22 06:00:00,53.1068,38.6168,45.3518
2014-10-23 06:00:00,58.686802,39.5168,48.94805
2014-10-24 06:00:00,63.9968,49.2368,56.1893
2014-10-25 06:00:00,68.9468,53.1068,60.19055
2014-10-26 06:00:00,60.396797,45.8168,52.93805
2014-10-27 06:00:00,74.7068,53.1968,64.6718
2014-10-28 06:00:00,68.496796,47.3468,55.97555
2014-10-29 06:00:00,47.886803,41.5868,45.51305
2014-10-30 06:00:00,50.2268,37.5368,44.163048
2014-10-31 06:00:00,44.9168,35.1068,38.4893
2014-11-01 06:00:00,42.0368,34.5668,38.3318
2014-11-02 06:00:00,49.776802,28.4468,39.66305
2014-11-03 06:00:00,60.396797,42.756798,51.79805
2014-11-04 06:00:00,58.2368,45.636803,51.88805
2014-11-05 06:00:00,57.9668,39.6068,49.1543
2014-11-06 06:00:00,48.7868,37.6268,42.7793
2014-11-07 06:00:00,43.386803,32.8568,38.6018
2014-11-08 06:00:00,44.5568,37.6268,41.808052
2014-11-09 06:00:00,49.9568,33.7568,41.6843
2014-11-10 06:00:00,59.2268,40.4168,50.211803
2014-11-11 06:00:00,57.8768,32.7668,44.2493
2014-11-12 06:00:00,32.0468,27.636799,29.34305
2014-11-13 06:00:00,31.0568,24.306799,27.03305
2014-11-14 06:00:00,29.1668,23.0468,26.0318
2014-11-15 06:00:00,30.4268,21.5168,26.23805
2014-11-16 06:00:00,33.0368,24.2168,27.8168
2014-11-17 06:00:00,23.8568,14.406799,17.85305
2014-11-18 06:00:00,20.0768,11.6168,16.12805
2014-11-19 06:00:00,32.4968,18.0068,25.0043
2014-11-20 06:00:00,27.0968,19.5368,23.4218
2014-11-21 06:00:00,32.4968,14.7668,24.0968
2014-11-22 06:00:00,48.9668,32.7668,42.4268
2014-11-23 06:00:00,51.3068,45.3668,48.16055
2014-11-24 06:00:00,46.3568,25.6568,35.8943
2014-11-25 06:00:00,28.2668,21.5168,24.5618
2014-11-26 06:00:00,30.0668,19.7168,25.544298
2014-11-27 06:00:00,27.0968,18.6368,23.3018
2014-11-28 06:00:00,33.4868,17.736801,25.6493
2014-11-29 06:00:00,50.2268,30.7868,40.6418
2014-11-30 06:00:00,45.5468,27.0968,38.48555
2014-12-01 06:00:00,25.8368,20.0768,22.24055
2014-12-02 06:00:00,34.1168,22.5968,27.940552
2014-12-03 06:00:00,36.3668,26.1068,29.77055
2014-12-04 06:00:00,34.5668,25.1168,30.36305
2014-12-05 06:00:00,37.8068,32.5868,34.4843
2014-12-06 06:00:00,37.4468,32.0468,35.2418
2014-12-07 06:00:00,35.7368,29.2568,32.53805
2014-12-08 06:00:00,37.3568,31.6868,34.00805
2014-12-09 06:00:00,37.4468,31.7768,34.58555
2014-12-10 06:00:00,33.3968,29.7968,31.55555
2014-12-11 06:00:00,33.8468,26.1068,28.8218
2014-12-12 06:00:00,35.8268,24.6668,29.94305
2014-12-13 06:00:00,47.6168,30.3368,40.28555
2014-12-14 06:00:00,49.1468,42.3068,45.69305
2014-12-15 06:00:00,46.8068,41.7668,44.27555
2014-12-16 06:00:00,42.8468,28.896801,38.6768
2014-12-17 06:00:00,30.6968,24.6668,26.789299
2014-12-18 06:00:00,28.2668,23.226799,25.9268
2014-12-19 06:00:00,32.4968,27.1868,29.47805
2014-12-20 06:00:00,33.9368,27.0968,29.9168
2014-12-21 06:00:00,36.8168,30.3368,32.80805
2014-12-22 06:00:00,40.6868,30.8768,35.16305
2014-12-23 06:00:00,47.7968,36.3668,42.50555
2014-12-24 06:00:00,40.2368,34.4768,36.94055
2014-12-25 06:00:00,41.4068,32.5868,36.48305
2014-12-26 06:00:00,48.8768,35.9168,41.4068
2014-12-27 06:00:00,48.6068,31.5968,41.43305
2014-12-28 06:00:00,34.2968,24.5768,29.0768
2014-12-29 06:00:00,30.2468,24.9368,27.7868
2014-12-30 06:00:00,24.2168,13.056799,17.6543
2014-12-31 06:00:00,18.8168,6.486801,13.668053
2015-01-01 06:00:00,30.5168,17.2868,23.564299
2015-01-02 06:00:00,33.7568,20.976799,27.41555
2015-01-03 06:00:00,33.3068,29.2568,31.570549
2015-01-04 06:00:00,32.4968,3.6068,22.8668
2015-01-05 06:00:00,6.7567997,-3.1432,1.9718018
2015-01-06 06:00:00,9.726801,0.5467987,5.7968025
2015-01-07 06:00:00,5.4967995,-9.713203,-1.7181969
2015-01-08 06:00:00,18.0968,-12.683205,1.0867977
2015-01-09 06:00:00,11.3468,-3.233204,3.1342983
2015-01-10 06:00:00,20.4368,-5.3932,7.0455513
2015-01-11 06:00:00,30.6068,16.2968,23.425549
2015-01-12 06:00:00,26.916801,15.396801,19.23305
2015-01-13 06:00:00,17.9168,9.546801,15.351797
2015-01-14 06:00:00,17.826801,0.006799698,8.718052
2015-01-15 06:00:00,31.0568,10.626801,21.651802
2015-01-16 06:00:00,31.4168,23.5868,27.014301
2015-01-17 06:00:00,40.9568,25.7468,36.06305
2015-01-18 06:00:00,39.2468,31.8668,35.22305
2015-01-19 06:00:00,36.9968,23.5868,31.22555
2015-01-20 06:00:00,36.1868,28.1768,31.93055
2015-01-21 06:00:00,32.6768,27.8168,30.348051
2015-01-22 06:00:00,33.7568,20.3468,27.9668
2015-01-23 06:00:00,32.4968,20.6168,28.0493
2015-01-24 06:00:00,42.8468,28.1768,33.75305
2015-01-25 06:00:00,32.2268,24.396801,28.7243
2015-01-26 06:00:00,27.0068,20.0768,24.47555
2015-01-27 06:00:00,29.5268,21.3368,25.72805
2015-01-28 06:00:00,32.9468,16.1168,26.931799
2015-01-29 06:00:00,35.1968,28.8068,33.2318
2015-01-30 06:00:00,27.726799,15.396801,23.5343
2015-01-31 06:00:00,35.7368,15.486801,27.9668
2015-02-01 06:00:00,30.2468,20.0768,25.941801
2015-02-02 06:00:00,19.896801,5.7668,12.396805
2015-02-03 06:00:00,21.8768,4.686802,13.679302
2015-02-04 06:00:00,22.8668,9.0968,17.073051
2015-02-05 06:00:00,12.966801,-1.1632004,5.534298
2015-02-06 06:00:00,27.9968,7.1168003,18.254301
2015-02-07 06:00:00,39.6068,22.4168,31.71305
2015-02-08 06:00:00,36.6368,28.0868,32.96555
2015-02-09 06:00:00,27.5468,22.8668,24.5618
2015-02-10 06:00:00,30.0668,21.5168,24.944298
2015-02-11 06:00:00,34.5668,17.556799,28.2368
2015-02-12 06:00:00,16.1168,3.2467995,10.6868
2015-02-13 06:00:00,23.1368,-2.6032028,11.455551
2015-02-14 06:00:00,23.0468,-1.8832016,9.663052
2015-02-15 06:00:00,13.686802,-6.563202,3.914297
2015-02-16 06:00:00,15.936802,0.81679726,7.3230534
2015-02-17 06:00:00,18.2768,1.9867973,11.26055
2015-02-18 06:00:00,7.2067986,-4.6731987,3.1005497
2015-02-19 06:00:00,3.6967983,-11.513203,-4.560707
2015-02-20 06:00:00,19.086802,-13.133202,5.0543003
2015-02-21 06:00:00,30.0668,16.5668,23.40305
2015-02-22 06:00:00,25.5668,-0.44319916,14.073048
2015-02-23 06:00:00,11.2568,-9.983204,0.6930542
2015-02-24 06:00:00,28.6268,3.6967983,16.3943
2015-02-25 06:00:00,23.1368,8.646801,17.211802
2015-02-26 06:00:00,17.9168,3.4267998,13.503052
2015-02-27 06:00:00,15.306799,-5.1231995,4.7017975
2015-02-28 06:00:00,19.2668,-9.533203,7.0230503
2015-03-01 06:00:00,26.1968,8.1968,18.790552
2015-03-02 06:00:00,28.5368,10.5368,20.3243
2015-03-03 06:00:00,35.0168,22.3268,29.05805
2015-03-04 06:00:00,30.7868,9.3668,18.8093
2015-03-05 06:00:00,15.576801,0.63679886,8.028051
2015-03-06 06:00:00,28.9868,-3.0531998,14.8643
2015-03-07 06:00:00,42.9368,25.2068,33.4568
2015-03-08 06:00:00,39.3368,25.0268,33.1043
2015-03-09 06:00:00,45.9968,22.146801,35.2943
2015-03-10 06:00:00,54.9068,35.1968,42.858047
2015-03-11 06:00:00,49.776802,29.7968,40.2518
2015-03-12 06:00:00,53.1968,29.6168,40.6793
2015-03-13 06:00:00,62.8268,35.1968,48.014297
2015-03-14 06:00:00,57.6068,38.0768,48.2018
2015-03-15 06:00:00,60.2168,28.9868,47.511803
2015-03-16 06:00:00,70.2068,41.2268,58.18055
2015-03-17 06:00:00,43.5668,28.896801,37.7543
2015-03-18 06:00:00,46.8968,26.8268,37.51055
2015-03-19 06:00:00,44.7368,33.4868,38.7668
2015-03-20 06:00:00,51.1268,33.1268,43.270554
2015-03-21 06:00:00,45.0968,31.3268,39.8168
2015-03-22 06:00:00,35.2868,29.1668,31.5518
2015-03-23 06:00:00,31.4168,27.636799,29.68055
2015-03-24 06:00:00,33.0368,20.2568,28.2293
2015-03-25 06:00:00,48.5168,34.026802,41.5793
2015-03-26 06:00:00,41.7668,31.5068,36.16805
2015-03-27 06:00:00,29.6168,23.6768,26.4893
2015-03-28 06:00:00,34.1168,23.4068,28.004301
2015-03-29 06:00:00,46.3568,26.916801,36.43055
2015-03-30 06:00:00,60.0368,34.026802,46.0493
2015-03-31 06:00:00,52.8368,36.2768,45.43055
2015-04-01 06:00:00,68.2268,37.4468,53.47805
2015-04-02 06:00:00,63.3668,45.3668,56.22305
2015-04-03 06:00:00,48.0668,32.2268,41.0693
2015-04-04 06:00:00,55.0868,29.0768,42.3218
2015-04-05 06:00:00,63.816795,41.136803,50.38055
2015-04-06 06:00:00,57.8768,38.9768,46.829304
2015-04-07 06:00:00,44.4668,38.5268,41.83805
2015-04-08 06:00:00,48.7868,40.4168,43.6343
2015-04-09 06:00:00,70.1168,45.276802,59.3543
2015-04-10 06:00:00,60.0368,40.326797,48.089302
2015-04-11 06:00:00,60.0368,38.3468,49.3343
2015-04-12 06:00:00,66.6968,43.2068,54.76055
2015-04-13 06:00:00,64.4468,50.6768,58.128048
2015-04-14 06:00:00,61.4768,42.3968,51.685555
2015-04-15 06:00:00,59.7668,41.3168,50.136803
2015-04-16 06:00:00,59.4068,43.9268,49.94555
2015-04-17 06:00:00,73.2668,47.0768,61.06055
2015-04-18 06:00:00,56.6168,45.9968,52.1393
2015-04-19 06:00:00,63.9068,46.5368,53.75555
2015-04-20 06:00:00,51.3068,43.386803,47.271805
2015-04-21 06:00:00,51.8468,40.6868,45.374302
2015-04-22 06:00:00,46.2668,35.9168,40.36055
2015-04-23 06:00:00,51.5768,33.8468,41.9993
2015-04-24 06:00:00,56.3468,31.2368,44.301804
2015-04-25 06:00:00,45.3668,38.2568,42.19805
2015-04-26 06:00:00,51.756798,36.6368,42.77555
2015-04-27 06:00:00,52.2068,36.9968,42.370552
2015-04-28 06:00:00,54.9068,35.0168,44.0918
2015-04-29 06:00:00,58.2368,35.0168,45.5018
2015-04-30 06:00:00,47.1668,37.5368,42.55055
2015-05-01 06:00:00,62.8268,38.2568,50.6693
2015-05-02 06:00:00,72.636795,45.276802,60.71555
2015-05-03 06:00:00,77.316795,56.436802,66.44555
2015-05-04 06:00:00,69.3068,51.4868,61.221798
2015-05-05 06:00:00,55.4468,46.7168,49.90805
2015-05-06 06:00:00,71.6468,47.7068,57.8693
2015-05-07 06:00:00,80.8268,58.2368,69.9518
2015-05-08 06:00:00,78.4868,60.5768,69.61055
2015-05-09 06:00:00,62.8268,46.5368,54.49805
2015-05-10 06:00:00,54.276802,46.0868,49.581802
2015-05-11 06:00:00,68.136795,48.7868,60.505554
2015-05-12 06:00:00,55.0868,47.256798,51.67055
2015-05-13 06:00:00,49.5968,40.776802,45.3143
2015-05-14 06:00:00,63.006798,41.136803,53.47805
2015-05-15 06:00:00,72.9068,55.1768,64.9718
2015-05-16 06:00:00,76.8668,62.3768,68.91305
2015-05-17 06:00:00,79.386795,63.096798,70.4468
2015-05-18 06:00:00,76.7768,52.5668,67.09431
2015-05-19 06:00:00,54.0968,42.3968,48.539303
2015-05-20 06:00:00,47.256798,39.5168,43.604298
2015-05-21 06:00:00,65.9768,42.0368,54.899303
2015-05-22 06:00:00,63.006798,46.1768,54.28055
2015-05-23 06:00:00,74.9768,49.9568,62.44805
2015-05-24 06:00:00,73.0868,59.2268,66.82054
2015-05-25 06:00:00,76.8668,68.4068,71.7293
2015-05-26 06:00:00,74.2568,64.0868,68.3993
2015-05-27 06:00:00,72.9068,59.8568,67.47305
2015-05-28 06:00:00,77.9468,57.3368,68.444305
2015-05-29 06:00:00,80.4668,66.6068,73.2593
2015-05-30 06:00:00,70.1168,44.9168,56.37305
2015-05-31 06:00:00,53.9168,45.4568,49.2818
2015-06-01 06:00:00,56.436802,46.7168,50.815548
2015-06-02 06:00:00,65.5268,43.2968,55.6193
2015-06-03 06:00:00,72.2768,52.5668,63.111797
2015-06-04 06:00:00,76.7768,59.5868,68.84556
2015-06-05 06:00:00,65.6168,51.756798,57.828053
2015-06-06 06:00:00,66.8768,50.2268,58.3043
2015-06-07 06:00:00,75.1568,56.9768,68.18555
2015-06-08 06:00:00,81.1868,65.3468,71.28305
2015-06-09 06:00:00,81.4568,60.9368,72.4418
2015-06-10 06:00:00,86.8568,67.2368,75.89555
2015-06-11 06:00:00,71.2868,60.6668,64.6418
2015-06-12 06:00:00,69.666794,55.1768,60.569298
2015-06-13 06:00:00,82.7168,55.2668,68.8043
2015-06-14 06:00:00,81.9068,69.8468,74.48555
2015-06-15 06:00:00,78.8468,62.3768,72.1718
2015-06-16 06:00:00,69.0368,54.636803,61.96805
2015-06-17 06:00:00,68.8568,54.3668,62.07305
2015-06-18 06:00:00,80.1968,55.8068,69.8843
2015-06-19 06:00:00,65.2568,52.7468,58.686802
2015-06-20 06:00:00,80.8268,54.5468,68.5493
2015-06-21 06:00:00,83.346794,68.4068,75.15305
2015-06-22 06:00:00,86.4068,67.5968,75.82054
2015-06-23 06:00:00,77.136795,64.5368,70.7993
2015-06-24 06:00:00,77.0468,62.016796,70.225555
2015-06-25 06:00:00,72.636795,59.136803,67.1543
2015-06-26 06:00:00,67.5068,58.2368,62.29805
2015-06-27 06:00:00,71.3768,56.7068,63.344303
2015-06-28 06:00:00,75.9668,54.9968,66.573044
2015-06-29 06:00:00,72.5468,61.6568,66.85805
2015-06-30 06:00:00,74.2568,56.256798,65.7743
2015-07-01 06:00:00,66.8768,54.9968,58.63805
2015-07-02 06:00:00,66.7868,53.7368,60.276802
2015-07-03 06:00:00,73.0868,56.436802,64.7693
2015-07-04 06:00:00,79.2068,55.8968,69.25055
2015-07-05 06:00:00,81.0068,60.0368,72.5318
2015-07-06 06:00:00,83.9768,65.9768,75.22429
2015-07-07 06:00:00,73.3568,56.3468,62.433052
2015-07-08 06:00:00,66.246796,55.0868,60.94055
2015-07-09 06:00:00,71.6468,61.026802,65.02055
2015-07-10 06:00:00,76.5068,58.2368,67.74305
2015-07-11 06:00:00,76.416794,58.9568,68.718056
2015-07-12 06:00:00,80.0168,65.7068,72.61805
2015-07-13 06:00:00,85.1468,67.6868,74.943054
2015-07-14 06:00:00,76.9568,59.7668,70.77305
2015-07-15 06:00:00,71.4668,59.4068,64.1993
2015-07-16 06:00:00,76.3268,59.3168,69.12305
2015-07-17 06:00:00,88.4768,71.2868,79.4093
2015-07-18 06:00:00,89.19679,74.886795,79.28555
2015-07-19 06:00:00,84.8768,66.246796,77.4443
2015-07-20 06:00:00,84.1568,65.0768,73.9193
2015-07-21 06:00:00,78.2168,65.5268,71.3093
2015-07-22 06:00:00,79.0268,60.9368,70.889305
2015-07-23 06:00:00,81.4568,60.5768,72.35931
2015-07-24 06:00:00,82.5368,63.276802,74.73305
2015-07-25 06:00:00,86.316795,70.0268,76.2593
2015-07-26 06:00:00,79.4768,64.8068,72.468056
2015-07-27 06:00:00,84.3368,69.0368,75.56179
2015-07-28 06:00:00,85.9568,69.0368,78.17555
2015-07-29 06:00:00,84.8768,71.916794,77.30556
2015-07-30 06:00:00,84.8768,66.7868,75.9968
2015-07-31 06:00:00,83.886795,67.6868,75.6068
2015-08-01 06:00:00,82.8968,64.2668,74.67305
2015-08-02 06:00:00,86.2268,69.0368,76.8593
2015-08-03 06:00:00,79.8368,66.3368,73.08305
2015-08-04 06:00:00,80.4668,62.466797,72.0593
2015-08-05 06:00:00,79.1168,60.396797,70.949295
2015-08-06 06:00:00,78.4868,65.7968,71.8268
2015-08-07 06:00:00,80.6468,61.9268,72.7493
2015-08-08 06:00:00,80.6468,66.246796,73.4993
2015-08-09 06:00:00,76.8668,65.166794,70.78805
2015-08-10 06:00:00,81.2768,67.1468,73.660545
2015-08-11 06:00:00,76.5068,65.3468,70.5443
2015-08-12 06:00:00,75.5168,62.466797,69.1793
2015-08-13 06:00:00,82.9868,63.9068,74.2418
2015-08-14 06:00:00,87.2168,69.4868,77.55679
2015-08-15 06:00:00,87.3068,71.3768,78.209305
2015-08-16 06:00:00,87.9368,69.9368,79.3043
2015-08-17 06:00:00,85.8668,70.8368,76.30055
2015-08-18 06:00:00,80.7368,67.9568,73.4018
2015-08-19 06:00:00,74.4368,64.6268,70.5293
2015-08-20 06:00:00,71.916794,60.756798,65.71055
2015-08-21 06:00:00,79.4768,57.7868,69.67055
2015-08-22 06:00:00,79.2068,63.096798,71.4143
2015-08-23 06:00:00,75.246796,64.0868,69.75305
2015-08-24 06:00:00,71.7368,58.146797,64.69805
2015-08-25 06:00:00,69.9368,58.686802,64.56305
2015-08-26 06:00:00,66.4268,60.1268,63.640553
2015-08-27 06:00:00,72.7268,55.5368,64.91555
2015-08-28 06:00:00,75.1568,60.3068,68.5868
2015-08-29 06:00:00,72.0968,63.5468,67.4693
2015-08-30 06:00:00,76.416794,63.5468,69.03305
2015-08-31 06:00:00,83.166794,61.2068,72.46805
2015-09-01 06:00:00,86.7668,69.666794,78.04805
2015-09-02 06:00:00,87.4868,71.2868,78.8843
2015-09-03 06:00:00,87.5768,70.2068,78.1118
2015-09-04 06:00:00,80.916794,67.3268,71.98805
2015-09-05 06:00:00,80.4668,67.8668,73.65305
2015-09-06 06:00:00,88.746796,71.4668,79.653046
2015-09-07 06:00:00,85.2368,74.2568,79.199295
2015-09-08 06:00:00,77.496796,64.6268,73.1093
2015-09-09 06:00:00,73.3568,60.2168,67.32305
2015-09-10 06:00:00,74.7968,56.256798,65.2043
2015-09-11 06:00:00,63.4568,55.6268,60.51305
2015-09-12 06:00:00,61.566795,52.2068,56.729305
2015-09-13 06:00:00,68.9468,50.3168,59.508053
2015-09-14 06:00:00,78.4868,55.2668,66.5543
2015-09-15 06:00:00,79.746796,64.4468,71.01305
2015-09-16 06:00:00,80.1968,61.7468,70.81805
2015-09-17 06:00:00,82.3568,64.4468,72.7418
2015-09-18 06:00:00,77.0468,68.5868,71.988045
2015-09-19 06:00:00,69.666794,60.1268,64.53305
2015-09-20 06:00:00,68.8568,53.5568,61.3268
2015-09-21 06:00:00,70.2968,52.4768,61.615547
2015-09-22 06:00:00,76.5068,54.8168,65.358055
2015-09-23 06:00:00,75.6968,57.9668,66.1493
2015-09-24 06:00:00,72.636795,58.9568,65.28305
2015-09-25 06:00:00,71.2868,60.4868,65.136795
2015-09-26 06:00:00,72.2768,59.4968,66.22804
2015-09-27 06:00:00,72.9068,61.6568,67.199295
2015-09-28 06:00:00,76.6868,63.276802,70.11679
2015-09-29 06:00:00,67.2368,54.3668,60.52055
2015-09-30 06:00:00,58.596798,52.386803,54.738045
2015-10-01 06:00:00,55.8968,49.1468,52.585552
2015-10-02 06:00:00,56.7968,48.7868,52.544296
2015-10-03 06:00:00,51.8468,48.1568,50.1293
2015-10-04 06:00:00,55.3568,50.136803,53.223053
2015-10-05 06:00:00,61.2968,54.4568,57.77555
2015-10-06 06:00:00,66.4268,56.7968,60.333046
2015-10-07 06:00:00,68.136795,55.8968,60.9293
2015-10-08 06:00:00,76.3268,54.006798,64.6193
2015-10-09 06:00:00,62.466797,52.8368,56.988045
2015-10-10 06:00:00,63.9968,44.3768,55.405552
2015-10-11 06:00:00,75.6968,53.9168,63.85055
2015-10-12 06:00:00,72.2768,55.7168,64.9343
2015-10-13 06:00:00,61.2068,52.026802,55.42055
2015-10-14 06:00:00,62.1968,46.8968,53.66555
2015-10-15 06:00:00,66.6068,49.5968,55.769302
2015-10-16 06:00:00,52.7468,43.386803,47.901802
2015-10-17 06:00:00,51.5768,38.2568,44.15555
2015-10-18 06:00:00,57.1568,38.2568,47.42555
2015-10-19 06:00:00,70.0268,47.256798,58.33055
2015-10-20 06:00:00,73.7168,57.3368,63.880554
2015-10-21 06:00:00,72.816795,56.436802,64.28931
2015-10-22 06:00:00,61.026802,52.2068,55.956802
2015-10-23 06:00:00,62.736797,51.3068,56.4143
2015-10-24 06:00:00,64.8968,52.5668,60.003044
2015-10-25 06:00:00,58.9568,45.3668,51.7568
2015-10-26 06:00:00,58.8668,44.9168,51.85055
2015-10-27 06:00:00,56.9768,50.3168,52.32305
2015-10-28 06:00:00,55.4468,40.776802,50.6768
2015-10-29 06:00:00,47.526802,37.8068,43.6118
2015-10-30 06:00:00,54.9068,42.2168,48.0293
2015-10-31 06:00:00,52.2968,45.3668,48.27305
2015-11-01 06:00:00,62.646797,46.0868,53.2943
2015-11-02 06:00:00,69.9368,50.5868,58.641796
2015-11-03 06:00:00,68.6768,49.0568,58.641804
2015-11-04 06:00:00,70.4768,54.006798,61.656803
2015-11-05 06:00:00,69.3068,60.0368,64.74305
2015-11-06 06:00:00,64.1768,46.5368,51.94805
2015-11-07 06:00:00,51.4868,39.6068,44.85305
2015-11-08 06:00:00,51.2168,32.1368,41.77055
2015-11-09 06:00:00,53.1068,33.3968,43.053047
2015-11-10 06:00:00,54.5468,34.8368,44.9243
2015-11-11 06:00:00,62.5568,41.3168,52.92305
2015-11-12 06:00:00,56.436802,44.4668,47.804302
2015-11-13 06:00:00,45.9068,36.5468,41.5868
2015-11-14 06:00:00,55.2668,30.2468,43.769302
2015-11-15 06:00:00,61.8368,45.636803,52.859303
2015-11-16 06:00:00,57.3368,48.1568,51.6893
2015-11-17 06:00:00,58.9568,48.8768,53.223053
2015-11-18 06:00:00,61.1168,50.9468,56.9243
2015-11-19 06:00:00,50.3168,37.9868,42.8843
2015-11-20 06:00:00,41.3168,33.3068,37.18805
2015-11-21 06:00:00,34.3868,20.4368,30.5318
2015-11-22 06:00:00,24.0368,9.906799,17.988052
2015-11-23 06:00:00,36.1868,24.1268,29.028051
2015-11-24 06:00:00,38.6168,25.1168,32.8568
2015-11-25 06:00:00,49.0568,36.1868,43.51055
2015-11-26 06:00:00,59.8568,48.6968,54.648052
2015-11-27 06:00:00,56.7068,35.3768,40.683052
2015-11-28 06:00:00,38.0768,31.7768,35.7593
2015-11-29 06:00:00,40.6868,31.3268,36.03305
2015-11-30 06:00:00,43.7468,36.3668,39.925552
2015-12-01 06:00:00,42.756798,36.8168,40.21805
2015-12-02 06:00:00,36.9068,31.5068,34.2218
2015-12-03 06:00:00,38.7968,29.1668,33.33305
2015-12-04 06:00:00,45.7268,30.4268,36.2093
2015-12-05 06:00:00,42.2168,29.7068,34.8143
2015-12-06 06:00:00,45.9068,30.8768,36.8468
2015-12-07 06:00:00,38.5268,30.4268,35.28305
2015-12-08 06:00:00,46.8968,35.8268,41.6618
2015-12-09 06:00:00,52.1168,41.4968,45.8918
2015-12-10 06:00:00,57.9668,41.4968,49.0043
2015-12-11 06:00:00,50.7668,42.3968,46.776802
2015-12-12 06:00:00,58.506798,49.5968,52.7693
2015-12-13 06:00:00,61.6568,53.5568,58.544296
2015-12-14 06:00:00,60.2168,43.7468,51.651802
2015-12-15 06:00:00,43.7468,39.2468,41.223053
2015-12-16 06:00:00,53.8268,37.4468,42.9143
2015-12-17 06:00:00,36.1868,28.1768,31.6043
2015-12-18 06:00:00,30.4268,25.2968,27.678051
2015-12-19 06:00:00,29.6168,19.7168,24.9518
2015-12-20 06:00:00,47.9768,27.0968,39.655552
2015-12-21 06:00:00,49.776802,41.6768,45.76055
2015-12-22 06:00:00,41.4968,36.6368,39.2168
2015-12-23 06:00:00,59.2268,42.0368,51.936802
2015-12-24 06:00:00,41.7668,35.0168,39.25805
2015-12-25 06:00:00,41.8568,32.8568,37.0268
2015-12-26 06:00:00,41.0468,36.9068,39.2318
2015-12-27 06:00:00,38.5268,34.4768,36.663048
2015-12-28 06:00:00,41.0468,30.2468,33.1418
2015-12-29 06:00:00,41.2268,29.7068,33.44555
2015-12-30 06:00:00,30.4268,27.8168,28.9268
2015-12-31 06:00:00,27.5468,21.0668,24.98555
2016-01-01 06:00:00,29.7068,17.826801,23.95805
2016-01-02 06:00:00,33.5768,21.6068,26.74055
2016-01-03 06:00:00,30.4268,23.4068,26.826801
2016-01-04 06:00:00,30.7868,23.3168,26.7818
2016-01-05 06:00:00,34.026802,20.976799,26.886799
2016-01-06 06:00:00,37.7168,25.1168,30.40805
2016-01-07 06:00:00,38.9768,31.3268,35.4593
2016-01-08 06:00:00,42.2168,36.5468,39.5693
2016-01-09 06:00:00,41.9468,26.1968,35.27555
2016-01-10 06:00:00,24.5768,0.81679726,12.04805
2016-01-11 06:00:00,24.9368,-2.3332024,9.775547
2016-01-12 06:00:00,23.0468,-0.26320267,8.658049
2016-01-13 06:00:00,24.7568,-5.6632004,8.740551
2016-01-14 06:00:00,42.4868,25.386799,33.94805
2016-01-15 06:00:00,41.0468,30.0668,36.9743
2016-01-16 06:00:00,29.3468,16.1168,25.5968
2016-01-17 06:00:00,14.406799,-0.44319916,4.806799
2016-01-18 06:00:00,9.0068,-3.9532013,2.106802
2016-01-19 06:00:00,16.5668,0.7268009,9.093052
2016-01-20 06:00:00,23.0468,12.6068,18.044302
2016-01-21 06:00:00,28.2668,13.686802,20.44805
2016-01-22 06:00:00,30.3368,21.5168,26.42555
2016-01-23 06:00:00,32.7668,24.0368,27.6143
2016-01-24 06:00:00,36.0068,22.6868,28.20305
2016-01-25 06:00:00,41.2268,27.0968,34.4168
2016-01-26 06:00:00,39.9668,25.2968,30.1343
2016-01-27 06:00:00,34.4768,24.306799,29.080551
2016-01-28 06:00:00,40.506798,28.9868,34.51805
2016-01-29 06:00:00,34.026802,21.9668,28.78805
2016-01-30 06:00:00,47.0768,34.026802,39.49805
2016-01-31 06:00:00,48.9668,33.3068,40.51805
2016-02-01 06:00:00,44.0168,27.0968,33.4718
2016-02-02 06:00:00,39.0668,27.726799,34.54055
2016-02-03 06:00:00,39.0668,28.3568,34.4093
2016-02-04 06:00:00,32.4968,22.7768,26.9468
2016-02-05 06:00:00,33.4868,25.1168,28.84055
2016-02-06 06:00:00,41.0468,24.6668,31.40555
2016-02-07 06:00:00,43.7468,31.3268,37.3193
2016-02-08 06:00:00,31.7768,23.5868,29.0018
2016-02-09 06:00:00,22.7768,15.6668,19.37555
2016-02-10 06:00:00,18.9068,7.7467995,13.17305
2016-02-11 06:00:00,22.056799,9.2768,15.738049
2016-02-12 06:00:00,23.226799,6.8468,16.656801
2016-02-13 06:00:00,16.9268,0.81679726,8.751804
2016-02-14 06:00:00,20.2568,11.2568,16.84805
2016-02-15 06:00:00,30.8768,17.3768,23.86805
2016-02-16 06:00:00,34.3868,21.0668,27.3743
2016-02-17 06:00:00,32.7668,22.6868,27.21305
2016-02-18 06:00:00,41.2268,22.956799,32.89805
2016-02-19 06:00:00,62.5568,40.326797,50.0843
2016-02-20 06:00:00,56.7068,36.8168,46.69805
2016-02-21 06:00:00,39.5168,31.0568,34.99055
2016-02-22 06:00:00,41.9468,28.5368,34.17305
2016-02-23 06:00:00,41.7668,26.916801,33.82055
2016-02-24 06:00:00,33.7568,32.3168,33.04805
2016-02-25 06:00:00,37.3568,29.7068,32.5793
2016-02-26 06:00:00,35.2868,27.1868,31.33055
2016-02-27 06:00:00,53.0168,28.9868,40.55555
2016-02-28 06:00:00,61.7468,35.4668,49.79555
2016-02-29 06:00:00,51.756798,28.3568,37.06055
2016-03-01 06:00:00,29.3468,22.146801,26.5043
2016-03-02 06:00:00,32.4068,17.1968,25.10555
2016-03-03 06:00:00,31.9568,27.0068,29.1518
2016-03-04 06:00:00,36.6368,21.5168,30.1043
2016-03-05 06:00:00,39.8768,28.7168,33.83555
2016-03-06 06:00:00,50.4968,20.3468,38.01305
2016-03-07 06:00:00,58.3268,45.4568,52.668053
2016-03-08 06:00:00,68.496796,55.8968,61.158054
2016-03-09 06:00:00,62.8268,49.9568,57.99305
2016-03-10 06:00:00,49.3268,36.2768,43.31555
2016-03-11 06:00:00,51.0368,35.0168,41.0993
2016-03-12 06:00:00,57.3368,33.7568,44.901802
2016-03-13 06:00:00,45.8168,41.7668,43.8668
2016-03-14 06:00:00,52.2068,41.136803,45.0068
2016-03-15 06:00:00,56.886803,38.0768,48.08555
2016-03-16 06:00:00,56.256798,45.636803,51.06305
2016-03-17 06:00:00,53.8268,41.5868,47.121803
2016-03-18 06:00:00,45.276802,33.5768,38.42555
2016-03-19 06:00:00,43.026802,32.8568,36.29555
2016-03-20 06:00:00,41.6768,32.0468,35.93555
2016-03-21 06:00:00,47.3468,30.2468,39.26555
2016-03-22 06:00:00,62.286797,41.2268,50.2718
2016-03-23 06:00:00,44.3768,36.5468,39.2018
2016-03-24 06:00:00,40.506798,30.6968,35.73305
2016-03-25 06:00:00,44.0168,28.2668,34.9718
2016-03-26 06:00:00,51.1268,32.1368,41.5568
2016-03-27 06:00:00,58.9568,39.8768,46.26305
2016-03-28 06:00:00,49.686802,33.9368,42.9368
2016-03-29 06:00:00,55.6268,31.0568,43.3343
2016-03-30 06:00:00,60.2168,41.4968,51.79055
2016-03-31 06:00:00,61.026802,44.1968,55.998055
2016-04-01 06:00:00,50.0468,37.9868,42.2843
2016-04-02 06:00:00,40.6868,30.1568,35.03555
2016-04-03 06:00:00,65.4368,26.646801,46.2518
2016-04-04 06:00:00,37.4468,28.6268,32.95055
2016-04-05 06:00:00,44.7368,24.6668,35.3843
2016-04-06 06:00:00,51.1268,40.0568,45.64055
2016-04-07 06:00:00,42.3068,31.6868,38.6243
2016-04-08 06:00:00,43.7468,27.9968,35.95055
2016-04-09 06:00:00,35.4668,24.5768,29.9993
2016-04-10 06:00:00,50.9468,30.3368,42.4043
2016-04-11 06:00:00,49.3268,37.3568,45.50555
2016-04-12 06:00:00,44.6468,31.4168,37.48055
2016-04-13 06:00:00,52.2968,32.2268,42.4793
2016-04-14 06:00:00,56.436802,37.3568,46.93055
2016-04-15 06:00:00,62.286797,40.2368,50.3843
2016-04-16 06:00:00,68.4068,45.3668,55.833054
2016-04-17 06:00:00,72.5468,50.3168,60.453053
2016-04-18 06:00:00,77.9468,49.8668,62.6993
2016-04-19 06:00:00,53.1968,45.276802,49.5518
2016-04-20 06:00:00,67.416794,48.5168,57.58805
2016-04-21 06:00:00,67.6868,52.5668,59.571804
2016-04-22 06:00:00,50.5868,41.136803,45.42305
2016-04-23 06:00:00,56.9768,39.1568,47.223053
2016-04-24 06:00:00,72.2768,42.2168,58.13555
2016-04-25 06:00:00,77.6768,59.0468,66.08555
2016-04-26 06:00:00,60.9368,42.3968,47.211803
2016-04-27 06:00:00,49.9568,40.506798,44.373047
2016-04-28 06:00:00,46.6268,42.576797,43.63805
2016-04-29 06:00:00,48.6968,40.506798,44.058052
2016-04-30 06:00:00,46.1768,41.2268,44.92055
2016-05-01 06:00:00,50.7668,43.386803,45.9218
2016-05-02 06:00:00,54.9968,41.4968,47.44055
2016-05-03 06:00:00,65.166794,39.1568,53.63555
2016-05-04 06:00:00,52.2968,41.8568,46.4168
2016-05-05 06:00:00,56.9768,39.4268,46.833054
2016-05-06 06:00:00,76.3268,39.8768,60.22055
2016-05-07 06:00:00,66.5168,43.2968,56.43305
2016-05-08 06:00:00,67.0568,42.1268,55.83305
2016-05-09 06:00:00,56.7968,49.506798,52.18805
2016-05-10 06:00:00,60.9368,50.2268,54.6668
2016-05-11 06:00:00,67.8668,51.6668,58.709297
2016-05-12 06:00:00,69.5768,57.5168,63.79805
2016-05-13 06:00:00,64.8968,46.5368,55.6118
2016-05-14 06:00:00,47.1668,40.9568,44.34305
2016-05-15 06:00:00,53.8268,39.7868,46.308052
2016-05-16 06:00:00,66.7868,44.2868,56.34305
2016-05-17 06:00:00,53.5568,44.1068,50.050552
2016-05-18 06:00:00,60.846798,42.4868,50.950554
2016-05-19 06:00:00,65.166794,43.9268,54.861797
2016-05-20 06:00:00,64.9868,45.9068,54.94805
2016-05-21 06:00:00,69.9368,50.136803,58.80305
2016-05-22 06:00:00,72.0968,48.6968,60.0293
2016-05-23 06:00:00,76.9568,48.0668,64.33055
2016-05-24 06:00:00,82.1768,59.136803,71.350555
2016-05-25 06:00:00,80.6468,64.9868,72.79806
2016-05-26 06:00:00,81.816795,65.9768,73.83305
2016-05-27 06:00:00,77.316795,67.1468,71.3918
2016-05-28 06:00:00,79.2968,67.3268,72.846794
2016-05-29 06:00:00,77.8568,64.3568,71.279305
2016-05-30 06:00:00,81.9068,64.0868,71.5718
2016-05-31 06:00:00,79.386795,61.2968,69.2618
2016-06-01 06:00:00,76.5068,62.736797,69.5693
2016-06-02 06:00:00,76.2368,59.3168,68.63555
2016-06-03 06:00:00,78.666794,54.9068,68.2418
2016-06-04 06:00:00,72.0068,62.8268,67.36055
2016-06-05 06:00:00,76.9568,61.6568,68.70305
2016-06-06 06:00:00,78.3068,61.7468,69.53555
2016-06-07 06:00:00,64.1768,57.0668,60.558052
2016-06-08 06:00:00,65.9768,53.6468,59.568047
2016-06-09 06:00:00,73.6268,54.0968,63.4268
2016-06-10 06:00:00,89.5568,61.7468,77.2193
2016-06-11 06:00:00,88.566795,72.816795,80.57929
2016-06-12 06:00:00,70.9268,56.6168,62.8418
2016-06-13 06:00:00,83.166794,55.2668,68.68056
2016-06-14 06:00:00,83.0768,63.1868,72.06305
2016-06-15 06:00:00,87.2168,70.4768,79.42055
2016-06-16 06:00:00,75.6968,61.566795,68.30555
2016-06-17 06:00:00,79.6568,60.4868,69.153046
2016-06-18 06:00:00,82.9868,60.0368,72.4418
2016-06-19 06:00:00,86.6768,65.5268,77.635544
2016-06-20 06:00:00,89.1068,72.4568,81.3443
2016-06-21 06:00:00,81.3668,65.0768,73.49555
2016-06-22 06:00:00,78.3068,64.6268,69.4568
2016-06-23 06:00:00,76.7768,62.646797,68.9168
2016-06-24 06:00:00,78.1268,62.3768,70.4018
2016-06-25 06:00:00,87.666794,66.8768,77.82305
2016-06-26 06:00:00,86.0468,74.886795,80.605545
2016-06-27 06:00:00,87.3068,67.416794,76.326805
2016-06-28 06:00:00,67.8668,57.4268,64.00055
2016-06-29 06:00:00,75.6068,54.4568,66.0893
2016-06-30 06:00:00,78.3068,57.2468,69.6968
2016-07-01 06:00:00,68.7668,56.7968,64.0418
2016-07-02 06:00:00,73.6268,56.1668,65.91305
2016-07-03 06:00:00,74.9768,59.0468,68.005554
2016-07-04 06:00:00,77.7668,64.8068,71.1668
2016-07-05 06:00:00,84.7868,68.7668,76.33054
2016-07-06 06:00:00,87.2168,70.566795,77.9618
2016-07-07 06:00:00,84.69679,69.3968,75.880554
2016-07-08 06:00:00,84.8768,68.2268,76.60055
2016-07-09 06:00:00,75.1568,64.4468,69.8918
2016-07-10 06:00:00,81.2768,62.286797,73.2443
2016-07-11 06:00:00,87.9368,70.0268,79.57805
2016-07-12 06:00:00,87.4868,73.5368,79.90054
2016-07-13 06:00:00,84.6068,70.386795,77.7968
2016-07-14 06:00:00,85.9568,69.5768,77.89805
2016-07-15 06:00:00,72.9068,62.916798,68.36555
2016-07-16 06:00:00,75.6968,60.4868,68.7368
2016-07-17 06:00:00,83.5268,65.7968,74.1443
2016-07-18 06:00:00,85.6868,70.386795,77.69556
2016-07-19 06:00:00,86.5868,65.6168,76.66055
2016-07-20 06:00:00,88.4768,72.0968,80.811806
2016-07-21 06:00:00,92.256805,75.1568,82.7918
2016-07-22 06:00:00,89.0168,74.6168,82.0568
2016-07-23 06:00:00,87.7568,75.6068,81.04055
2016-07-24 06:00:00,90.7268,73.8068,80.286804
2016-07-25 06:00:00,85.416794,73.1768,78.65555
2016-07-26 06:00:00,84.7868,71.5568,77.4893
2016-07-27 06:00:00,86.2268,68.0468,78.3668
2016-07-28 06:00:00,82.3568,68.6768,74.68805
2016-07-29 06:00:00,74.6168,67.1468,70.1768
2016-07-30 06:00:00,74.166794,66.1568,69.07806
2016-07-31 06:00:00,78.2168,65.0768,71.23429
2016-08-01 06:00:00,79.9268,65.0768,72.70805
2016-08-02 06:00:00,84.246796,67.3268,75.40805
2016-08-03 06:00:00,86.6768,68.7668,78.34805
2016-08-04 06:00:00,88.9268,70.2068,80.44806
2016-08-05 06:00:00,82.8968,73.2668,77.80055
2016-08-06 06:00:00,78.3968,68.7668,73.72054
2016-08-07 06:00:00,80.1068,65.7068,72.79055
2016-08-08 06:00:00,81.1868,69.3068,74.62055
2016-08-09 06:00:00,85.7768,69.7568,77.7218
2016-08-10 06:00:00,86.4068,69.8468,78.741806
2016-08-11 06:00:00,91.716805,73.5368,81.39306
2016-08-12 06:00:00,83.7968,73.8968,77.48555
2016-08-13 06:00:00,80.1068,70.4768,75.599304
2016-08-14 06:00:00,81.996796,68.316795,75.246796
2016-08-15 06:00:00,76.3268,67.9568,71.90555
2016-08-16 06:00:00,82.1768,70.9268,75.66681
2016-08-17 06:00:00,84.8768,69.9368,76.75056
2016-08-18 06:00:00,83.7068,69.666794,76.191795
2016-08-19 06:00:00,84.246796,71.4668,77.1293
2016-08-20 06:00:00,77.8568,66.6968,72.1718
2016-08-21 06:00:00,72.0968,61.3868,66.54305
2016-08-22 06:00:00,76.6868,56.436802,67.83305
2016-08-23 06:00:00,79.8368,63.006798,72.01055
2016-08-24 06:00:00,82.8068,71.5568,75.3818
2016-08-25 06:00:00,81.7268,69.3968,75.4568
2016-08-26 06:00:00,77.9468,66.8768,71.93555
2016-08-27 06:00:00,82.5368,68.7668,75.21306
2016-08-28 06:00:00,79.1168,69.5768,73.92305
2016-08-29 06:00:00,83.4368,69.4868,75.42305
2016-08-30 06:00:00,82.2668,70.1168,74.16305
2016-08-31 06:00:00,73.5368,63.816795,69.58805
2016-09-01 06:00:00,69.3968,61.2968,64.9118
2016-09-02 06:00:00,71.1968,61.2068,65.82305
2016-09-03 06:00:00,73.8068,60.396797,67.293045
2016-09-04 06:00:00,78.1268,61.9268,70.4243
2016-09-05 06:00:00,84.7868,67.416794,76.39055
2016-09-06 06:00:00,87.2168,74.2568,80.3918
2016-09-07 06:00:00,87.666794,73.8068,80.8193
2016-09-08 06:00:00,82.1768,72.0968,75.96305
2016-09-09 06:00:00,79.4768,68.2268,73.2968
2016-09-10 06:00:00,71.4668,62.646797,67.9268
2016-09-11 06:00:00,74.2568,55.6268,65.7218
2016-09-12 06:00:00,76.416794,59.4068,68.215546
2016-09-13 06:00:00,81.996796,64.8068,71.58305
2016-09-14 06:00:00,72.1868,64.3568,68.01681
2016-09-15 06:00:00,74.3468,61.8368,67.8518
2016-09-16 06:00:00,80.916794,65.2568,70.6418
2016-09-17 06:00:00,78.9368,66.6068,71.95805
2016-09-18 06:00:00,77.2268,60.756798,69.0443
2016-09-19 06:00:00,82.8968,62.466797,72.558044
2016-09-20 06:00:00,78.5768,65.9768,71.114296
2016-09-21 06:00:00,81.2768,68.136795,72.76055
2016-09-22 06:00:00,80.8268,67.0568,73.76555
2016-09-23 06:00:00,72.1868,66.3368,69.29555
2016-09-24 06:00:00,71.0168,64.3568,67.76555
2016-09-25 06:00:00,82.3568,65.0768,71.45555
2016-09-26 06:00:00,67.416794,58.4168,62.785545
2016-09-27 06:00:00,66.6968,54.9968,60.2693
2016-09-28 06:00:00,60.846798,51.4868,56.71055
2016-09-29 06:00:00,62.3768,59.4068,60.745552
2016-09-30 06:00:00,64.6268,59.4968,60.8018
2016-10-01 06:00:00,62.1068,57.7868,59.879303
2016-10-02 06:00:00,65.886795,54.186802,59.89805
2016-10-03 06:00:00,67.1468,58.2368,62.474297
2016-10-04 06:00:00,72.4568,60.1268,66.00305
2016-10-05 06:00:00,76.5068,60.0368,68.864296
2016-10-06 06:00:00,75.1568,59.9468,67.7543
2016-10-07 06:00:00,70.2068,51.8468,63.160557
2016-10-08 06:00:00,62.5568,47.1668,54.38555
2016-10-09 06:00:00,60.396797,52.1168,55.84055
2016-10-10 06:00:00,68.2268,49.4168,58.8143
2016-10-11 06:00:00,72.0968,57.7868,64.1018
2016-10-12 06:00:00,69.666794,50.2268,60.310547
2016-10-13 06:00:00,54.7268,43.8368,48.81305
2016-10-14 06:00:00,64.0868,43.2068,53.5718
2016-10-15 06:00:00,68.2268,53.3768,62.125546
2016-10-16 06:00:00,71.916794,64.8968,67.69055
2016-10-17 06:00:00,79.9268,69.0368,74.30555
2016-10-18 06:00:00,75.066795,57.8768,69.73056
2016-10-19 06:00:00,68.6768,51.756798,60.179302
2016-10-20 06:00:00,59.136803,49.1468,54.141804
2016-10-21 06:00:00,51.6668,44.7368,47.890553
2016-10-22 06:00:00,58.596798,38.6168,48.843052
2016-10-23 06:00:00,70.2968,45.636803,56.684303
2016-10-24 06:00:00,54.8168,43.2068,50.1068
2016-10-25 06:00:00,52.026802,41.3168,47.7143
2016-10-26 06:00:00,50.7668,45.7268,48.15305
2016-10-27 06:00:00,50.136803,43.1168,47.31305
2016-10-28 06:00:00,64.0868,42.8468,54.10805
2016-10-29 06:00:00,72.1868,55.0868,63.6743
2016-10-30 06:00:00,54.8168,48.6968,51.7568
2016-10-31 06:00:00,60.0368,46.6268,52.7543
2016-11-01 06:00:00,72.9068,61.026802,66.2018
2016-11-02 06:00:00,66.6068,54.9068,60.2543
2016-11-03 06:00:00,62.916798,48.8768,55.35305
2016-11-04 06:00:00,60.1268,45.186802,52.450554
2016-11-05 06:00:00,66.4268,47.886803,55.22555
2016-11-06 06:00:00,66.6968,46.8068,55.37555
2016-11-07 06:00:00,63.9968,47.436802,54.621796
2016-11-08 06:00:00,60.2168,48.4268,54.4493
2016-11-09 06:00:00,55.4468,44.2868,48.6068
2016-11-10 06:00:00,61.026802,43.9268,51.64805
2016-11-11 06:00:00,52.8368,43.6568,47.6168
2016-11-12 06:00:00,50.8568,34.2068,43.1993
2016-11-13 06:00:00,55.0868,38.4368,45.85805
2016-11-14 06:00:00,58.146797,42.3968,48.831802
2016-11-15 06:00:00,56.436802,41.4968,48.2243
2016-11-16 06:00:00,56.886803,43.4768,49.015553
2016-11-17 06:00:00,69.0368,48.6968,58.893055
2016-11-18 06:00:00,66.1568,41.4968,57.2543
2016-11-19 06:00:00,40.776802,31.5968,36.456802
2016-11-20 06:00:00,33.4868,26.916801,29.84555
2016-11-21 06:00:00,37.5368,27.0968,31.65305
2016-11-22 06:00:00,39.3368,30.0668,35.73305
2016-11-23 06:00:00,43.386803,36.6368,40.78805
2016-11-24 06:00:00,42.8468,37.3568,38.8868
2016-11-25 06:00:00,41.4068,35.8268,38.1968
2016-11-26 06:00:00,46.8968,32.2268,38.86805
2016-11-27 06:00:00,46.7168,34.026802,40.881798
2016-11-28 06:00:00,50.7668,41.3168,46.63055
2016-11-29 06:00:00,55.9868,42.9368,49.023052
2016-11-30 06:00:00,44.0168,34.5668,38.72555
2016-12-01 06:00:00,42.3968,35.8268,38.41805
2016-12-02 06:00:00,39.2468,33.9368,36.85805
2016-12-03 06:00:00,35.8268,31.4168,33.5018
2016-12-04 06:00:00,33.3968,28.9868,32.0168
2016-12-05 06:00:00,34.4768,28.2668,31.6193
2016-12-06 06:00:00,36.6368,24.2168,31.47305
2016-12-07 06:00:00,27.1868,21.9668,23.789299
2016-12-08 06:00:00,23.3168,18.0968,21.355553
2016-12-09 06:00:00,25.2068,19.3568,22.26305
2016-12-10 06:00:00,23.5868,16.7468,21.018051
2016-12-11 06:00:00,31.1468,23.5868,28.09055
2016-12-12 06:00:00,29.9768,12.876801,20.598051
2016-12-13 06:00:00,18.9068,-0.44319916,11.455551
2016-12-14 06:00:00,18.6368,-1.3432007,7.8217983
2016-12-15 06:00:00,7.2968006,-4.5832024,0.42679787
2016-12-16 06:00:00,22.236801,2.2567997,15.13055
2016-12-17 06:00:00,22.956799,17.646801,19.968052
2016-12-18 06:00:00,19.986801,-11.333202,3.8243046
2016-12-19 06:00:00,11.706799,-12.503201,0.7380562
2016-12-20 06:00:00,27.9068,12.066799,21.291798
2016-12-21 06:00:00,34.5668,19.2668,27.018051
2016-12-22 06:00:00,35.7368,23.8568,31.3193
2016-12-23 06:00:00,35.2868,24.5768,31.2893
2016-12-24 06:00:00,35.1968,32.6768,33.6368
2016-12-25 06:00:00,42.8468,31.3268,34.18055
2016-12-26 06:00:00,58.506798,27.636799,47.5868
2016-12-27 06:00:00,30.8768,24.2168,26.976799
2016-12-28 06:00:00,43.4768,23.5868,33.7418
2016-12-29 06:00:00,34.6568,30.3368,32.4818
2016-12-30 06:00:00,34.6568,26.0168,29.9393
2016-12-31 06:00:00,39.4268,24.529999,34.2926
2017-01-01 06:00:00,38.75,20.84,29.03
2017-01-02 06:00:00,39.2,28.49,35.16125
2017-01-03 06:00:00,39.2,18.59,35.6
2017-01-04 06:00:00,18.59,9.859999,13.399998
2017-01-05 06:00:00,14.9,6.169998,9.665001
2017-01-06 06:00:00,10.490002,0.6800022,5.1274967
2017-01-07 06:00:00,19.220001,2.4800014,9.439999
2017-01-08 06:00:00,20.12,3.380001,11.675003
2017-01-09 06:00:00,32.72,18.41,25.692501
2017-01-10 06:00:00,50.18,23.0,37.35875
2017-01-11 06:00:00,47.93,21.56,32.52875
2017-01-12 06:00:00,30.11,20.12,24.383749
2017-01-13 06:00:00,27.23,15.709999,21.781252
2017-01-14 06:00:00,35.06,20.57,28.14875
2017-01-15 06:00:00,38.75,17.96,26.4125
2017-01-16 06:00:00,37.04,28.4,33.02
2017-01-17 06:00:00,38.57,33.62,35.89625
2017-01-18 06:00:00,41.27,28.22,34.08875
2017-01-19 06:00:00,43.61,29.3,35.75375
2017-01-20 06:00:00,42.89,36.5,39.0425
2017-01-21 06:00:00,59.18,34.52,46.823746
2017-01-22 06:00:00,47.66,30.29,38.5625
2017-01-23 06:00:00,41.989998,34.16,38.5475
2017-01-24 06:00:00,42.440002,32.54,36.646248
2017-01-25 06:00:00,42.98,33.44,36.72875
2017-01-26 06:00:00,35.78,27.86,32.07875
2017-01-27 06:00:00,28.85,23.81,26.92625
2017-01-28 06:00:00,30.2,24.8,27.447498
2017-01-29 06:00:00,28.4,20.75,25.50875
2017-01-30 06:00:00,34.16,15.709999,24.65
2017-01-31 06:00:00,42.98,33.8,36.9725
2017-02-01 06:00:00,37.760002,21.2,31.55
2017-02-02 06:00:00,25.34,13.549999,18.75875
2017-02-03 06:00:00,28.31,14.540001,20.14625
2017-02-04 06:00:00,32.72,16.25,25.9925
2017-02-05 06:00:00,40.190002,24.26,31.38875
2017-02-06 06:00:00,53.6,23.54,37.6325
2017-02-07 06:00:00,46.04,29.84,40.48625
2017-02-08 06:00:00,29.66,18.32,26.37875
2017-02-09 06:00:00,25.970001,12.200001,18.012499
2017-02-10 06:00:00,47.66,18.59,32.243748
2017-02-11 06:00:00,47.66,33.26,38.88125
2017-02-12 06:00:00,45.05,30.11,37.21625
2017-02-13 06:00:00,44.15,24.98,34.52375
2017-02-14 06:00:00,49.55,30.65,39.6875
2017-02-15 06:00:00,34.7,24.26,29.3375
2017-02-16 06:00:00,42.35,22.73,33.0125
2017-02-17 06:00:00,60.980003,28.13,45.82625
2017-02-18 06:00:00,63.86,42.440002,52.010002
2017-02-19 06:00:00,62.6,34.43,47.62625
2017-02-20 06:00:00,66.47,40.73,54.0575
2017-02-21 06:00:00,66.29,52.88,57.631252
2017-02-22 06:00:00,64.76,49.190002,56.49875
2017-02-23 06:00:00,55.4,36.05,43.94
2017-02-24 06:00:00,40.91,31.82,38.46125
2017-02-25 06:00:00,30.47,21.74,25.47125
2017-02-26 06:00:00,46.67,21.83,34.20875
2017-02-27 06:00:00,50.99,28.85,40.8275
2017-02-28 06:00:00,59.36,43.16,52.28
2017-03-01 06:00:00,54.77,29.57,39.78875
2017-03-02 06:00:00,35.96,23.45,29.3675
2017-03-03 06:00:00,32.27,18.95,25.45625
2017-03-04 06:00:00,42.260002,26.51,33.17
2017-03-05 06:00:00,55.49,30.29,43.853752
2017-03-06 06:00:00,62.15,49.190002,54.60875
2017-03-07 06:00:00,63.86,43.43,50.213753
2017-03-08 06:00:00,50.09,38.3,44.34125
2017-03-09 06:00:00,41.72,28.85,35.55125
2017-03-10 06:00:00,33.89,21.02,26.5175
2017-03-11 06:00:00,30.2,16.16,21.96875
2017-03-12 06:00:00,33.98,17.869999,26.045002
2017-03-13 06:00:00,30.29,24.71,27.635
2017-03-14 06:00:00,24.62,11.390001,20.43875
2017-03-15 06:00:00,29.57,8.33,17.87
2017-03-16 06:00:00,40.91,10.040001,26.6975
2017-03-17 06:00:00,48.74,32.18,38.41625
2017-03-18 06:00:00,45.41,33.89,39.638752
2017-03-19 06:00:00,49.91,26.779999,40.27625
2017-03-20 06:00:00,51.8,39.2,44.146248
2017-03-21 06:00:00,53.059998,30.29,40.197502
2017-03-22 06:00:00,33.98,24.26,29.27375
2017-03-23 06:00:00,46.309998,27.32,37.9025
2017-03-24 06:00:00,75.2,38.39,55.16375
2017-03-25 06:00:00,49.64,37.85,42.57875
2017-03-26 06:00:00,60.71,47.03,53.892498
2017-03-27 06:00:00,50.9,39.2,45.77
2017-03-28 06:00:00,47.57,36.23,41.19875
2017-03-29 06:00:00,46.309998,34.61,41.28125
2017-03-30 06:00:00,43.52,38.03,40.80875
2017-03-31 06:00:00,40.370003,33.08,37.6325
2017-04-01 06:00:00,56.66,30.2,42.942497
2017-04-02 06:00:00,58.1,35.78,47.003754
2017-04-03 06:00:00,51.08,43.52,47.045
2017-04-04 06:00:00,53.690002,38.21,47.03
2017-04-05 06:00:00,43.97,38.93,41.28125
2017-04-06 06:00:00,48.92,35.87,41.55875
2017-04-07 06:00:00,52.61,32.99,41.5625
2017-04-08 06:00:00,65.39,33.44,51.4175
2017-04-09 06:00:00,73.31,55.13,64.55375
2017-04-10 06:00:00,74.66,39.02,60.47375
2017-04-11 06:00:00,57.02,37.58,48.25625
2017-04-12 06:00:00,57.11,33.53,45.695
2017-04-13 06:00:00,58.280003,42.35,48.170002
2017-04-14 06:00:00,63.41,43.52,54.0425
2017-04-15 06:00:00,78.619995,59.54,69.6425
2017-04-16 06:00:00,70.79,52.88,63.8675
2017-04-17 06:00:00,70.16,42.08,53.247498
2017-04-18 06:00:00,72.05,39.56,58.602497
2017-04-19 06:00:00,66.380005,43.43,56.543755
2017-04-20 06:00:00,69.53,45.23,58.76375
2017-04-21 06:00:00,52.16,42.08,47.19125
2017-04-22 06:00:00,55.309998,39.47,47.2925
2017-04-23 06:00:00,67.1,34.52,50.997498
2017-04-24 06:00:00,67.91,36.59,53.69375
2017-04-25 06:00:00,75.29,51.62,64.2425
2017-04-26 06:00:00,72.41,59.45,65.3675
2017-04-27 06:00:00,59.989998,41.45,49.1375
2017-04-28 06:00:00,60.71,40.64,48.78875
2017-04-29 06:00:00,44.15,38.66,42.511253
2017-04-30 06:00:00,46.22,40.010002,43.2575
2017-05-01 06:00:00,56.84,42.8,50.228752
2017-05-02 06:00:00,50.45,39.74,45.00125
2017-05-03 06:00:00,54.41,34.16,46.23125
2017-05-04 06:00:00,51.35,40.46,46.25
2017-05-05 06:00:00,55.85,39.829998,46.793747
2017-05-06 06:00:00,54.05,39.56,46.958748
2017-05-07 06:00:00,56.3,36.14,44.420002
2017-05-08 06:00:00,52.7,34.52,44.105
2017-05-09 06:00:00,55.76,39.74,47.2775
2017-05-10 06:00:00,65.48,44.239998,54.394997
2017-05-11 06:00:00,62.510002,45.86,53.72375
2017-05-12 06:00:00,68.09,43.43,54.76625
2017-05-13 06:00:00,76.1,44.6,60.665
2017-05-14 06:00:00,67.1,47.21,55.182503
2017-05-15 06:00:00,76.28,45.23,63.44375
2017-05-16 06:00:00,82.130005,64.94,74.2325
2017-05-17 06:00:00,82.31,69.08,75.301254
2017-05-18 06:00:00,78.08,46.67,68.19125
2017-05-19 06:00:00,48.47,41.9,44.49125
2017-05-20 06:00:00,67.55,47.84,55.31
2017-05-21 06:00:00,62.06,50.809998,57.99125
2017-05-22 06:00:00,70.880005,47.12,59.06375
2017-05-23 06:00:00,67.19,53.51,58.5275
2017-05-24 06:00:00,60.89,50.45,54.33875
2017-05-25 06:00:00,66.83,50.09,57.721252
2017-05-26 06:00:00,68.630005,50.18,58.9175
2017-05-27 06:00:00,72.23,49.64,61.94
2017-05-28 06:00:00,75.380005,54.5,66.136246
2017-05-29 06:00:00,72.41,54.32,64.24625
2017-05-30 06:00:00,68.27,53.059998,60.905
2017-05-31 06:00:00,67.82,49.82,59.903748
2017-06-01 06:00:00,76.01,50.72,63.076252
2017-06-02 06:00:00,81.59,51.62,67.3625
2017-06-03 06:00:00,84.28999,55.49,72.08
2017-06-04 06:00:00,84.83,61.7,74.28126
2017-06-05 06:00:00,69.71,55.13,62.92625
2017-06-06 06:00:00,70.25,50.99,61.05875
2017-06-07 06:00:00,71.42,52.34,63.128746
2017-06-08 06:00:00,79.07,50.36,66.46625
2017-06-09 06:00:00,83.75,60.8,70.100006
2017-06-10 06:00:00,85.1,60.17,75.380005
2017-06-11 06:00:00,88.520004,70.7,79.838745
2017-06-12 06:00:00,89.51,72.68,81.323746
2017-06-13 06:00:00,84.020004,66.92,75.323746
2017-06-14 06:00:00,86.99,68.18,75.61625
2017-06-15 06:00:00,87.439995,69.619995,77.20625
2017-06-16 06:00:00,82.4,67.73,73.887505
2017-06-17 06:00:00,85.46001,68.9,75.4325
2017-06-18 06:00:00,76.46,63.95,71.33375
2017-06-19 06:00:00,73.04,60.44,66.185005
2017-06-20 06:00:00,77.09,57.559998,65.48375
2017-06-21 06:00:00,74.66,52.79,66.259995
2017-06-22 06:00:00,86.53999,66.92,77.34875
2017-06-23 06:00:00,81.95,64.49,72.2525
2017-06-24 06:00:00,71.69,56.48,65.06375
2017-06-25 06:00:00,67.46,52.61,61.475
2017-06-26 06:00:00,68.99,53.78,61.283752
2017-06-27 06:00:00,74.119995,50.72,63.0275
2017-06-28 06:00:00,84.020004,58.010002,70.86125
2017-06-29 06:00:00,80.69,66.47,73.418755
2017-06-30 06:00:00,79.25,64.130005,70.729996
2017-07-01 06:00:00,78.98,63.05,70.66249
2017-07-02 06:00:00,84.74,59.81,71.652504
2017-07-03 06:00:00,76.64,61.25,69.09875
2017-07-04 06:00:00,79.25,60.62,70.89125
2017-07-05 06:00:00,83.03,66.29,74.832504
2017-07-06 06:00:00,88.43,67.82,78.417496
2017-07-07 06:00:00,83.75,62.780003,73.20875
2017-07-08 06:00:00,73.58,59.81,66.78125
2017-07-09 06:00:00,82.31,60.62,72.60125
2017-07-10 06:00:00,84.28999,66.65,72.83375
2017-07-11 06:00:00,85.189995,69.619995,76.302505
2017-07-12 06:00:00,88.78999,70.880005,76.84625
2017-07-13 06:00:00,83.3,69.08,76.67375
2017-07-14 06:00:00,73.31,65.03,68.0525
2017-07-15 06:00:00,80.33,60.08,71.15375
2017-07-16 06:00:00,71.15,59.81,67.051254
2017-07-17 06:00:00,74.21,56.39,66.065
2017-07-18 06:00:00,87.71001,57.02,74.45375
2017-07-19 06:00:00,81.86,69.619995,76.03251
2017-07-20 06:00:00,91.67,68.45,78.35
2017-07-21 06:00:00,88.7,72.32,79.3025
2017-07-22 06:00:00,87.8,70.880005,77.637505
2017-07-23 06:00:00,83.21001,67.55,74.6075
2017-07-24 06:00:00,70.34,60.17,66.634995
2017-07-25 06:00:00,80.51,59.269997,70.53125
2017-07-26 06:00:00,85.55,65.48,75.485
2017-07-27 06:00:00,77.99,66.29,73.10375
2017-07-28 06:00:00,75.11,64.4,70.07
2017-07-29 06:00:00,75.2,59.9,68.05625
2017-07-30 06:00:00,79.79,58.91,70.50876
2017-07-31 06:00:00,83.84,61.16,73.3625
2017-08-01 06:00:00,82.31,63.769997,73.621254
2017-08-02 06:00:00,84.47,63.5,72.73625
2017-08-03 06:00:00,85.01,64.4,71.91875
2017-08-04 06:00:00,67.46,56.03,60.147503
2017-08-05 06:00:00,77.09,57.38,67.90624
2017-08-06 06:00:00,75.74,60.530003,67.87625
2017-08-07 06:00:00,70.7,57.559998,64.92125
2017-08-08 06:00:00,80.96,57.11,69.2975
2017-08-09 06:00:00,80.15,59.36,70.3775
2017-08-10 06:00:00,82.130005,61.07,71.375
2017-08-11 06:00:00,77.54,61.61,69.71
2017-08-12 06:00:00,72.05,57.739998,65.3225
2017-08-13 06:00:00,77.81,54.14,66.8975
2017-08-14 06:00:00,82.130005,60.980003,72.083755
2017-08-15 06:00:00,80.24,64.49,71.15
2017-08-16 06:00:00,85.91,63.769997,74.097496
2017-08-17 06:00:00,80.78,69.98,74.68625
2017-08-18 06:00:00,80.24,65.3,72.222496
2017-08-19 06:00:00,81.77,60.71,70.75625
2017-08-20 06:00:00,87.26,61.7,74.71251
2017-08-21 06:00:00,85.91,67.82,76.32875
2017-08-22 06:00:00,78.35,63.230003,72.05374
2017-08-23 06:00:00,75.29,58.91,66.5525
2017-08-24 06:00:00,70.97,56.48,62.877502
2017-08-25 06:00:00,70.880005,51.08,62.089996
2017-08-26 06:00:00,77.0,56.3,66.60125
2017-08-27 06:00:00,77.72,61.61,68.63375
2017-08-28 06:00:00,76.46,60.89,66.770004
2017-08-29 06:00:00,72.14,60.17,65.55125
2017-08-30 06:00:00,77.630005,59.269997,68.15
2017-08-31 06:00:00,69.35,59.63,65.165
2017-09-01 06:00:00,65.39,55.13,60.072502
2017-09-02 06:00:00,72.41,47.3,61.01375
2017-09-03 06:00:00,80.06,58.19,68.81375
2017-09-04 06:00:00,86.63,60.89,71.4425
2017-09-05 06:00:00,67.01,54.05,60.5075
2017-09-06 06:00:00,62.780003,50.09,56.637505
2017-09-07 06:00:00,67.91,51.35,58.7975
2017-09-08 06:00:00,67.19,56.12,60.2375
2017-09-09 06:00:00,68.09,53.87,61.0625
2017-09-10 06:00:00,67.1,49.190002,58.49375
2017-09-11 06:00:00,71.42,48.559998,60.12875
2017-09-12 06:00:00,73.58,53.78,63.42875
2017-09-13 06:00:00,75.29,56.84,65.69375
2017-09-14 06:00:00,80.96,57.92,68.206245
2017-09-15 06:00:00,85.28,61.07,72.8
2017-09-16 06:00:00,86.18,64.22,75.2225
2017-09-17 06:00:00,81.23,61.07,71.427505
2017-09-18 06:00:00,73.130005,55.67,64.895
2017-09-19 06:00:00,74.93,63.05,67.520004
2017-09-20 06:00:00,89.6,63.230003,76.8275
2017-09-21 06:00:00,90.86,68.72,80.0975
2017-09-22 06:00:00,90.68,71.78,80.363754
2017-09-23 06:00:00,91.03999,69.35,79.40749
2017-09-24 06:00:00,87.89,69.08,78.42125
2017-09-25 06:00:00,88.520004,67.19,78.07625
2017-09-26 06:00:00,87.71001,69.71,77.509995
2017-09-27 06:00:00,72.05,56.75,65.075
2017-09-28 06:00:00,71.24,51.71,61.392498
2017-09-29 06:00:00,69.17,56.21,61.602493
2017-09-30 06:00:00,64.67,52.07,57.458748
2017-10-01 06:00:00,69.619995,49.46,59.2925
2017-10-02 06:00:00,81.5,59.45,70.752495
2017-10-03 06:00:00,76.73,66.92,70.947495
2017-10-04 06:00:00,74.119995,59.63,67.49375
2017-10-05 06:00:00,74.57,53.51,63.608746
2017-10-06 06:00:00,71.6,59.45,64.606255
2017-10-07 06:00:00,79.25,60.89,67.9625
2017-10-08 06:00:00,76.1,54.23,64.20125
2017-10-09 06:00:00,78.53,52.79,64.625
2017-10-10 06:00:00,63.41,56.84,60.53
2017-10-11 06:00:00,60.08,56.48,58.343746
2017-10-12 06:00:00,60.89,55.940002,58.025
2017-10-13 06:00:00,70.34,51.62,60.886253
2017-10-14 06:00:00,67.64,60.17,63.661247
2017-10-15 06:00:00,68.45,48.92,56.34875
2017-10-16 06:00:00,59.54,43.07,50.7275
2017-10-17 06:00:00,66.74,48.65,56.71625
2017-10-18 06:00:00,67.55,48.74,58.441246
2017-10-19 06:00:00,66.56,50.0,57.676247
2017-10-20 06:00:00,73.67,54.95,63.657497
2017-10-21 06:00:00,72.68,59.719997,66.01625
2017-10-22 06:00:00,69.26,51.89,60.155
2017-10-23 06:00:00,55.58,50.809998,52.625
2017-10-24 06:00:00,49.190002,42.89,45.785004
2017-10-25 06:00:00,50.63,35.510002,42.88625
2017-10-26 06:00:00,58.37,35.87,48.3875
2017-10-27 06:00:00,53.690002,36.68,41.27
2017-10-28 06:00:00,40.82,36.14,38.555
2017-10-29 06:00:00,44.6,32.63,39.04625
2017-10-30 06:00:00,47.12,37.22,42.2675
2017-10-31 06:00:00,39.920002,31.28,35.7725
2017-11-01 06:00:00,43.61,34.43,39.16625
2017-11-02 06:00:00,50.54,43.79,47.510002
2017-11-03 06:00:00,45.68,35.42,42.335
2017-11-04 06:00:00,49.1,42.620003,45.455
2017-11-05 06:00:00,52.16,43.52,49.182495
2017-11-06 06:00:00,41.9,31.55,37.6175
2017-11-07 06:00:00,44.15,30.65,38.43875
2017-11-08 06:00:00,44.15,25.880001,34.37
2017-11-09 06:00:00,44.510002,20.48,33.90125
2017-11-10 06:00:00,29.03,17.869999,23.6225
2017-11-11 06:00:00,35.239998,24.08,30.13625
2017-11-12 06:00:00,42.260002,33.26,36.995
2017-11-13 06:00:00,41.9,27.14,34.752502
2017-11-14 06:00:00,47.48,32.09,40.861248
2017-11-15 06:00:00,48.83,33.35,43.7675
2017-11-16 06:00:00,40.010002,29.03,34.7075
2017-11-17 06:00:00,47.12,31.82,39.87875
2017-11-18 06:00:00,47.3,36.05,40.385002
2017-11-19 06:00:00,34.43,26.24,30.36125
2017-11-20 06:00:00,51.35,28.85,41.2025
2017-11-21 06:00:00,45.32,26.060001,38.35625
2017-11-22 06:00:00,33.35,20.66,27.380001
2017-11-23 06:00:00,43.879997,29.39,35.716248
2017-11-24 06:00:00,58.46,34.43,47.165
2017-11-25 06:00:00,52.43,32.9,42.942497
2017-11-26 06:00:00,46.76,24.08,36.6875
2017-11-27 06:00:00,53.96,29.48,44.401253
2017-11-28 06:00:00,57.2,42.89,52.70375
2017-11-29 06:00:00,44.42,31.37,39.24125
2017-11-30 06:00:00,50.27,36.95,44.26625
2017-12-01 06:00:00,49.1,26.51,37.598747
2017-12-02 06:00:00,50.09,32.54,40.415
2017-12-03 06:00:00,52.79,29.75,41.94875
2017-12-04 06:00:00,62.239998,48.65,56.825
2017-12-05 06:00:00,44.33,26.779999,32.72375
2017-12-06 06:00:00,33.44,26.15,29.135
2017-12-07 06:00:00,28.22,19.31,23.11625
2017-12-08 06:00:00,34.07,19.49,26.2175
2017-12-09 06:00:00,32.0,20.39,27.08
2017-12-10 06:00:00,35.69,19.31,26.1575
2017-12-11 06:00:00,36.14,20.029999,29.37875
2017-12-12 06:00:00,28.76,15.98,20.731249
2017-12-13 06:00:00,36.95,20.21,28.231249
2017-12-14 06:00:00,26.869999,15.530001,20.47625
2017-12-15 06:00:00,34.79,19.31,28.35125
2017-12-16 06:00:00,44.690002,29.75,36.3125
2017-12-17 06:00:00,42.08,32.99,36.45125
2017-12-18 06:00:00,44.15,38.03,41.5175
2017-12-19 06:00:00,48.2,33.53,41.0375
2017-12-20 06:00:00,32.99,25.61,29.32625
2017-12-21 06:00:00,38.66,29.66,34.53875
2017-12-22 06:00:00,39.11,32.63,36.065
2017-12-23 06:00:00,31.64,19.31,26.64125
2017-12-24 06:00:00,23.27,16.34,20.85875
2017-12-25 06:00:00,16.25,4.7300014,12.950001
2017-12-26 06:00:00,9.59,-1.6599998,3.263752
2017-12-27 06:00:00,9.950001,-5.5300026,2.7612514
2017-12-28 06:00:00,16.609999,2.5699978,9.979998
2017-12-29 06:00:00,15.98,-1.5699997,10.57625
2017-12-30 06:00:00,11.75,-8.230003,2.1124992
2017-12-31 06:00:00,12.740002,-1.75,4.013748
2018-01-01 06:00:00,6.080002,-8.139999,-2.1400032
2018-01-02 06:00:00,10.219999,-6.6100006,0.9912529
2018-01-03 06:00:00,16.34,4.91,11.352499
2018-01-04 06:00:00,12.469999,-1.5699997,4.197504
2018-01-05 06:00:00,11.57,-2.4699974,3.0537472
2018-01-06 06:00:00,14.719999,-4.2699966,4.715002
2018-01-07 06:00:00,31.28,5.2699986,21.878752
2018-01-08 06:00:00,39.65,28.31,32.9525
2018-01-09 06:00:00,41.629997,25.61,30.86375
2018-01-10 06:00:00,51.53,27.86,42.41375
2018-01-11 06:00:00,55.67,23.0,47.521248
2018-01-12 06:00:00,24.26,14.630001,20.225
2018-01-13 06:00:00,16.34,6.26,10.741251
2018-01-14 06:00:00,21.83,2.6599998,12.931252
2018-01-15 06:00:00,25.34,10.4,17.772503
2018-01-16 06:00:00,23.18,8.6,16.46375
2018-01-17 06:00:00,16.79,1.7600002,10.834999
2018-01-18 06:00:00,30.83,15.799999,23.329998
2018-01-19 06:00:00,40.28,26.42,33.4775
2018-01-20 06:00:00,45.77,30.83,37.04375
2018-01-21 06:00:00,44.059998,35.69,39.01625
2018-01-22 06:00:00,54.77,34.79,47.1875
2018-01-23 06:00:00,33.17,27.41,30.6725
2018-01-24 06:00:00,32.18,21.74,27.695
2018-01-25 06:00:00,45.05,21.38,31.13375
2018-01-26 06:00:00,51.71,33.08,43.86875
2018-01-27 06:00:00,49.55,33.26,41.806248
2018-01-28 06:00:00,39.65,27.23,31.98125
2018-01-29 06:00:00,28.22,15.530001,23.38625
2018-01-30 06:00:00,31.28,13.190001,23.0075
2018-01-31 06:00:00,43.07,29.39,35.18375
2018-02-01 06:00:00,32.36,9.41,20.24375
2018-02-02 06:00:00,20.66,4.1000004,12.908749
2018-02-03 06:00:00,37.94,19.58,29.10875
2018-02-04 06:00:00,33.17,5.539999,19.718752
2018-02-05 06:00:00,13.82,-4.450001,6.6312504
2018-02-06 06:00:00,18.140001,-6.0699997,9.938747
2018-02-07 06:00:00,19.220001,-6.4300003,12.68375
2018-02-08 06:00:00,20.21,-8.32,10.103752
2018-02-09 06:00:00,28.22,17.6,23.877499
2018-02-10 06:00:00,22.01,12.290001,16.853748
2018-02-11 06:00:00,22.82,8.240002,17.783752
2018-02-12 06:00:00,21.83,5.3600006,12.44375
2018-02-13 06:00:00,27.86,9.049999,19.32125
2018-02-14 06:00:00,41.9,25.25,34.11875
2018-02-15 06:00:00,43.61,36.14,39.48125
2018-02-16 06:00:00,35.06,17.42,29.06375
2018-02-17 06:00:00,35.33,15.08,25.505001
2018-02-18 06:00:00,42.8,16.16,30.245
2018-02-19 06:00:00,57.559998,36.59,47.3075
2018-02-20 06:00:00,61.519997,32.45,50.7725
2018-02-21 06:00:00,32.99,25.7,28.550001
2018-02-22 06:00:00,37.58,28.13,33.87875
2018-02-23 06:00:00,44.239998,30.47,38.4725
2018-02-24 06:00:00,46.13,30.380001,36.33875
2018-02-25 06:00:00,49.46,30.47,37.67375
2018-02-26 06:00:00,52.97,25.7,38.88125
2018-02-27 06:00:00,60.260002,37.4,48.29
2018-02-28 06:00:00,59.09,36.5,45.41375
2018-03-01 06:00:00,42.71,30.380001,36.81875
2018-03-02 06:00:00,45.5,26.15,33.545
2018-03-03 06:00:00,41.09,26.869999,32.9375
2018-03-04 06:00:00,43.16,27.77,35.2925
2018-03-05 06:00:00,39.02,30.47,34.115
2018-03-06 06:00:00,40.190002,26.779999,33.1625
2018-03-07 06:00:00,32.72,21.74,27.84125
2018-03-08 06:00:00,34.52,19.130001,26.13125
2018-03-09 06:00:00,39.65,18.59,28.5275
2018-03-10 06:00:00,38.75,25.43,30.75125
2018-03-11 06:00:00,37.4,24.89,30.8225
2018-03-12 06:00:00,42.260002,26.869999,34.63625
2018-03-13 06:00:00,36.41,21.470001,28.1375
2018-03-14 06:00:00,44.690002,20.93,32.855
2018-03-15 06:00:00,46.67,24.17,33.54125
2018-03-16 06:00:00,35.510002,25.52,29.94875
2018-03-17 06:00:00,42.260002,25.52,33.8
2018-03-18 06:00:00,54.05,24.89,39.181248
2018-03-19 06:00:00,43.25,29.39,35.56625
2018-03-20 06:00:00,33.62,26.6,30.08
2018-03-21 06:00:00,37.4,25.43,30.8225
2018-03-22 06:00:00,45.86,23.36,33.5975
2018-03-23 06:00:00,40.010002,26.15,32.51
2018-03-24 06:00:00,38.48,29.39,33.97625
2018-03-25 06:00:00,37.13,24.98,31.3625
2018-03-26 06:00:00,52.25,27.32,40.58
2018-03-27 06:00:00,50.0,37.489998,46.65875
2018-03-28 06:00:00,52.52,33.26,42.92
2018-03-29 06:00:00,51.89,32.99,41.51375
2018-03-30 06:00:00,47.93,31.46,37.62875
2018-03-31 06:00:00,57.47,31.55,41.7875
2018-04-01 06:00:00,35.78,22.64,29.18
2018-04-02 06:00:00,42.53,20.48,32.524998
2018-04-03 06:00:00,38.57,32.9,36.0875
2018-04-04 06:00:00,36.23,24.8,30.03125
2018-04-05 06:00:00,41.09,21.92,31.49
2018-04-06 06:00:00,36.5,22.82,30.6575
2018-04-07 06:00:00,36.5,16.79,26.431252
2018-04-08 06:00:00,37.31,19.4,29.2925
2018-04-09 06:00:00,37.94,25.79,32.2775
2018-04-10 06:00:00,43.16,25.25,35.1125
2018-04-11 06:00:00,62.06,35.15,46.947502
2018-04-12 06:00:00,70.34,40.73,54.815
2018-04-13 06:00:00,52.88,37.760002,43.309998
2018-04-14 06:00:00,37.67,33.26,35.76125
2018-04-15 06:00:00,36.05,29.75,33.21875
2018-04-16 06:00:00,36.14,25.79,30.995
2018-04-17 06:00:00,43.25,25.25,33.364998
2018-04-18 06:00:00,36.68,26.6,32.19875
2018-04-19 06:00:00,51.8,31.01,40.03625
2018-04-20 06:00:00,57.47,26.51,42.725002
2018-04-21 06:00:00,53.51,33.53,43.31375
2018-04-22 06:00:00,57.47,36.59,46.30625
2018-04-23 06:00:00,55.22,37.94,47.551247
2018-04-24 06:00:00,62.06,40.91,51.364998
2018-04-25 06:00:00,49.37,33.89,42.77
2018-04-26 06:00:00,62.69,28.85,48.0275
2018-04-27 06:00:00,55.58,37.13,45.357502
2018-04-28 06:00:00,47.66,31.64,39.335
2018-04-29 06:00:00,54.77,27.41,41.98625
2018-04-30 06:00:00,70.97,36.41,56.521248
2018-05-01 06:00:00,78.619995,53.6,68.588745
2018-05-02 06:00:00,79.34,62.06,70.985
2018-05-03 06:00:00,65.84,57.2,61.771248
2018-05-04 06:00:00,71.24,58.37,64.35875
2018-05-05 06:00:00,76.73,50.63,63.920006
2018-05-06 06:00:00,65.21,46.76,55.46
2018-05-07 06:00:00,72.23,44.33,58.79
2018-05-08 06:00:00,77.630005,52.07,65.607506
2018-05-09 06:00:00,75.380005,56.3,65.1425
2018-05-10 06:00:00,74.39,47.39,61.257496
2018-05-11 06:00:00,55.309998,43.879997,47.195
2018-05-12 06:00:00,52.52,43.16,46.197502
2018-05-13 06:00:00,64.31,46.309998,53.2625
2018-05-14 06:00:00,81.41,50.18,61.684998
2018-05-15 06:00:00,68.09,48.2,58.853752
2018-05-16 06:00:00,76.55,44.96,61.8125
2018-05-17 06:00:00,66.74,49.46,57.931255
2018-05-18 06:00:00,66.11,50.54,58.141247
2018-05-19 06:00:00,71.15,54.32,60.4175
2018-05-20 06:00:00,49.91,44.15,47.20625
2018-05-21 06:00:00,67.55,48.38,56.75375
2018-05-22 06:00:00,66.02,52.43,58.12625
2018-05-23 06:00:00,76.1,51.17,62.6
2018-05-24 06:00:00,82.31,53.33,69.65375
2018-05-25 06:00:00,83.84,63.230003,74.105
2018-05-26 06:00:00,86.99,63.769997,75.1625
2018-05-27 06:00:00,92.21001,67.19,79.11125
2018-05-28 06:00:00,87.439995,63.68,75.86
2018-05-29 06:00:00,84.020004,61.07,72.271255
2018-05-30 06:00:00,78.619995,67.28,72.079994
2018-05-31 06:00:00,84.11,66.74,75.50751
2018-06-01 06:00:00,71.06,52.16,62.198753
2018-06-02 06:00:00,69.53,51.440002,60.10625
2018-06-03 06:00:00,73.58,59.18,65.9675
2018-06-04 06:00:00,76.82,53.24,66.23
2018-06-05 06:00:00,68.81,49.64,59.22125
2018-06-06 06:00:00,77.54,46.67,63.8825
2018-06-07 06:00:00,75.56,53.24,65.588745
2018-06-08 06:00:00,70.52,56.03,60.30875
2018-06-09 06:00:00,79.97,55.49,63.34625
2018-06-10 06:00:00,74.48,58.010002,64.74126
2018-06-11 06:00:00,72.23,58.37,64.403755
2018-06-12 06:00:00,80.78,64.49,71.494995
2018-06-13 06:00:00,80.42,59.54,71.240005
2018-06-14 06:00:00,80.06,57.92,69.357506
2018-06-15 06:00:00,86.36,60.980003,72.74
2018-06-16 06:00:00,88.97,68.99,78.316246
2018-06-17 06:00:00,90.68,73.22,81.94625
2018-06-18 06:00:00,90.59,63.86,79.880005
2018-06-19 06:00:00,75.74,61.61,67.53125
2018-06-20 06:00:00,72.23,60.62,65.885
2018-06-21 06:00:00,65.119995,60.8,63.335003
2018-06-22 06:00:00,64.85,58.280003,60.642494
2018-06-23 06:00:00,77.36,59.09,67.85
2018-06-24 06:00:00,76.82,59.36,67.94375
2018-06-25 06:00:00,74.93,58.91,67.93625
2018-06-26 06:00:00,81.14,65.119995,71.17999
2018-06-27 06:00:00,77.27,65.66,71.19875
2018-06-28 06:00:00,86.09,63.59,75.51125
2018-06-29 06:00:00,91.49,70.97,81.7925
2018-06-30 06:00:00,90.770004,78.08,83.795
2018-07-01 06:00:00,89.33,73.49,79.122505
2018-07-02 06:00:00,81.77,63.32,72.95375
2018-07-03 06:00:00,84.65,61.25,74.84375
2018-07-04 06:00:00,87.8,71.869995,78.59
2018-07-05 06:00:00,87.62,73.04,77.48375
2018-07-06 06:00:00,73.22,59.18,67.9025
2018-07-07 06:00:00,76.73,56.39,66.7625
2018-07-08 06:00:00,83.3,58.91,71.521255
2018-07-09 06:00:00,87.26,61.969997,76.19
2018-07-10 06:00:00,82.04,66.65,74.9225
2018-07-11 06:00:00,81.77,64.04,72.331245
2018-07-12 06:00:00,86.63,65.21,76.14875
2018-07-13 06:00:00,88.97,68.72,78.8825
2018-07-14 06:00:00,77.81,70.97,74.06376
2018-07-15 06:00:00,86.09,69.53,77.524994
2018-07-16 06:00:00,84.74,69.17,76.823746
2018-07-17 06:00:00,76.82,63.05,70.369995
2018-07-18 06:00:00,74.48,59.269997,67.9475
2018-07-19 06:00:00,83.39,60.08,73.1
2018-07-20 06:00:00,77.99,66.47,71.1725
2018-07-21 06:00:00,76.73,66.83,70.100006
2018-07-22 06:00:00,73.58,65.03,68.64876
2018-07-23 06:00:00,77.81,63.41,69.94624
2018-07-24 06:00:00,81.32,62.510002,72.916245
2018-07-25 06:00:00,84.83,64.67,75.181244
2018-07-26 06:00:00,77.81,64.94,72.2225
2018-07-27 06:00:00,75.2,59.989998,67.92125
2018-07-28 06:00:00,78.35,57.739998,68.67875
2018-07-29 06:00:00,76.369995,58.37,68.51375
2018-07-30 06:00:00,76.01,58.55,67.89124
2018-07-31 06:00:00,76.1,62.780003,69.2825
2018-08-01 06:00:00,82.04,61.25,70.868744
2018-08-02 06:00:00,81.95,65.66,73.0775
2018-08-03 06:00:00,83.21001,60.89,72.15125
2018-08-04 06:00:00,90.95,67.1,79.7675
2018-08-05 06:00:00,90.770004,72.86,81.23
2018-08-06 06:00:00,82.130005,70.52,74.15001
2018-08-07 06:00:00,81.14,65.93,72.166245
2018-08-08 06:00:00,81.23,65.48,71.99375
2018-08-09 06:00:00,86.18,66.47,75.2525
2018-08-10 06:00:00,80.24,67.73,73.253746
2018-08-11 06:00:00,84.11,63.68,74.46875
2018-08-12 06:00:00,82.85,64.22,73.5425
2018-08-13 06:00:00,83.75,64.22,74.05625
2018-08-14 06:00:00,85.91,65.75,76.130005
2018-08-15 06:00:00,80.78,67.64,73.411255
2018-08-16 06:00:00,80.69,69.44,74.38625
2018-08-17 06:00:00,78.8,68.0,72.439995
2018-08-18 06:00:00,76.73,67.46,72.00125
2018-08-19 06:00:00,80.15,64.85,73.35125
2018-08-20 06:00:00,75.11,68.0,71.49126
2018-08-21 06:00:00,77.0,64.31,69.455
2018-08-22 06:00:00,76.28,57.11,66.395004
2018-08-23 06:00:00,76.46,55.49,66.77375
2018-08-24 06:00:00,71.24,61.7,64.7825
2018-08-25 06:00:00,82.85,65.93,73.9475
2018-08-26 06:00:00,88.43,69.8,78.17375
2018-08-27 06:00:00,88.61,76.1,82.205
2018-08-28 06:00:00,84.560005,70.07,78.244995
2018-08-29 06:00:00,76.19,62.06,70.1075
2018-08-30 06:00:00,70.7,58.730003,64.355
2018-08-31 06:00:00,82.76,58.280003,70.8575
2018-09-01 06:00:00,82.76,70.7,74.17625
2018-09-02 06:00:00,86.45,70.52,77.04125
2018-09-03 06:00:00,85.28,70.07,75.00875
2018-09-04 06:00:00,87.53,71.6,79.49
2018-09-05 06:00:00,86.53999,67.82,76.925
2018-09-06 06:00:00,68.99,62.510002,65.15375
2018-09-07 06:00:00,66.2,63.05,64.625
2018-09-08 06:00:00,67.28,60.62,64.542496
2018-09-09 06:00:00,65.75,57.739998,61.655003
2018-09-10 06:00:00,69.44,56.21,62.817497
2018-09-11 06:00:00,76.01,53.6,64.932495
2018-09-12 06:00:00,77.72,58.64,67.2425
2018-09-13 06:00:00,74.119995,55.76,65.33375
2018-09-14 06:00:00,80.869995,60.62,69.96125
2018-09-15 06:00:00,78.26,61.07,69.76625
2018-09-16 06:00:00,83.57,64.49,73.816246
2018-09-17 06:00:00,88.07,66.47,76.53125
2018-09-18 06:00:00,75.74,65.39,69.08375
2018-09-19 06:00:00,74.03,62.510002,67.1975
2018-09-20 06:00:00,86.270004,64.130005,76.216255
2018-09-21 06:00:00,81.32,55.58,70.137505
2018-09-22 06:00:00,61.34,53.690002,57.37625
2018-09-23 06:00:00,67.64,47.21,58.4375
2018-09-24 06:00:00,73.67,54.5,64.7975
2018-09-25 06:00:00,79.16,60.35,69.56375
2018-09-26 06:00:00,64.67,49.91,57.042496
2018-09-27 06:00:00,67.19,46.309998,57.485
2018-09-28 06:00:00,62.42,43.7,54.1025
2018-09-29 06:00:00,56.93,39.02,49.85
2018-09-30 06:00:00,66.47,51.98,57.342503
2018-10-01 06:00:00,70.79,55.4,62.16875
2018-10-02 06:00:00,67.91,57.11,61.219997
2018-10-03 06:00:00,83.57,58.82,73.6475
2018-10-04 06:00:00,75.02,50.0,56.686253
2018-10-05 06:00:00,68.72,54.05,60.035
2018-10-06 06:00:00,69.08,56.48,62.232506
2018-10-07 06:00:00,60.8,56.03,58.073753
2018-10-08 06:00:00,81.5,62.06,72.361244
2018-10-09 06:00:00,81.95,69.89,74.13125
2018-10-10 06:00:00,73.04,52.34,67.31375
2018-10-11 06:00:00,50.72,39.829998,45.3875
2018-10-12 06:00:00,42.08,35.6,39.33125
2018-10-13 06:00:00,50.27,30.83,41.27375
2018-10-14 06:00:00,56.3,36.14,47.1875
2018-10-15 06:00:00,46.67,35.33,40.302498
2018-10-16 06:00:00,54.86,34.7,45.06125
2018-10-17 06:00:00,49.28,37.04,43.31375
2018-10-18 06:00:00,54.5,30.380001,43.72625
2018-10-19 06:00:00,54.59,43.97,49.50125
2018-10-20 06:00:00,51.440002,32.81,42.78875
2018-10-21 06:00:00,47.21,26.42,38.236248
2018-10-22 06:00:00,59.9,37.4,48.035
2018-10-23 06:00:00,52.25,36.95,44.1575
2018-10-24 06:00:00,48.74,35.15,41.25125
2018-10-25 06:00:00,50.0,35.96,42.346252
2018-10-26 06:00:00,49.190002,41.9,46.19
2018-10-27 06:00:00,52.97,39.38,46.208748
2018-10-28 06:00:00,50.99,41.989998,46.52375
2018-10-29 06:00:00,51.35,40.370003,45.15125
2018-10-30 06:00:00,64.76,41.629997,53.6375
2018-10-31 06:00:00,57.29,46.309998,50.8925
2018-11-01 06:00:00,50.63,42.620003,47.08625
2018-11-02 06:00:00,45.86,36.95,41.7875
2018-11-03 06:00:00,47.48,32.63,41.65625
2018-11-04 06:00:00,51.440002,44.6,48.079998
2018-11-05 06:00:00,51.17,41.09,46.21625
2018-11-06 06:00:00,48.47,39.74,45.57125
2018-11-07 06:00:00,42.89,30.83,36.71
2018-11-08 06:00:00,38.57,26.96,33.8225
2018-11-09 06:00:00,34.97,18.68,30.42125
2018-11-10 06:00:00,31.37,18.32,24.980001
2018-11-11 06:00:00,39.829998,26.060001,32.73875
2018-11-12 06:00:00,34.7,24.62,30.67625
2018-11-13 06:00:00,27.86,18.41,22.20875
2018-11-14 06:00:00,33.8,18.140001,25.18625
2018-11-15 06:00:00,35.69,26.33,30.515
2018-11-16 06:00:00,41.54,26.689999,34.22
2018-11-17 06:00:00,35.06,30.380001,32.7125
2018-11-18 06:00:00,35.96,22.279999,29.4575
2018-11-19 06:00:00,35.6,20.84,27.7025
2018-11-20 06:00:00,33.8,26.779999,29.44625
2018-11-21 06:00:00,33.98,26.51,30.305
2018-11-22 06:00:00,38.48,29.48,32.5775
2018-11-23 06:00:00,50.45,32.54,42.43625
2018-11-24 06:00:00,46.940002,35.87,42.80375
2018-11-25 06:00:00,37.94,33.17,35.21
2018-11-26 06:00:00,33.89,20.75,27.4025
2018-11-27 06:00:00,22.46,12.109999,18.713749
2018-11-28 06:00:00,24.71,1.7600002,14.701248
2018-11-29 06:00:00,34.34,25.16,29.1875
2018-11-30 06:00:00,35.510002,22.37,30.02375
2018-12-01 06:00:00,43.52,35.33,38.3
2018-12-02 06:00:00,45.14,33.53,39.552498
2018-12-03 06:00:00,33.44,28.76,31.6625
2018-12-04 06:00:00,30.47,26.779999,28.78625
2018-12-05 06:00:00,32.72,22.46,27.7775
2018-12-06 06:00:00,29.66,18.5,26.123749
2018-12-07 06:00:00,26.24,14.719999,19.58
2018-12-08 06:00:00,30.2,18.23,23.225
2018-12-09 06:00:00,34.07,16.52,23.12
2018-12-10 06:00:00,36.86,17.96,25.83125
2018-12-11 06:00:00,39.29,24.62,29.84375
2018-12-12 06:00:00,40.91,29.66,33.81125
2018-12-13 06:00:00,42.620003,23.54,33.6125
2018-12-14 06:00:00,45.05,27.68,36.3275
2018-12-15 06:00:00,43.79,29.119999,34.68125
2018-12-16 06:00:00,47.21,24.35,35.052498
2018-12-17 06:00:00,38.93,25.61,32.07125
2018-12-18 06:00:00,43.16,24.98,32.5325
2018-12-19 06:00:00,48.92,31.01,39.64625
2018-12-20 06:00:00,48.02,38.3,42.85625
2018-12-21 06:00:00,38.21,27.5,32.885
2018-12-22 06:00:00,36.32,27.68,31.12625
2018-12-23 06:00:00,38.39,25.880001,31.5125
2018-12-24 06:00:00,32.36,22.82,26.2625
2018-12-25 06:00:00,44.87,26.33,33.21875
2018-12-26 06:00:00,44.239998,24.8,34.50125
2018-12-27 06:00:00,50.809998,36.41,43.57625
2018-12-28 06:00:00,50.72,29.66,36.61625
2018-12-29 06:00:00,32.09,23.45,28.54625
2018-12-30 06:00:00,37.13,18.59,26.431252
2018-12-31 06:00:00,37.58,28.4,34.43
2019-01-01 06:00:00,33.44,25.880001,28.265
2019-01-02 06:00:00,31.01,23.54,27.6125
2019-01-03 06:00:00,39.74,22.46,29.9975
2019-01-04 06:00:00,46.49,30.29,35.39375
2019-01-05 06:00:00,50.9,30.74,38.69375
2019-01-06 06:00:00,39.47,32.18,36.09875
2019-01-07 06:00:00,53.78,38.84,45.185
2019-01-08 06:00:00,43.97,23.18,37.13
2019-01-09 06:00:00,23.36,16.25,20.00375
2019-01-10 06:00:00,26.6,15.17,19.433748
2019-01-11 06:00:00,34.25,21.38,27.02
2019-01-12 06:00:00,31.19,26.24,29.28125
2019-01-13 06:00:00,29.48,25.07,27.76625
2019-01-14 06:00:00,29.48,20.48,24.5225
2019-01-15 06:00:00,30.02,23.27,26.88125
2019-01-16 06:00:00,33.17,26.24,29.9525
2019-01-17 06:00:00,35.78,27.95,30.84875
2019-01-18 06:00:00,30.380001,26.96,28.43
2019-01-19 06:00:00,28.58,12.109999,24.184998
2019-01-20 06:00:00,12.380001,2.2999992,7.6362495
2019-01-21 06:00:00,10.759998,0.8600006,6.26
2019-01-22 06:00:00,33.26,6.9799995,22.4825
2019-01-23 06:00:00,33.53,13.459999,26.1125
2019-01-24 06:00:00,22.73,4.91,12.076252
2019-01-25 06:00:00,2.6599998,-10.66,-2.616249
2019-01-26 06:00:00,11.209999,-20.289997,-0.79375076
2019-01-27 06:00:00,8.15,-9.939999,1.0249996
2019-01-28 06:00:00,33.53,5.3600006,20.015
2019-01-29 06:00:00,4.460001,-9.669998,0.29750443
2019-01-30 06:00:00,-11.739998,-24.879997,-20.184998
2019-01-31 06:00:00,-3.2800026,-27.220001,-14.96125
2019-02-01 06:00:00,17.6,-3.369999,7.4862556
2019-02-02 06:00:00,41.27,12.65,31.99625
2019-02-03 06:00:00,49.01,40.370003,44.15375
2019-02-04 06:00:00,52.61,25.7,43.8275
2019-02-05 06:00:00,32.18,19.4,27.37625
2019-02-06 06:00:00,37.760002,31.01,33.01625
2019-02-07 06:00:00,46.04,10.58,31.7
2019-02-08 06:00:00,16.34,5.09,9.833752
2019-02-09 06:00:00,25.07,3.4699974,14.836248
2019-02-10 06:00:00,28.85,21.74,25.557499
2019-02-11 06:00:00,32.0,27.05,29.43125
2019-02-12 06:00:00,33.44,23.27,29.88125
2019-02-13 06:00:00,29.03,14.630001,21.70625
2019-02-14 06:00:00,51.53,24.35,38.427498
2019-02-15 06:00:00,30.83,11.030001,18.781248
2019-02-16 06:00:00,30.83,11.66,22.5125
2019-02-17 06:00:00,27.86,23.27,25.5425
2019-02-18 06:00:00,28.4,13.549999,23.6225
2019-02-19 06:00:00,30.83,1.3999996,19.0775
2019-02-20 06:00:00,37.760002,26.51,31.3325
2019-02-21 06:00:00,33.44,22.279999,27.425001
2019-02-22 06:00:00,38.39,17.869999,28.71875
2019-02-23 06:00:00,49.01,31.64,35.975
2019-02-24 06:00:00,48.2,10.490002,29.675
2019-02-25 06:00:00,24.26,5.7199974,15.13625
2019-02-26 06:00:00,24.08,13.82,20.27375
2019-02-27 06:00:00,34.7,15.619999,25.2875
2019-02-28 06:00:00,27.77,11.57,20.296251
2019-03-01 06:00:00,35.42,21.56,27.938751
2019-03-02 06:00:00,33.8,24.98,29.119999
2019-03-03 06:00:00,24.26,7.0699997,18.890001
2019-03-04 06:00:00,16.52,-2.9199982,6.4024963
2019-03-05 06:00:00,23.720001,8.059999,14.4725
2019-03-06 06:00:00,33.98,8.6,20.603752
2019-03-07 06:00:00,27.95,13.91,21.473751
2019-03-08 06:00:00,39.2,20.3,29.13875
2019-03-09 06:00:00,42.89,26.869999,35.27
2019-03-10 06:00:00,44.239998,27.23,35.86625
2019-03-11 06:00:00,42.89,23.0,31.08875
2019-03-12 06:00:00,51.71,21.470001,37.0775
2019-03-13 06:00:00,62.15,38.39,50.58125
2019-03-14 06:00:00,60.530003,39.47,51.8075
2019-03-15 06:00:00,39.920002,30.65,36.98375
2019-03-16 06:00:00,43.52,25.07,32.795
2019-03-17 06:00:00,44.42,24.35,34.3175
2019-03-18 06:00:00,41.809998,27.05,33.7775
2019-03-19 06:00:00,49.73,26.33,37.7675
2019-03-20 06:00:00,46.49,36.41,40.53875
2019-03-21 06:00:00,46.67,35.33,39.90875
2019-03-22 06:00:00,45.23,25.43,35.57
2019-03-23 06:00:00,51.62,23.54,37.11875
2019-03-24 06:00:00,48.02,33.44,40.46
2019-03-25 06:00:00,38.03,26.24,33.5
2019-03-26 06:00:00,44.690002,24.529999,33.91625
2019-03-27 06:00:00,56.12,26.24,42.62375
2019-03-28 06:00:00,66.29,40.010002,49.835
2019-03-29 06:00:00,52.97,33.98,42.80375
2019-03-30 06:00:00,44.059998,28.039999,36.54125
2019-03-31 06:00:00,38.48,21.29,29.68625
2019-04-01 06:00:00,48.65,23.18,36.4775
2019-04-02 06:00:00,52.97,34.79,42.533752
2019-04-03 06:00:00,56.66,33.35,45.511253
2019-04-04 06:00:00,43.879997,37.85,41.4425
2019-04-05 06:00:00,54.14,36.68,45.51875
2019-04-06 06:00:00,62.510002,37.58,50.971252
2019-04-07 06:00:00,68.72,48.92,57.515
2019-04-08 06:00:00,70.25,49.46,60.215
2019-04-09 06:00:00,62.96,39.56,53.765
2019-04-10 06:00:00,38.75,34.61,36.80375
2019-04-11 06:00:00,57.559998,35.33,46.21625
2019-04-12 06:00:00,53.15,38.75,45.97625
2019-04-13 06:00:00,51.35,34.43,41.809998
2019-04-14 06:00:00,38.21,32.09,34.24625
2019-04-15 06:00:00,47.3,26.869999,39.10625
2019-04-16 06:00:00,72.5,42.71,54.0875
2019-04-17 06:00:00,72.32,42.8,59.0075
2019-04-18 06:00:00,63.230003,42.89,51.87875
2019-04-19 06:00:00,49.1,39.65,43.677498
2019-04-20 06:00:00,61.79,37.67,47.416252
2019-04-21 06:00:00,73.76,36.5,57.068752
2019-04-22 06:00:00,74.84,51.89,63.620003
2019-04-23 06:00:00,60.71,43.07,53.24
2019-04-24 06:00:00,59.54,38.21,49.95125
2019-04-25 06:00:00,65.57,41.09,53.9375
2019-04-26 06:00:00,61.07,45.23,53.09
2019-04-27 06:00:00,45.14,32.27,36.275
2019-04-28 06:00:00,44.33,31.28,38.75375
2019-04-29 06:00:00,58.1,39.829998,47.918747
2019-04-30 06:00:00,46.22,37.489998,42.8675
2019-05-01 06:00:00,64.67,41.989998,50.8625
2019-05-02 06:00:00,46.76,41.36,43.56875
2019-05-03 06:00:00,54.86,40.64,46.8275
2019-05-04 06:00:00,60.260002,35.87,48.79625
2019-05-05 06:00:00,71.51,41.36,57.927498
2019-05-06 06:00:00,64.67,43.43,52.88375
2019-05-07 06:00:00,49.46,41.45,44.84375
2019-05-08 06:00:00,63.14,42.89,53.3525
2019-05-09 06:00:00,66.56,47.03,59.13125
2019-05-10 06:00:00,56.48,39.02,48.06875
2019-05-11 06:00:00,51.62,39.2,45.4775
2019-05-12 06:00:00,50.27,39.829998,44.98625
2019-05-13 06:00:00,58.280003,39.65,47.877502
2019-05-14 06:00:00,66.83,37.04,53.54
2019-05-15 06:00:00,73.130005,43.52,59.896248
2019-05-16 06:00:00,80.33,53.24,65.8475
2019-05-17 06:00:00,62.33,42.89,50.12
2019-05-18 06:00:00,80.78,42.260002,62.3075
2019-05-19 06:00:00,72.5,54.14,64.3025
2019-05-20 06:00:00,55.76,45.5,50.40125
2019-05-21 06:00:00,52.61,44.33,49.13375
2019-05-22 06:00:00,80.51,49.73,66.646255
2019-05-23 06:00:00,73.31,55.49,66.6875
2019-05-24 06:00:00,78.8,51.8,63.646248
2019-05-25 06:00:00,81.23,66.83,72.8525
2019-05-26 06:00:00,69.89,50.09,61.53875
2019-05-27 06:00:00,74.93,48.559998,63.32
2019-05-28 06:00:00,66.92,48.559998,58.8275
2019-05-29 06:00:00,71.6,48.47,58.576252
2019-05-30 06:00:00,74.3,56.39,65.08625
2019-05-31 06:00:00,81.23,56.93,70.3925
2019-06-01 06:00:00,80.869995,50.72,65.884995
2019-06-02 06:00:00,68.54,46.940002,57.282497
2019-06-03 06:00:00,64.49,45.68,54.635
2019-06-04 06:00:00,79.34,52.43,67.066246
2019-06-05 06:00:00,81.32,53.51,68.57
2019-06-06 06:00:00,67.46,54.05,60.5375
2019-06-07 06:00:00,73.49,51.08,62.4575
2019-06-08 06:00:00,72.5,57.29,65.75
2019-06-09 06:00:00,71.42,59.36,64.88375
2019-06-10 06:00:00,72.86,53.33,64.16375
2019-06-11 06:00:00,77.09,52.97,66.46625
2019-06-12 06:00:00,68.81,55.49,62.9375
2019-06-13 06:00:00,66.2,51.26,57.18125
2019-06-14 06:00:00,75.02,49.46,64.235
2019-06-15 06:00:00,71.42,57.65,65.33
2019-06-16 06:00:00,63.68,52.61,58.0325
2019-06-17 06:00:00,68.09,53.87,59.52875
2019-06-18 06:00:00,75.11,52.16,64.12624
2019-06-19 06:00:00,68.54,54.32,61.23125
2019-06-20 06:00:00,66.380005,54.05,59.641247
2019-06-21 06:00:00,70.880005,50.27,60.548748
2019-06-22 06:00:00,76.01,55.22,67.261246
2019-06-23 06:00:00,80.24,63.41,70.64
2019-06-24 06:00:00,74.57,65.119995,69.38374
2019-06-25 06:00:00,83.21001,60.35,72.496254
2019-06-26 06:00:00,85.1,66.2,74.85125
2019-06-27 06:00:00,87.26,65.75,75.91625
2019-06-28 06:00:00,86.09,69.89,75.5225
2019-06-29 06:00:00,84.47,68.18,75.12501
2019-06-30 06:00:00,86.36,67.73,75.515
2019-07-01 06:00:00,87.979996,68.27,78.42876
2019-07-02 06:00:00,86.45,69.98,78.4625
2019-07-03 06:00:00,82.22,64.67,73.865
2019-07-04 06:00:00,86.09,65.3,76.83501
2019-07-05 06:00:00,89.060005,72.23,79.34374
2019-07-06 06:00:00,75.11,65.3,70.89875
2019-07-07 06:00:00,74.57,62.239998,68.22875
2019-07-08 06:00:00,78.53,59.269997,68.24375
2019-07-09 06:00:00,84.47,60.530003,74.70125
2019-07-10 06:00:00,91.85,70.97,81.23375
2019-07-11 06:00:00,79.25,61.79,71.517494
2019-07-12 06:00:00,85.37,57.739998,72.7025
2019-07-13 06:00:00,91.939995,69.35,79.103745
2019-07-14 06:00:00,85.64,66.74,76.60625
2019-07-15 06:00:00,90.05,72.41,80.57001
2019-07-16 06:00:00,79.7,70.43,74.69375
2019-07-17 06:00:00,89.51,71.69,78.92375
2019-07-18 06:00:00,89.15,72.77,78.24125
2019-07-19 06:00:00,89.87,74.66,82.085
2019-07-20 06:00:00,92.03,74.03,82.32875
2019-07-21 06:00:00,77.45,68.18,72.47375
2019-07-22 06:00:00,72.68,59.63,67.30625
2019-07-23 06:00:00,76.19,59.81,68.29625
2019-07-24 06:00:00,78.17,58.010002,69.064995
2019-07-25 06:00:00,83.03,59.719997,72.095
2019-07-26 06:00:00,82.85,64.76,74.10125
2019-07-27 06:00:00,87.17,69.619995,78.229996
2019-07-28 06:00:00,88.25,72.05,80.57
2019-07-29 06:00:00,81.86,68.18,74.978745
2019-07-30 06:00:00,76.73,65.3,70.4225
2019-07-31 06:00:00,74.21,58.280003,66.38375
2019-08-01 06:00:00,78.98,54.77,67.37375
2019-08-02 06:00:00,81.5,58.55,70.73
2019-08-03 06:00:00,85.189995,59.0,74.401245
2019-08-04 06:00:00,85.91,65.57,74.645
2019-08-05 06:00:00,88.34,67.64,77.971245
2019-08-06 06:00:00,80.24,68.36,74.3975
2019-08-07 06:00:00,86.9,65.3,76.681244
2019-08-08 06:00:00,85.91,66.47,76.895004
2019-08-09 06:00:00,81.86,59.989998,70.9775
2019-08-10 06:00:00,83.66,61.34,72.1175
2019-08-11 06:00:00,85.55,65.75,74.978745
2019-08-12 06:00:00,80.51,68.630005,73.68501
2019-08-13 06:00:00,81.59,66.74,73.354996
2019-08-14 06:00:00,79.43,62.96,69.65
2019-08-15 06:00:00,75.83,62.15,68.54
2019-08-16 06:00:00,81.5,61.61,71.63751
2019-08-17 06:00:00,77.27,62.87,70.86125
2019-08-18 06:00:00,82.31,66.2,73.19
2019-08-19 06:00:00,80.33,63.32,73.628746
2019-08-20 06:00:00,77.9,67.64,72.91625
2019-08-21 06:00:00,81.86,63.95,73.09625
2019-08-22 06:00:00,74.21,62.239998,68.735
2019-08-23 06:00:00,71.06,60.35,65.3075
2019-08-24 06:00:00,71.33,57.83,65.0675
2019-08-25 06:00:00,74.66,56.21,67.036255
2019-08-26 06:00:00,75.2,63.5,69.19625
2019-08-27 06:00:00,78.89,64.04,71.090004
2019-08-28 06:00:00,74.39,60.260002,66.807495
2019-08-29 06:00:00,82.67,56.39,70.1825
2019-08-30 06:00:00,73.76,57.2,65.082504
2019-08-31 06:00:00,71.42,57.65,65.299995
2019-09-01 06:00:00,72.95,61.969997,66.42125
2019-09-02 06:00:00,81.59,61.519997,71.23625
2019-09-03 06:00:00,81.5,65.84,71.8025
2019-09-04 06:00:00,67.46,57.29,63.034996
2019-09-05 06:00:00,72.5,54.05,62.978752
2019-09-06 06:00:00,76.46,60.530003,68.21376
2019-09-07 06:00:00,76.46,54.32,65.888756
2019-09-08 06:00:00,64.04,59.0,62.0
2019-09-09 06:00:00,75.74,57.65,67.685
2019-09-10 06:00:00,87.53,71.96,77.427505
2019-09-11 06:00:00,85.46001,69.8,75.6875
2019-09-12 06:00:00,76.82,64.31,70.426254
2019-09-13 06:00:00,77.36,61.43,70.505005
2019-09-14 06:00:00,78.89,55.76,68.149994
2019-09-15 06:00:00,77.99,65.39,70.9925
2019-09-16 06:00:00,73.76,62.33,68.401245
2019-09-17 06:00:00,76.91,61.519997,68.457504
2019-09-18 06:00:00,80.96,60.260002,70.02125
2019-09-19 06:00:00,82.58,61.16,71.29625
2019-09-20 06:00:00,81.68,64.49,72.353745
2019-09-21 06:00:00,80.78,68.99,74.082504
2019-09-22 06:00:00,80.6,64.4,70.53875
2019-09-23 06:00:00,72.68,58.1,64.53875
2019-09-24 06:00:00,77.99,56.3,67.1225
2019-09-25 06:00:00,77.18,64.31,69.44375
2019-09-26 06:00:00,70.07,53.6,62.6375
2019-09-27 06:00:00,71.33,59.54,65.262505
2019-09-28 06:00:00,65.93,56.84,61.159996
2019-09-29 06:00:00,65.84,59.54,62.858753
2019-09-30 06:00:00,84.92,65.39,75.94624
2019-10-01 06:00:00,84.92,73.94,77.93
2019-10-02 06:00:00,75.56,59.0,63.485
2019-10-03 06:00:00,65.84,50.36,60.61625
2019-10-04 06:00:00,57.2,47.66,52.26125
2019-10-05 06:00:00,64.4,48.559998,55.962498
2019-10-06 06:00:00,66.02,49.82,58.437504
2019-10-07 06:00:00,67.369995,47.75,56.15375
2019-10-08 06:00:00,68.81,45.86,57.304996
2019-10-09 06:00:00,68.630005,47.3,58.583748
2019-10-10 06:00:00,71.33,53.690002,63.166252
2019-10-11 06:00:00,66.02,39.56,53.322502
2019-10-12 06:00:00,52.88,35.42,44.68625
2019-10-13 06:00:00,50.63,37.04,43.66625
2019-10-14 06:00:00,51.8,34.97,43.1825
2019-10-15 06:00:00,65.84,39.47,51.548748
2019-10-16 06:00:00,52.25,41.629997,47.465
2019-10-17 06:00:00,53.33,38.84,45.732502
2019-10-18 06:00:00,57.65,36.77,46.93625
2019-10-19 06:00:00,65.48,45.14,54.9725
2019-10-20 06:00:00,60.530003,46.85,52.53875
2019-10-21 06:00:00,62.510002,52.07,57.473747
2019-10-22 06:00:00,51.26,45.77,49.175
2019-10-23 06:00:00,56.93,41.36,48.2375
2019-10-24 06:00:00,51.98,39.65,45.113747
2019-10-25 06:00:00,50.09,37.13,42.75125
2019-10-26 06:00:00,48.02,34.25,43.71125
2019-10-27 06:00:00,57.02,42.8,48.732502
2019-10-28 06:00:00,52.97,40.010002,46.37375
2019-10-29 06:00:00,44.87,36.14,39.076252
2019-10-30 06:00:00,40.1,34.25,37.32875
2019-10-31 06:00:00,34.07,24.529999,31.04
2019-11-01 06:00:00,41.0,18.32,30.6275
2019-11-02 06:00:00,42.35,31.1,36.6275
2019-11-03 06:00:00,50.99,27.23,39.7325
2019-11-04 06:00:00,51.53,38.84,45.57875
2019-11-05 06:00:00,40.010002,25.79,34.204998
2019-11-06 06:00:00,53.51,28.58,38.61125
2019-11-07 06:00:00,30.2,20.21,25.6625
2019-11-08 06:00:00,32.63,17.240002,24.48125
2019-11-09 06:00:00,45.5,25.7,36.215
2019-11-10 06:00:00,41.18,32.81,37.5275
2019-11-11 06:00:00,33.8,11.48,22.77125
2019-11-12 06:00:00,15.799999,1.1300011,8.480001
2019-11-13 06:00:00,25.43,4.6399994,18.51125
2019-11-14 06:00:00,31.01,20.48,25.625
2019-11-15 06:00:00,38.93,19.220001,28.0925
2019-11-16 06:00:00,38.93,25.34,32.7575
2019-11-17 06:00:00,40.1,26.060001,33.3125
2019-11-18 06:00:00,40.28,32.45,35.86625
2019-11-19 06:00:00,41.45,27.5,34.6925
2019-11-20 06:00:00,47.3,33.17,40.4825
2019-11-21 06:00:00,55.85,39.47,46.67
2019-11-22 06:00:00,38.12,25.7,32.34125
2019-11-23 06:00:00,41.629997,22.91,31.52375
2019-11-24 06:00:00,48.83,31.37,40.055
2019-11-25 06:00:00,50.18,34.43,41.67875
2019-11-26 06:00:00,47.93,30.92,39.815
2019-11-27 06:00:00,54.23,33.35,42.13625
2019-11-28 06:00:00,37.13,26.779999,33.48875
2019-11-29 06:00:00,38.48,35.239998,36.71375
2019-11-30 06:00:00,38.21,35.69,36.72125
2019-12-01 06:00:00,40.46,30.2,36.71375
2019-12-02 06:00:00,36.23,25.7,31.2125
2019-12-03 06:00:00,42.260002,24.35,32.7875
2019-12-04 06:00:00,42.440002,29.75,35.6075
2019-12-05 06:00:00,44.87,25.34,35.83625
2019-12-06 06:00:00,40.73,25.61,33.2675
2019-12-07 06:00:00,38.12,24.89,31.13
2019-12-08 06:00:00,47.12,32.99,40.96625
2019-12-09 06:00:00,48.02,24.44,41.161247
2019-12-10 06:00:00,23.9,15.709999,19.4375
2019-12-11 06:00:00,25.52,14.809999,18.395
2019-12-12 06:00:00,46.309998,17.6,33.61625
2019-12-13 06:00:00,43.879997,29.93,36.1025
2019-12-14 06:00:00,34.16,23.99,30.2075
2019-12-15 06:00:00,28.76,18.05,23.46125
2019-12-16 06:00:00,31.82,24.17,27.11375
2019-12-17 06:00:00,33.44,17.509998,25.6025
2019-12-18 06:00:00,27.05,11.299999,18.061253
2019-12-19 06:00:00,41.18,17.15,26.67125
2019-12-20 06:00:00,42.53,21.2,30.79625
2019-12-21 06:00:00,46.4,28.67,35.74625
2019-12-22 06:00:00,49.37,33.35,39.1925
2019-12-23 06:00:00,50.63,31.55,38.59625
2019-12-24 06:00:00,52.97,27.77,39.79625
2019-12-25 06:00:00,55.49,38.03,46.76
2019-12-26 06:00:00,59.9,40.55,51.81125
2019-12-27 06:00:00,41.0,25.7,34.5125
2019-12-28 06:00:00,49.1,24.44,36.6725
2019-12-29 06:00:00,57.83,48.559998,53.69375
2019-12-30 06:00:00,47.75,28.22,33.5975
2019-12-31 06:00:00,30.11,22.55,26.03
2020-01-01 06:00:00,41.18,20.029999,31.6175
2020-01-02 06:00:00,48.92,37.13,41.645
2020-01-03 06:00:00,38.12,31.28,35.23625
2020-01-04 06:00:00,34.52,25.880001,30.43625
2020-01-05 06:00:00,45.14,22.279999,32.0825
2020-01-06 06:00:00,40.82,25.34,32.31125
2020-01-07 06:00:00,40.28,27.68,32.97875
2020-01-08 06:00:00,27.05,14.990002,20.61125
2020-01-09 06:00:00,49.73,22.91,39.73625
2020-01-10 06:00:00,45.41,35.15,40.42625
2020-01-11 06:00:00,35.96,26.6,32.25125
2020-01-12 06:00:00,30.83,20.93,27.4025
2020-01-13 06:00:00,32.81,25.880001,30.815
2020-01-14 06:00:00,42.98,25.07,34.05125
2020-01-15 06:00:00,35.239998,23.9,31.223751
2020-01-16 06:00:00,28.85,13.91,19.96625
2020-01-17 06:00:00,28.49,13.82,23.7875
2020-01-18 06:00:00,35.6,5.99,25.805
2020-01-19 06:00:00,19.04,0.6800022,10.01
2020-01-20 06:00:00,28.76,13.190001,19.91375
2020-01-21 06:00:00,29.57,8.780001,20.02625
2020-01-22 06:00:00,34.07,21.29,27.5075
2020-01-23 06:00:00,33.71,28.4,31.41875
2020-01-24 06:00:00,38.21,32.54,34.625
2020-01-25 06:00:00,34.52,32.27,33.2
2020-01-26 06:00:00,34.7,27.68,31.25
2020-01-27 06:00:00,36.32,27.32,30.965
2020-01-28 06:00:00,33.8,28.58,30.83375
2020-01-29 06:00:00,33.17,28.67,30.56
2020-01-30 06:00:00,35.15,27.86,31.4675
2020-01-31 06:00:00,39.29,28.76,33.395
2020-02-01 06:00:00,38.57,31.28,33.89375
2020-02-02 06:00:00,52.7,32.45,42.48875
2020-02-03 06:00:00,44.239998,28.76,35.64125
2020-02-04 06:00:00,35.96,27.05,32.7875
2020-02-05 06:00:00,30.2,26.6,27.875
2020-02-06 06:00:00,30.92,24.98,28.17125
2020-02-07 06:00:00,36.5,19.67,27.84125
2020-02-08 06:00:00,35.6,23.54,28.68125
2020-02-09 06:00:00,35.239998,21.65,29.28125
2020-02-10 06:00:00,35.96,23.18,28.4
2020-02-11 06:00:00,35.06,22.46,28.29875
2020-02-12 06:00:00,38.84,21.56,29.6225
2020-02-13 06:00:00,30.65,-4.8100014,14.494999
2020-02-14 06:00:00,14.540001,-10.93,2.2812443
2020-02-15 06:00:00,33.98,3.5600014,21.8825
2020-02-16 06:00:00,40.73,20.93,28.265
2020-02-17 06:00:00,40.82,26.060001,33.3575
2020-02-18 06:00:00,38.03,23.81,33.1325
2020-02-19 06:00:00,30.380001,15.17,21.935
2020-02-20 06:00:00,25.34,8.869999,16.966251
2020-02-21 06:00:00,38.84,13.91,25.05875
2020-02-22 06:00:00,48.74,25.79,36.2225
2020-02-23 06:00:00,54.05,30.83,40.55375
2020-02-24 06:00:00,40.28,30.74,35.32625
2020-02-25 06:00:00,36.32,31.55,34.07
2020-02-26 06:00:00,31.73,24.62,28.63625
2020-02-27 06:00:00,31.1,19.76,25.16
2020-02-28 06:00:00,29.93,17.6,22.279999
2020-02-29 06:00:00,39.02,15.259998,26.003752
2020-03-01 06:00:00,58.91,27.41,43.231247
2020-03-02 06:00:00,50.36,28.94,38.3375
2020-03-03 06:00:00,48.92,28.13,37.767498
2020-03-04 06:00:00,46.04,27.32,37.3625
2020-03-05 06:00:00,52.07,28.039999,39.60125
2020-03-06 06:00:00,37.85,23.63,31.94
2020-03-07 06:00:00,49.01,22.279999,36.07625
2020-03-08 06:00:00,60.530003,37.67,49.385002
2020-03-09 06:00:00,54.14,47.39,51.8075
2020-03-10 06:00:00,49.1,29.75,39.1475
2020-03-11 06:00:00,48.29,32.09,40.53125
2020-03-12 06:00:00,59.54,35.239998,46.763752
2020-03-13 06:00:00,47.3,31.73,39.78875
2020-03-14 06:00:00,37.31,31.37,34.64375
2020-03-15 06:00:00,38.39,27.95,33.09125
2020-03-16 06:00:00,40.190002,27.23,34.895
2020-03-17 06:00:00,47.21,31.37,37.685
2020-03-18 06:00:00,47.57,33.98,39.353752
2020-03-19 06:00:00,60.35,35.06,47.31125
2020-03-20 06:00:00,57.559998,30.2,39.83375
2020-03-21 06:00:00,32.0,22.19,27.515
2020-03-22 06:00:00,35.6,23.18,30.41
2020-03-23 06:00:00,46.4,28.58,34.9625
2020-03-24 06:00:00,45.23,26.42,35.5175
2020-03-25 06:00:00,58.64,28.49,44.49125
2020-03-26 06:00:00,49.73,36.05,42.713753
2020-03-27 06:00:00,48.92,33.98,42.07625
2020-03-28 06:00:00,62.510002,43.52,51.17
2020-03-29 06:00:00,60.89,42.260002,48.03125
2020-03-30 06:00:00,51.35,36.14,43.01375
2020-03-31 06:00:00,39.920002,33.98,36.9875
2020-04-01 06:00:00,50.45,32.45,39.4775
2020-04-02 06:00:00,54.95,32.09,42.425
2020-04-03 06:00:00,65.3,40.82,52.79
2020-04-04 06:00:00,50.09,31.73,41.1575
2020-04-05 06:00:00,48.02,29.66,37.805
2020-04-06 06:00:00,58.730003,29.48,45.98
2020-04-07 06:00:00,74.48,52.79,61.868748
2020-04-08 06:00:00,66.380005,45.86,53.525
2020-04-09 06:00:00,46.67,34.61,41.416252
2020-04-10 06:00:00,49.190002,31.01,39.605
2020-04-11 06:00:00,61.79,35.69,49.71875
2020-04-12 06:00:00,68.36,44.78,55.219997
2020-04-13 06:00:00,53.42,32.36,38.9
2020-04-14 06:00:00,40.1,25.07,32.81375
2020-04-15 06:00:00,38.66,23.09,31.53875
2020-04-16 06:00:00,46.85,22.82,35.1725
2020-04-17 06:00:00,38.48,32.36,34.9025
2020-04-18 06:00:00,55.76,30.29,44.44625
2020-04-19 06:00:00,59.269997,34.16,46.808746
2020-04-20 06:00:00,60.260002,32.36,47.705
2020-04-21 06:00:00,48.2,32.36,40.463753
2020-04-22 06:00:00,59.36,31.64,45.67625
2020-04-23 06:00:00,61.34,40.73,48.60875
2020-04-24 06:00:00,49.37,38.48,43.17875
2020-04-25 06:00:00,43.43,39.11,41.43875
2020-04-26 06:00:00,58.82,37.94,47.135002
2020-04-27 06:00:00,65.119995,33.98,50.975
2020-04-28 06:00:00,73.04,45.14,59.907505
2020-04-29 06:00:00,59.63,41.18,52.013752
2020-04-30 06:00:00,52.88,37.31,44.9375
2020-05-01 06:00:00,65.03,33.26,50.997498
2020-05-02 06:00:00,74.75,53.33,63.32
2020-05-03 06:00:00,68.99,43.97,59.217503
2020-05-04 06:00:00,45.77,37.13,41.16125
2020-05-05 06:00:00,45.86,39.920002,43.1825
2020-05-06 06:00:00,58.46,36.14,48.353752
2020-05-07 06:00:00,63.68,41.45,50.877502
2020-05-08 06:00:00,41.18,29.39,37.298748
2020-05-09 06:00:00,54.68,25.79,42.97625
2020-05-10 06:00:00,49.46,36.32,43.681248
2020-05-11 06:00:00,47.84,36.32,42.098747
2020-05-12 06:00:00,60.35,35.87,46.445
2020-05-13 06:00:00,64.76,39.29,53.54
2020-05-14 06:00:00,70.61,50.63,60.3275
2020-05-15 06:00:00,76.55,46.67,63.4325
2020-05-16 06:00:00,61.79,45.41,52.88375
2020-05-17 06:00:00,68.0,51.8,59.57375
2020-05-18 06:00:00,67.46,51.53,58.302498
2020-05-19 06:00:00,60.71,50.18,53.885002
2020-05-20 06:00:00,63.769997,50.18,56.165005
2020-05-21 06:00:00,66.83,48.559998,58.3775
2020-05-22 06:00:00,66.83,51.35,58.846252
2020-05-23 06:00:00,75.29,52.16,64.369995
2020-05-24 06:00:00,86.9,59.63,73.276245
2020-05-25 06:00:00,83.21001,66.65,73.759995
2020-05-26 06:00:00,82.67,66.83,74.72749
2020-05-27 06:00:00,81.68,68.27,73.38125
2020-05-28 06:00:00,73.58,64.130005,68.57375
2020-05-29 06:00:00,71.869995,56.75,64.91
2020-05-30 06:00:00,68.54,48.65,58.722496
2020-05-31 06:00:00,65.21,46.309998,54.90875
2020-06-01 06:00:00,70.07,48.92,61.823753
2020-06-02 06:00:00,85.91,66.56,77.03
2020-06-03 06:00:00,78.35,67.82,72.229996
2020-06-04 06:00:00,84.020004,62.42,73.880005
2020-06-05 06:00:00,84.65,63.05,75.06125
2020-06-06 06:00:00,73.31,54.95,64.55
2020-06-07 06:00:00,74.84,53.33,64.25
2020-06-08 06:00:00,84.560005,60.08,73.628746
2020-06-09 06:00:00,86.72,67.46,76.096245
2020-06-10 06:00:00,82.22,61.16,72.755005
2020-06-11 06:00:00,76.73,57.11,67.90625
2020-06-12 06:00:00,74.57,53.96,62.127502
2020-06-13 06:00:00,62.96,50.72,56.3975
2020-06-14 06:00:00,65.66,51.71,58.8425
2020-06-15 06:00:00,69.71,49.190002,60.1775
2020-06-16 06:00:00,81.41,52.61,67.55376
2020-06-17 06:00:00,82.94,59.18,71.5625
2020-06-18 06:00:00,85.55,59.989998,73.2425
2020-06-19 06:00:00,90.05,62.42,78.36125
2020-06-20 06:00:00,86.36,65.3,76.04375
2020-06-21 06:00:00,80.06,68.36,72.9875
2020-06-22 06:00:00,82.22,66.56,71.45
2020-06-23 06:00:00,75.11,59.0,66.957504
2020-06-24 06:00:00,76.91,58.280003,66.762505
2020-06-25 06:00:00,81.32,58.64,70.7675
2020-06-26 06:00:00,85.82,62.69,73.22749
2020-06-27 06:00:00,86.18,70.16,77.378746
2020-06-28 06:00:00,81.41,68.36,73.70376
2020-06-29 06:00:00,87.26,66.65,75.732506
2020-06-30 06:00:00,84.560005,70.07,76.64
2020-07-01 06:00:00,84.560005,67.28,75.7775
2020-07-02 06:00:00,86.53999,65.21,75.66125
2020-07-03 06:00:00,87.53,61.88,75.98375
2020-07-04 06:00:00,85.01,66.47,75.10251
2020-07-05 06:00:00,87.35,62.87,77.3225
2020-07-06 06:00:00,90.5,68.54,81.18875
2020-07-07 06:00:00,91.76,70.7,81.380005
2020-07-08 06:00:00,88.88,72.14,80.00375
2020-07-09 06:00:00,91.22,73.76,80.899994
2020-07-10 06:00:00,84.2,69.619995,75.732506
2020-07-11 06:00:00,85.28,67.01,75.95375
2020-07-12 06:00:00,75.02,62.780003,70.4225
2020-07-13 06:00:00,79.52,58.91,70.3625
2020-07-14 06:00:00,85.37,61.16,74.363754
2020-07-15 06:00:00,85.1,68.54,75.99126
2020-07-16 06:00:00,81.32,67.19,72.755005
2020-07-17 06:00:00,85.91,63.95,75.7775
2020-07-18 06:00:00,90.86,71.51,80.761246
2020-07-19 06:00:00,86.99,70.7,78.77374
2020-07-20 06:00:00,85.46001,67.55,74.98625
2020-07-21 06:00:00,82.31,66.56,74.048744
2020-07-22 06:00:00,83.66,69.8,75.604996
2020-07-23 06:00:00,79.880005,63.230003,70.636246
2020-07-24 06:00:00,80.6,60.44,72.14375
2020-07-25 06:00:00,88.61,64.94,77.90376
2020-07-26 06:00:00,90.770004,72.32,81.6125
2020-07-27 06:00:00,84.11,69.35,76.71125
2020-07-28 06:00:00,84.560005,65.84,76.20875
2020-07-29 06:00:00,84.83,70.52,76.39625
2020-07-30 06:00:00,78.89,66.11,72.485
2020-07-31 06:00:00,77.81,65.21,71.19499
2020-08-01 06:00:00,73.85,64.94,69.95
2020-08-02 06:00:00,81.86,65.75,71.386246
2020-08-03 06:00:00,70.25,59.9,64.45625
2020-08-04 06:00:00,71.33,54.86,63.93125
2020-08-05 06:00:00,74.119995,52.34,64.77875
2020-08-06 06:00:00,76.91,55.4,67.89125
2020-08-07 06:00:00,80.96,57.38,71.018745
2020-08-08 06:00:00,87.439995,64.31,76.32125
2020-08-09 06:00:00,90.229996,70.880005,79.4825
2020-08-10 06:00:00,84.92,68.0,75.1475
2020-08-11 06:00:00,80.96,63.32,71.65625
2020-08-12 06:00:00,81.05,59.09,70.838745
2020-08-13 06:00:00,82.31,64.94,73.189995
2020-08-14 06:00:00,85.01,64.58,74.723755
2020-08-15 06:00:00,87.17,66.2,75.80376
2020-08-16 06:00:00,82.94,62.33,72.792496
2020-08-17 06:00:00,80.69,64.85,73.0925
2020-08-18 06:00:00,74.3,61.88,69.01625
2020-08-19 06:00:00,79.7,57.65,68.735
2020-08-20 06:00:00,84.38,59.269997,71.94125
2020-08-21 06:00:00,85.91,62.15,74.090004
2020-08-22 06:00:00,86.9,63.14,75.2
2020-08-23 06:00:00,87.979996,65.75,76.11125
2020-08-24 06:00:00,93.83,68.630005,81.395
2020-08-25 06:00:00,84.38,69.53,76.088745
2020-08-26 06:00:00,91.310005,70.07,81.387505
2020-08-27 06:00:00,90.59,74.75,80.59624
2020-08-28 06:00:00,88.25,73.130005,79.41125
2020-08-29 06:00:00,79.880005,62.69,72.45875
2020-08-30 06:00:00,73.76,60.980003,67.6625
2020-08-31 06:00:00,84.47,61.25,73.025
2020-09-01 06:00:00,74.39,65.48,68.945
2020-09-02 06:00:00,84.020004,64.85,73.35876
2020-09-03 06:00:00,85.28,62.780003,72.5975
2020-09-04 06:00:00,77.630005,53.78,65.6525
2020-09-05 06:00:00,79.97,61.34,70.08875
2020-09-06 06:00:00,82.130005,59.36,68.80625
2020-09-07 06:00:00,74.66,60.980003,68.28875
2020-09-08 06:00:00,64.76,59.45,61.295
2020-09-09 06:00:00,65.119995,58.730003,60.661255
2020-09-10 06:00:00,64.04,58.1,60.301254
2020-09-11 06:00:00,66.02,59.36,62.83625
2020-09-12 06:00:00,73.04,61.16,65.5925
2020-09-13 06:00:00,75.11,57.47,64.835
2020-09-14 06:00:00,72.05,55.04,63.503746
2020-09-15 06:00:00,76.64,56.12,65.978745
2020-09-16 06:00:00,80.15,59.09,69.24126
2020-09-17 06:00:00,66.11,56.21,62.123745
2020-09-18 06:00:00,58.1,45.5,54.376247
2020-09-19 06:00:00,62.06,42.71,52.45625
2020-09-20 06:00:00,68.9,45.59,57.36875
2020-09-21 06:00:00,73.49,50.27,61.141254
2020-09-22 06:00:00,76.28,53.059998,64.1675
2020-09-23 06:00:00,75.92,56.03,65.847496
2020-09-24 06:00:00,76.19,56.21,66.27125
2020-09-25 06:00:00,78.53,56.75,68.1725
2020-09-26 06:00:00,81.05,62.06,71.45375
2020-09-27 06:00:00,76.01,56.66,67.621254
2020-09-28 06:00:00,62.96,49.91,55.64375
2020-09-29 06:00:00,59.36,44.96,52.77125
2020-09-30 06:00:00,64.4,49.73,55.7825
2020-10-01 06:00:00,57.02,45.05,50.206253
2020-10-02 06:00:00,55.4,42.35,47.693752
2020-10-03 06:00:00,56.21,40.55,48.4475
2020-10-04 06:00:00,54.23,38.03,46.197502
2020-10-05 06:00:00,59.36,35.33,48.942497
2020-10-06 06:00:00,70.7,50.18,59.907494
2020-10-07 06:00:00,72.05,55.309998,63.4175
2020-10-08 06:00:00,67.91,45.68,55.4675
2020-10-09 06:00:00,78.35,49.73,65.67125
2020-10-10 06:00:00,75.29,54.95,63.923748
2020-10-11 06:00:00,66.74,54.86,61.328747
2020-10-12 06:00:00,70.880005,49.91,59.086254
2020-10-13 06:00:00,68.45,45.5,55.692497
2020-10-14 06:00:00,72.05,43.25,58.94375
2020-10-15 06:00:00,60.89,40.73,50.3375
2020-10-16 06:00:00,51.440002,37.13,44.026253
2020-10-17 06:00:00,61.79,35.69,50.487503
2020-10-18 06:00:00,56.57,37.13,46.52375
2020-10-19 06:00:00,49.1,36.68,41.045
2020-10-20 06:00:00,51.08,35.510002,44.63
2020-10-21 06:00:00,56.66,45.41,50.0
2020-10-22 06:00:00,74.75,49.01,61.655003
2020-10-23 06:00:00,69.17,38.03,53.15375
2020-10-24 06:00:00,45.23,32.45,38.84
2020-10-25 06:00:00,46.49,38.03,42.00875
2020-10-26 06:00:00,39.11,34.61,36.35
2020-10-27 06:00:00,37.85,33.08,35.5025
2020-10-28 06:00:00,50.99,30.2,39.62375
2020-10-29 06:00:00,46.940002,36.23,41.3825
2020-10-30 06:00:00,42.260002,28.85,34.32875
2020-10-31 06:00:00,55.49,29.119999,44.033752
2020-11-01 06:00:00,53.87,29.3,37.6175
2020-11-02 06:00:00,48.2,25.25,37.26125
2020-11-03 06:00:00,63.769997,39.2,51.2075
2020-11-04 06:00:00,68.09,51.08,59.47625
2020-11-05 06:00:00,66.11,54.05,59.603752
2020-11-06 06:00:00,69.98,49.46,59.135
2020-11-07 06:00:00,68.630005,52.34,59.43875
2020-11-08 06:00:00,73.58,55.13,64.291245
2020-11-09 06:00:00,72.14,62.510002,67.67375
2020-11-10 06:00:00,72.68,43.25,64.61375
2020-11-11 06:00:00,45.5,33.71,38.47625
2020-11-12 06:00:00,51.89,32.54,41.7725
2020-11-13 06:00:00,43.16,26.15,34.8125
2020-11-14 06:00:00,49.91,24.8,38.28125
2020-11-15 06:00:00,53.42,32.81,43.17875
2020-11-16 06:00:00,45.23,29.66,37.25
2020-11-17 06:00:00,40.190002,27.14,33.3725
2020-11-18 06:00:00,49.190002,26.779999,39.3275
2020-11-19 06:00:00,63.59,47.39,56.255
2020-11-20 06:00:00,57.47,45.95,53.011253
2020-11-21 06:00:00,44.96,34.43,39.33875
2020-11-22 06:00:00,45.32,38.75,41.510002
2020-11-23 06:00:00,43.61,33.08,38.71625
2020-11-24 06:00:00,42.98,32.36,37.73
2020-11-25 06:00:00,45.59,42.260002,43.87625
2020-11-26 06:00:00,46.85,36.14,41.46125
2020-11-27 06:00:00,45.95,30.47,38.329998
2020-11-28 06:00:00,48.74,26.51,37.59875
2020-11-29 06:00:00,48.2,36.41,41.225
2020-11-30 06:00:00,36.23,28.22,31.03625
2020-12-01 06:00:00,33.98,23.36,27.69125
2020-12-02 06:00:00,46.4,24.26,32.49125
2020-12-03 06:00:00,43.43,27.77,34.6475
2020-12-04 06:00:00,44.33,32.09,35.78
2020-12-05 06:00:00,38.75,27.95,33.46625
2020-12-06 06:00:00,37.04,31.73,34.1075
2020-12-07 06:00:00,36.95,30.56,33.83
2020-12-08 06:00:00,37.489998,29.03,33.23375
2020-12-09 06:00:00,50.809998,32.0,38.105
2020-12-10 06:00:00,51.440002,29.48,39.305
2020-12-11 06:00:00,42.17,34.79,39.20375
2020-12-12 06:00:00,39.29,31.37,36.56375
2020-12-13 06:00:00,35.239998,23.81,28.53875
2020-12-14 06:00:00,29.75,20.75,25.16
2020-12-15 06:00:00,31.91,18.77,25.80125
2020-12-16 06:00:00,32.99,27.59,30.57875
2020-12-17 06:00:00,36.05,25.16,31.40375
2020-12-18 06:00:00,36.86,23.0,29.6525
2020-12-19 06:00:00,45.23,32.99,38.19125
2020-12-20 06:00:00,39.2,31.28,34.1675
2020-12-21 06:00:00,45.59,30.83,37.22
2020-12-22 06:00:00,40.91,27.86,35.77625
2020-12-23 06:00:00,54.23,27.5,45.515
2020-12-24 06:00:00,23.45,11.390001,16.632502
2020-12-25 06:00:00,21.83,7.700001,15.12125
2020-12-26 06:00:00,34.16,18.32,23.9225
2020-12-27 06:00:00,46.309998,22.19,33.44375
2020-12-28 06:00:00,32.0,21.56,27.8525
2020-12-29 06:00:00,30.56,17.33,24.9875
2020-12-30 06:00:00,35.78,23.18,30.4175
2020-12-31 06:00:00,29.93,17.15,23.907501
2021-01-01 06:00:00,33.26,24.529999,29.8325
2021-01-02 06:00:00,33.35,27.23,30.84125
2021-01-03 06:00:00,34.97,23.81,30.661251
2021-01-04 06:00:00,32.27,21.29,25.70375
2021-01-05 06:00:00,36.41,20.66,26.86625
2021-01-06 06:00:00,35.78,23.720001,30.67625
2021-01-07 06:00:00,36.68,26.779999,32.84375
2021-01-08 06:00:00,33.8,27.14,31.49375
2021-01-09 06:00:00,35.42,25.34,28.58375
2021-01-10 06:00:00,29.21,23.9,26.795
2021-01-11 06:00:00,29.66,22.1,25.411251
2021-01-12 06:00:00,38.93,25.34,30.30125
2021-01-13 06:00:00,42.8,29.66,35.48
2021-01-14 06:00:00,41.09,29.03,34.7225
2021-01-15 06:00:00,37.13,25.43,32.3375
2021-01-16 06:00:00,37.94,25.07,32.78375
2021-01-17 06:00:00,33.35,25.34,30.38375
2021-01-18 06:00:00,30.65,22.1,26.07125
2021-01-19 06:00:00,30.92,17.33,24.31625
2021-01-20 06:00:00,33.53,7.9699993,22.823751
2021-01-21 06:00:00,39.56,30.65,34.25375
2021-01-22 06:00:00,29.119999,12.92,16.771252
2021-01-23 06:00:00,31.28,11.48,21.413748
2021-01-24 06:00:00,36.41,26.96,30.11
2021-01-25 06:00:00,33.62,26.96,30.196249
2021-01-26 06:00:00,30.65,22.37,28.4375
2021-01-27 06:00:00,26.689999,9.68,19.677502
2021-01-28 06:00:00,22.46,1.1300011,10.415001
2021-01-29 06:00:00,28.94,2.0300026,17.483751
2021-01-30 06:00:00,33.62,24.17,28.775
2021-01-31 06:00:00,31.55,29.119999,30.5
2021-02-01 06:00:00,30.83,21.02,27.63125
2021-02-02 06:00:00,32.45,17.869999,24.728748
2021-02-03 06:00:00,32.45,10.67,21.7025
2021-02-04 06:00:00,35.239998,22.19,30.48125
2021-02-05 06:00:00,20.3,6.619999,11.697498
2021-02-06 06:00:00,11.84,0.13999939,6.6987553
2021-02-07 06:00:00,4.369999,-10.93,-2.5975037
2021-02-08 06:00:00,13.280001,-7.239998,5.138752
2021-02-09 06:00:00,14.27,-2.380001,4.6174984
2021-02-10 06:00:00,16.07,0.049999237,8.3337555
2021-02-11 06:00:00,17.509998,0.13999939,10.220001
2021-02-12 06:00:00,16.97,6.619999,11.80625
2021-02-13 06:00:00,11.57,-3.2800026,5.0375004
2021-02-14 06:00:00,3.380001,-8.950001,-2.5337448
2021-02-15 06:00:00,12.02,-2.0199966,4.534998
2021-02-16 06:00:00,19.76,6.799999,12.78125
2021-02-17 06:00:00,20.3,1.1300011,12.125
2021-02-18 06:00:00,24.71,12.109999,18.278751
2021-02-19 06:00:00,19.31,6.080002,13.715
2021-02-20 06:00:00,25.61,-1.6599998,13.5275
2021-02-21 06:00:00,36.5,14.09,25.5725
2021-02-22 06:00:00,37.4,26.869999,32.825
2021-02-23 06:00:00,43.79,32.45,37.9925
2021-02-24 06:00:00,44.059998,26.42,37.19
2021-02-25 06:00:00,38.84,17.42,27.39875
2021-02-26 06:00:00,40.82,12.02,28.9775
2021-02-27 06:00:00,49.64,31.1,38.0675
2021-02-28 06:00:00,56.93,31.55,41.6975
2021-03-01 06:00:00,33.98,19.130001,26.73125
2021-03-02 06:00:00,43.7,16.7,30.54875
2021-03-03 06:00:00,57.29,30.29,41.32625
2021-03-04 06:00:00,35.15,24.8,30.3725
2021-03-05 06:00:00,47.75,23.0,33.21875
2021-03-06 06:00:00,45.32,23.63,31.90625
2021-03-07 06:00:00,51.08,22.73,37.14125
2021-03-08 06:00:00,62.06,39.829998,49.793747
2021-03-09 06:00:00,64.4,38.48,52.4375
2021-03-10 06:00:00,68.09,53.42,60.136253
2021-03-11 06:00:00,61.43,39.29,50.3375
2021-03-12 06:00:00,53.6,33.53,41.75
2021-03-13 06:00:00,56.66,26.33,41.74625
2021-03-14 06:00:00,43.7,34.07,39.21875
2021-03-15 06:00:00,37.22,30.74,32.93375
2021-03-16 06:00:00,41.36,29.66,35.07125
2021-03-17 06:00:00,43.25,28.58,34.82375
2021-03-18 06:00:00,42.260002,35.33,37.53875
2021-03-19 06:00:00,42.440002,28.13,35.36
2021-03-20 06:00:00,55.67,26.689999,40.3775
2021-03-21 06:00:00,62.06,34.97,49.096252
2021-03-22 06:00:00,64.130005,45.32,54.68
2021-03-23 06:00:00,64.130005,49.01,54.75875
2021-03-24 06:00:00,59.36,43.79,53.543747
2021-03-25 06:00:00,50.809998,36.23,42.638752
2021-03-26 06:00:00,46.49,33.98,39.59
2021-03-27 06:00:00,65.93,34.07,50.05625
2021-03-28 06:00:00,49.190002,30.2,40.6475
2021-03-29 06:00:00,60.980003,26.33,45.061253
2021-03-30 06:00:00,66.02,45.23,54.829998
2021-03-31 06:00:00,43.07,32.72,37.6925
2021-04-01 06:00:00,38.21,22.91,29.88125
2021-04-02 06:00:00,47.3,22.279999,36.3575
2021-04-03 06:00:00,65.57,36.68,50.997498
2021-04-04 06:00:00,72.41,38.12,56.975
2021-04-05 06:00:00,71.24,53.87,63.52625
2021-04-06 06:00:00,78.26,55.67,67.51625
2021-04-07 06:00:00,78.89,57.47,66.81125
2021-04-08 06:00:00,65.39,50.18,58.32125
2021-04-09 06:00:00,62.239998,48.92,54.38375
2021-04-10 06:00:00,52.16,43.43,48.545
2021-04-11 06:00:00,54.59,38.84,48.17375
2021-04-12 06:00:00,61.7,44.33,52.94375
2021-04-13 06:00:00,54.77,39.74,46.89125
2021-04-14 06:00:00,47.57,33.26,41.6525
2021-04-15 06:00:00,54.77,34.7,43.4675
2021-04-16 06:00:00,54.86,34.07,43.4225
2021-04-17 06:00:00,52.79,34.07,42.63125
2021-04-18 06:00:00,59.09,33.8,47.73125
2021-04-19 06:00:00,50.27,39.65,45.8
2021-04-20 06:00:00,40.91,31.82,37.085
2021-04-21 06:00:00,47.75,27.23,36.39125
2021-04-22 06:00:00,56.21,28.22,43.29875
2021-04-23 06:00:00,58.730003,39.47,49.79
2021-04-24 06:00:00,60.260002,44.78,51.713753
2021-04-25 06:00:00,45.95,37.22,41.43875
2021-04-26 06:00:00,74.93,36.5,58.44125
2021-04-27 06:00:00,82.4,50.99,69.09875
2021-04-28 06:00:00,67.46,44.239998,50.907497
2021-04-29 06:00:00,66.2,44.15,54.353752
2021-04-30 06:00:00,55.58,37.94,47.0075
2021-05-01 06:00:00,78.8,38.03,60.98
2021-05-02 06:00:00,80.869995,61.34,70.74875
2021-05-03 06:00:00,75.65,58.1,65.045
2021-05-04 06:00:00,56.84,44.78,53.011253
2021-05-05 06:00:00,58.1,39.56,49.31
2021-05-06 06:00:00,52.88,41.9,47.25125
2021-05-07 06:00:00,58.730003,36.95,47.02625
2021-05-08 06:00:00,51.98,34.97,43.925
2021-05-09 06:00:00,53.42,38.66,44.3975
2021-05-10 06:00:00,50.63,36.5,43.3025
2021-05-11 06:00:00,52.16,33.44,43.79
2021-05-12 06:00:00,60.35,34.61,48.00875
2021-05-13 06:00:00,68.0,37.489998,53.76875
2021-05-14 06:00:00,68.9,42.89,57.769997
2021-05-15 06:00:00,62.42,47.93,56.254997
2021-05-16 06:00:00,73.31,46.58,60.901253
2021-05-17 06:00:00,69.619995,52.97,61.2575
2021-05-18 06:00:00,75.74,55.76,65.465004
2021-05-19 06:00:00,78.26,62.780003,68.536255
2021-05-20 06:00:00,83.21001,65.21,74.6225
2021-05-21 06:00:00,84.28999,67.01,75.3875
2021-05-22 06:00:00,86.270004,65.75,76.77875
2021-05-23 06:00:00,82.94,55.22,70.174995
2021-05-24 06:00:00,89.51,54.95,73.7375
2021-05-25 06:00:00,84.38,66.83,74.96749
2021-05-26 06:00:00,81.05,54.77,70.36624
2021-05-27 06:00:00,56.93,49.1,52.4825
2021-05-28 06:00:00,48.92,43.879997,46.6325
2021-05-29 06:00:00,59.81,42.53,50.809998
2021-05-30 06:00:00,68.27,39.920002,56.041252
2021-05-31 06:00:00,71.51,52.16,61.445004
2021-06-01 06:00:00,75.65,49.64,63.466248
2021-06-02 06:00:00,76.19,53.059998,65.472496
2021-06-03 06:00:00,85.28,51.89,71.94875
2021-06-04 06:00:00,91.49,66.92,79.62875
2021-06-05 06:00:00,91.85,68.09,81.515
2021-06-06 06:00:00,89.24,70.25,79.76375
2021-06-07 06:00:00,78.98,68.9,72.365005
2021-06-08 06:00:00,84.92,67.1,75.21875
2021-06-09 06:00:00,83.84,64.31,73.3175
2021-06-10 06:00:00,85.729996,62.87,74.19876
2021-06-11 06:00:00,91.939995,65.48,79.0475
2021-06-12 06:00:00,89.87,64.76,76.8125
2021-06-13 06:00:00,84.65,65.03,75.92
2021-06-14 06:00:00,82.31,63.05,72.395
2021-06-15 06:00:00,77.09,59.719997,67.441246
2021-06-16 06:00:00,77.27,56.12,66.08
2021-06-17 06:00:00,91.58,53.24,75.777504
2021-06-18 06:00:00,94.01,68.27,81.53374
2021-06-19 06:00:00,92.93,63.230003,76.04
2021-06-20 06:00:00,87.8,60.17,72.86
2021-06-21 06:00:00,72.68,56.57,66.822495
2021-06-22 06:00:00,73.76,52.61,64.11125
2021-06-23 06:00:00,79.25,61.519997,69.00875
2021-06-24 06:00:00,77.36,67.82,71.90375
2021-06-25 06:00:00,79.880005,69.26,72.75126
2021-06-26 06:00:00,79.97,70.97,74.198746
2021-06-27 06:00:00,82.58,67.64,75.065
2021-06-28 06:00:00,78.08,66.56,72.47375
2021-06-29 06:00:00,81.68,70.61,74.408745
2021-06-30 06:00:00,80.33,69.35,73.69625
2021-07-01 06:00:00,71.78,57.2,66.537506
2021-07-02 06:00:00,70.52,55.4,63.0425
2021-07-03 06:00:00,85.55,55.76,72.45125
2021-07-04 06:00:00,89.060005,68.27,78.695
2021-07-05 06:00:00,89.96001,70.97,80.99375
2021-07-06 06:00:00,89.6,74.3,81.33501
2021-07-07 06:00:00,85.01,66.11,75.32375
2021-07-08 06:00:00,69.08,61.07,63.84875
2021-07-09 06:00:00,74.03,57.65,66.252495
2021-07-10 06:00:00,74.119995,60.89,67.76375
2021-07-11 06:00:00,69.71,63.230003,65.70125
2021-07-12 06:00:00,74.48,63.59,67.808754
2021-07-13 06:00:00,78.89,65.84,71.082504
2021-07-14 06:00:00,85.28,65.93,75.8675
2021-07-15 06:00:00,77.99,66.2,73.246254
2021-07-16 06:00:00,71.42,65.39,67.53124
2021-07-17 06:00:00,75.11,65.21,69.36125
2021-07-18 06:00:00,79.61,63.95,71.378746
2021-07-19 06:00:00,81.5,61.43,72.395
2021-07-20 06:00:00,88.25,64.22,73.5125
2021-07-21 06:00:00,73.85,62.239998,67.38875
2021-07-22 06:00:00,83.39,61.519997,73.00625
2021-07-23 06:00:00,86.99,70.43,78.47
2021-07-24 06:00:00,89.6,72.32,80.8775
2021-07-25 06:00:00,91.03999,68.9,80.04875
2021-07-26 06:00:00,91.22,65.48,79.31374
2021-07-27 06:00:00,90.41,69.53,79.17125
2021-07-28 06:00:00,88.88,73.58,81.48875
2021-07-29 06:00:00,89.24,67.01,78.604996
2021-07-30 06:00:00,71.33,62.42,66.698746
2021-07-31 06:00:00,82.67,57.739998,71.13125
2021-08-01 06:00:00,74.84,60.8,68.41625
2021-08-02 06:00:00,74.39,57.559998,67.35875
2021-08-03 06:00:00,79.52,58.91,70.317505
2021-08-04 06:00:00,81.5,60.35,72.166245
2021-08-05 06:00:00,85.28,60.980003,74.596245
2021-08-06 06:00:00,77.99,66.47,71.10125
2021-08-07 06:00:00,85.91,65.39,76.32125
2021-08-08 06:00:00,87.979996,73.49,79.77875
2021-08-09 06:00:00,81.05,70.52,73.66625
2021-08-10 06:00:00,91.4,69.08,78.2525
2021-08-11 06:00:00,89.51,72.68,78.09501
2021-08-12 06:00:00,90.05,72.23,79.38501
2021-08-13 06:00:00,83.119995,68.0,74.45
2021-08-14 06:00:00,77.9,61.519997,70.28375
2021-08-15 06:00:00,78.26,58.64,68.645004
2021-08-16 06:00:00,77.630005,60.44,69.815
2021-08-17 06:00:00,80.6,63.05,72.908745
2021-08-18 06:00:00,83.3,68.630005,75.2
2021-08-19 06:00:00,85.01,67.73,75.6275
2021-08-20 06:00:00,84.92,67.369995,76.5125
2021-08-21 06:00:00,86.810005,70.7,78.1325
2021-08-22 06:00:00,79.79,64.58,71.941246
2021-08-23 06:00:00,88.34,62.69,75.575005
2021-08-24 06:00:00,88.7,71.33,77.1575
2021-08-25 06:00:00,92.3,72.23,80.04875
2021-08-26 06:00:00,87.89,70.43,77.8925
2021-08-27 06:00:00,90.32,70.25,80.1425
2021-08-28 06:00:00,90.59,72.77,79.80124
2021-08-29 06:00:00,87.17,72.5,79.30625
2021-08-30 06:00:00,84.38,64.31,74.14625
2021-08-31 06:00:00,81.05,61.79,72.48875
2021-09-01 06:00:00,74.75,64.49,69.875
2021-09-02 06:00:00,77.18,61.519997,69.316246
2021-09-03 06:00:00,76.73,59.36,68.39
2021-09-04 06:00:00,77.27,62.69,69.53749
2021-09-05 06:00:00,81.23,59.54,70.7225
2021-09-06 06:00:00,80.42,60.35,69.875
2021-09-07 06:00:00,86.18,63.769997,72.106255
2021-09-08 06:00:00,76.73,59.45,67.61
2021-09-09 06:00:00,73.49,56.57,65.1725
2021-09-10 06:00:00,78.35,55.76,67.895004
2021-09-11 06:00:00,86.9,64.76,74.997505
2021-09-12 06:00:00,89.51,65.75,75.3725
2021-09-13 06:00:00,86.18,66.380005,74.36
2021-09-14 06:00:00,86.53999,63.86,75.92375
2021-09-15 06:00:00,75.2,58.91,66.47
2021-09-16 06:00:00,80.51,55.13,68.1125
2021-09-17 06:00:00,87.17,61.79,73.93251
2021-09-18 06:00:00,75.11,63.32,68.96001
2021-09-19 06:00:00,86.53999,61.969997,74.82124
2021-09-20 06:00:00,81.41,68.09,73.36625
2021-09-21 06:00:00,72.77,60.44,66.28625
2021-09-22 06:00:00,62.87,55.940002,58.70375
2021-09-23 06:00:00,66.56,50.9,58.028748
2021-09-24 06:00:00,75.83,52.79,64.67375
2021-09-25 06:00:00,68.27,48.559998,58.992496
2021-09-26 06:00:00,79.79,56.75,68.56625
2021-09-27 06:00:00,85.37,62.87,71.2325
2021-09-28 06:00:00,71.06,58.19,64.29125
2021-09-29 06:00:00,78.08,54.23,65.8475
2021-09-30 06:00:00,77.54,55.58,66.695
2021-10-01 06:00:00,85.189995,59.0,71.941246
2021-10-02 06:00:00,74.39,66.380005,69.237495
2021-10-03 06:00:00,74.119995,63.68,67.4375
2021-10-04 06:00:00,68.9,61.16,64.6025
2021-10-05 06:00:00,65.119995,60.17,63.12875
2021-10-06 06:00:00,68.27,61.16,64.4075
2021-10-07 06:00:00,73.4,62.780003,66.39125
2021-10-08 06:00:00,73.31,59.63,64.7975
2021-10-09 06:00:00,78.08,58.280003,68.5625
2021-10-10 06:00:00,77.9,69.08,72.496254
2021-10-11 06:00:00,74.75,61.969997,70.388756
2021-10-12 06:00:00,70.52,54.23,63.29
2021-10-13 06:00:00,71.69,52.88,62.378746
2021-10-14 06:00:00,68.9,53.96,63.96875
2021-10-15 06:00:00,59.54,51.35,55.38125
2021-10-16 06:00:00,57.83,44.510002,51.166252
2021-10-17 06:00:00,63.68,42.71,52.576252
2021-10-18 06:00:00,68.81,43.07,54.841248
2021-10-19 06:00:00,68.18,50.63,58.546253
2021-10-20 06:00:00,70.16,51.98,61.872505
2021-10-21 06:00:00,63.05,48.38,53.1725
2021-10-22 06:00:00,55.58,40.55,47.7275
2021-10-23 06:00:00,54.23,37.489998,45.35375
2021-10-24 06:00:00,49.1,39.2,45.99875
2021-10-25 06:00:00,51.17,47.84,49.175
2021-10-26 06:00:00,55.58,40.28,47.54
2021-10-27 06:00:00,53.87,37.85,47.127502
2021-10-28 06:00:00,54.77,46.85,51.66875
2021-10-29 06:00:00,54.14,52.34,53.255
2021-10-30 06:00:00,58.82,45.14,52.79375
2021-10-31 06:00:00,52.61,38.93,46.595
2021-11-01 06:00:00,47.66,34.61,40.715
2021-11-02 06:00:00,44.87,31.37,37.33625
2021-11-03 06:00:00,43.7,26.6,34.80125
2021-11-04 06:00:00,46.309998,26.689999,36.67625
2021-11-05 06:00:00,50.27,31.91,40.0325
2021-11-06 06:00:00,55.940002,36.77,46.4075
2021-11-07 06:00:00,62.239998,43.07,52.295002
2021-11-08 06:00:00,63.14,47.93,53.5625
2021-11-09 06:00:00,56.3,42.620003,50.84375
2021-11-10 06:00:00,55.04,40.010002,49.3025
2021-11-11 06:00:00,55.04,41.809998,50.416252
2021-11-12 06:00:00,42.8,34.34,38.37875
2021-11-13 06:00:00,40.55,33.8,36.87875
2021-11-14 06:00:00,37.58,29.66,34.93625
2021-11-15 06:00:00,34.07,25.07,30.91625
2021-11-16 06:00:00,52.34,27.41,40.0775
2021-11-17 06:00:00,60.530003,42.17,52.699997
2021-11-18 06:00:00,39.74,28.76,33.57125
2021-11-19 06:00:00,37.85,23.36,31.33625
2021-11-20 06:00:00,47.21,34.88,39.85625
2021-11-21 06:00:00,52.7,28.49,39.826252
2021-11-22 06:00:00,33.71,21.83,27.245
2021-11-23 06:00:00,42.08,20.84,31.7225
2021-11-24 06:00:00,50.18,35.33,43.7825
2021-11-25 06:00:00,47.48,21.92,37.403748
2021-11-26 06:00:00,31.73,18.23,24.35
2021-11-27 06:00:00,39.02,27.77,32.495
2021-11-28 06:00:00,36.41,25.07,30.22625
2021-11-29 06:00:00,39.38,23.09,32.28125
2021-11-30 06:00:00,48.02,30.380001,37.74875
2021-12-01 06:00:00,50.809998,31.55,41.915
2021-12-02 06:00:00,55.309998,35.06,47.60375
2021-12-03 06:00:00,48.29,35.239998,41.4575
2021-12-04 06:00:00,39.56,30.29,35.0075
2021-12-05 06:00:00,45.14,34.25,37.82375
2021-12-06 06:00:00,36.05,14.990002,27.24125
2021-12-07 06:00:00,25.34,13.1,19.189999
2021-12-08 06:00:00,33.44,20.66,25.4225
2021-12-09 06:00:00,43.879997,24.529999,34.50125
2021-12-10 06:00:00,58.19,30.65,41.195
2021-12-11 06:00:00,57.38,31.01,40.48625
2021-12-12 06:00:00,47.3,30.83,38.87375
2021-12-13 06:00:00,48.47,32.99,39.721252
2021-12-14 06:00:00,50.54,29.93,41.25875
2021-12-15 06:00:00,65.39,49.37,58.801247
2021-12-16 06:00:00,63.05,30.83,43.025
2021-12-17 06:00:00,37.13,23.81,31.20125
2021-12-18 06:00:00,38.12,25.52,34.01375
2021-12-19 06:00:00,35.6,23.81,28.985
2021-12-20 06:00:00,40.64,26.869999,32.45
2021-12-21 06:00:00,39.56,23.81,31.01
2021-12-22 06:00:00,30.83,17.96,23.75
2021-12-23 06:00:00,45.5,24.71,34.74125
2021-12-24 06:00:00,56.93,27.95,45.5
2021-12-25 06:00:00,51.26,30.02,40.805
2021-12-26 06:00:00,41.45,27.95,34.41125
2021-12-27 06:00:00,49.37,30.29,38.74625
2021-12-28 06:00:00,35.6,27.59,32.375
2021-12-29 06:00:00,35.33,27.95,32.2925
2021-12-30 06:00:00,38.84,28.49,33.74
2021-12-31 06:00:00,42.08,30.56,36.77
2022-01-01 06:00:00,37.04,27.5,32.03375
2022-01-02 06:00:00,27.32,3.8300018,16.756252
2022-01-03 06:00:00,19.4,-2.5600014,9.106251
2022-01-04 06:00:00,33.26,18.23,25.970001
2022-01-05 06:00:00,29.93,8.42,16.047499
2022-01-06 06:00:00,12.380001,2.2999992,8.00375
2022-01-07 06:00:00,11.209999,-5.5300026,2.6375008
2022-01-08 06:00:00,32.99,7.16,21.09125
2022-01-09 06:00:00,33.62,6.169998,19.89125
2022-01-10 06:00:00,13.640001,-4.8100014,7.7037506
2022-01-11 06:00:00,35.69,-4.1800003,18.732498
2022-01-12 06:00:00,38.57,26.869999,32.9225
2022-01-13 06:00:00,41.09,27.5,33.78125
2022-01-14 06:00:00,33.53,25.79,29.8025
2022-01-15 06:00:00,24.98,18.32,22.2425
2022-01-16 06:00:00,29.39,10.219999,21.07625
2022-01-17 06:00:00,28.85,20.21,24.51125
2022-01-18 06:00:00,43.07,19.220001,31.7225
2022-01-19 06:00:00,37.58,10.4,21.62
2022-01-20 06:00:00,18.5,5.450001,11.592503
2022-01-21 06:00:00,25.25,7.34,16.647497
2022-01-22 06:00:00,32.72,18.5,23.51375
2022-01-23 06:00:00,20.48,-0.40000153,13.981251
2022-01-24 06:00:00,27.23,5.99,16.83125
2022-01-25 06:00:00,10.309999,-4.09,2.7462559
2022-01-26 06:00:00,10.309999,-15.34,-1.2887497
2022-01-27 06:00:00,30.2,12.02,23.345
2022-01-28 06:00:00,23.720001,-0.40000153,15.41
2022-01-29 06:00:00,20.66,-5.619999,8.952501
2022-01-30 06:00:00,29.3,1.7600002,17.435001
2022-01-31 06:00:00,31.37,17.06,24.86
2022-02-01 06:00:00,45.23,28.94,37.1975
2022-02-02 06:00:00,31.19,12.559999,19.59125
2022-02-03 06:00:00,22.55,12.559999,18.132496
2022-02-04 06:00:00,22.46,8.690001,15.458752
2022-02-05 06:00:00,16.25,-4.09,8.689999
2022-02-06 06:00:00,31.19,15.98,23.723751
2022-02-07 06:00:00,26.779999,9.23,19.73375
2022-02-08 06:00:00,36.23,3.8300018,23.59625
2022-02-09 06:00:00,40.55,29.66,34.60625
2022-02-10 06:00:00,33.26,24.529999,29.51375
2022-02-11 06:00:00,45.41,27.05,36.33125
2022-02-12 06:00:00,25.61,11.75,17.3075
2022-02-13 06:00:00,20.029999,12.65,15.248753
2022-02-14 06:00:00,28.85,13.640001,20.138748
2022-02-15 06:00:00,43.16,19.49,29.48375
2022-02-16 06:00:00,56.57,39.920002,48.61625
2022-02-17 06:00:00,37.22,16.52,26.67875
2022-02-18 06:00:00,30.65,0.40999985,19.65125
2022-02-19 06:00:00,26.33,6.169998,13.5275
2022-02-20 06:00:00,53.24,15.530001,35.97875
2022-02-21 06:00:00,50.99,28.039999,38.46875
2022-02-22 06:00:00,50.9,22.91,34.36625
2022-02-23 06:00:00,26.6,15.440001,21.3575
2022-02-24 06:00:00,26.96,23.720001,25.212502
2022-02-25 06:00:00,28.58,14.18,23.32625
2022-02-26 06:00:00,35.239998,7.34,22.324999
2022-02-27 06:00:00,43.52,24.08,32.07125
2022-02-28 06:00:00,53.78,23.36,37.22
2022-03-01 06:00:00,49.46,29.57,39.1175
2022-03-02 06:00:00,54.41,26.779999,38.44625
2022-03-03 06:00:00,33.17,23.81,28.94375
2022-03-04 06:00:00,39.920002,22.19,32.21
2022-03-05 06:00:00,67.1,35.69,53.427498
2022-03-06 06:00:00,57.739998,35.33,42.33875
2022-03-07 06:00:00,35.87,24.44,32.14625
2022-03-08 06:00:00,38.39,17.06,28.47875
2022-03-09 06:00:00,41.9,25.7,32.22125
2022-03-10 06:00:00,30.65,21.38,25.16375
2022-03-11 06:00:00,36.05,15.619999,25.0325
2022-03-12 06:00:00,24.44,9.41,16.6775
2022-03-13 06:00:00,52.34,19.4,35.2775
2022-03-14 06:00:00,59.81,31.55,43.415
2022-03-15 06:00:00,51.26,30.29,38.07875
2022-03-16 06:00:00,66.380005,29.84,50.033752
2022-03-17 06:00:00,68.72,42.8,52.50875
2022-03-18 06:00:00,41.9,37.22,39.46625
2022-03-19 06:00:00,41.54,36.14,38.26625
2022-03-20 06:00:00,60.89,30.65,44.802498
2022-03-21 06:00:00,69.619995,39.29,55.021248
2022-03-22 06:00:00,55.76,44.87,50.015
2022-03-23 06:00:00,61.43,45.77,51.41375
2022-03-24 06:00:00,45.86,38.03,41.48375
2022-03-25 06:00:00,48.29,33.53,40.5575
2022-03-26 06:00:00,33.98,26.060001,30.65375
2022-03-27 06:00:00,35.510002,20.39,26.5175
2022-03-28 06:00:00,32.18,21.11,26.09
2022-03-29 06:00:00,41.0,26.15,34.60625
2022-03-30 06:00:00,57.739998,40.370003,51.76625
2022-03-31 06:00:00,48.92,33.08,38.53625
2022-04-01 06:00:00,44.78,26.42,34.83125
2022-04-02 06:00:00,40.73,29.119999,34.5425
2022-04-03 06:00:00,49.91,31.01,39.41375
2022-04-04 06:00:00,53.33,38.21,45.69125
2022-04-05 06:00:00,51.440002,31.64,43.1525
2022-04-06 06:00:00,56.39,41.27,49.85375
2022-04-07 06:00:00,46.49,36.86,41.04125
2022-04-08 06:00:00,38.57,32.18,36.155
2022-04-09 06:00:00,47.84,27.59,36.5825
2022-04-10 06:00:00,59.45,27.86,47.31125
2022-04-11 06:00:00,58.64,39.829998,52.497498
2022-04-12 06:00:00,67.64,34.25,54.66125
2022-04-13 06:00:00,71.51,40.82,61.58375
2022-04-14 06:00:00,48.83,33.8,42.4475
2022-04-15 06:00:00,52.34,36.86,43.52
2022-04-16 06:00:00,46.67,29.48,37.31
2022-04-17 06:00:00,41.27,25.7,34.70375
2022-04-18 06:00:00,44.059998,32.9,36.43625
2022-04-19 06:00:00,50.99,31.73,40.85
2022-04-20 06:00:00,51.71,37.489998,45.552498
2022-04-21 06:00:00,66.56,44.15,55.167496
2022-04-22 06:00:00,58.55,44.239998,50.6825
2022-04-23 06:00:00,79.79,58.19,69.706245
2022-04-24 06:00:00,71.24,53.87,66.41375
2022-04-25 06:00:00,52.79,40.1,48.1175
2022-04-26 06:00:00,50.99,33.08,41.5625
2022-04-27 06:00:00,40.010002,29.66,35.146248
2022-04-28 06:00:00,48.65,35.6,43.36625
2022-04-29 06:00:00,61.07,44.33,51.901253
2022-04-30 06:00:00,70.79,49.1,56.825
2022-05-01 06:00:00,55.58,47.48,51.56375
2022-05-02 06:00:00,59.63,45.14,50.6825
2022-05-03 06:00:00,48.92,42.98,45.10625
2022-05-04 06:00:00,52.7,37.13,44.69
2022-05-05 06:00:00,54.14,38.84,46.43375
2022-05-06 06:00:00,48.2,44.690002,46.505
2022-05-07 06:00:00,59.989998,40.55,49.973747
2022-05-08 06:00:00,64.130005,40.010002,54.56375
2022-05-09 06:00:00,76.91,52.07,66.29
2022-05-10 06:00:00,85.46001,65.03,74.948746
2022-05-11 06:00:00,81.23,65.21,72.215004
2022-05-12 06:00:00,86.99,68.0,77.85875
2022-05-13 06:00:00,85.55,63.5,74.2475
2022-05-14 06:00:00,83.3,60.980003,70.23125
2022-05-15 06:00:00,75.11,55.49,66.2975
2022-05-16 06:00:00,73.22,53.33,64.14125
2022-05-17 06:00:00,64.94,48.29,55.501244
2022-05-18 06:00:00,64.67,50.45,55.5125
2022-05-19 06:00:00,82.130005,52.43,69.049995
2022-05-20 06:00:00,86.0,61.88,71.292496
2022-05-21 06:00:00,64.130005,55.85,59.87
2022-05-22 06:00:00,64.04,45.5,55.820004
2022-05-23 06:00:00,57.92,43.79,51.515
2022-05-24 06:00:00,62.239998,46.04,53.761253
2022-05-25 06:00:00,76.46,53.33,64.52375
2022-05-26 06:00:00,74.48,61.25,68.79125
2022-05-27 06:00:00,61.519997,49.46,56.28875
2022-05-28 06:00:00,73.58,45.86,62.153748
2022-05-29 06:00:00,81.23,59.269997,71.4725
2022-05-30 06:00:00,84.2,67.82,76.85375
2022-05-31 06:00:00,82.4,68.09,75.78125
2022-06-01 06:00:00,72.23,56.03,65.506256
2022-06-02 06:00:00,75.92,56.57,65.69
2022-06-03 06:00:00,77.630005,53.059998,65.96
2022-06-04 06:00:00,69.89,49.46,59.8775
2022-06-05 06:00:00,72.77,56.75,64.08501
2022-06-06 06:00:00,80.69,55.4,66.875
2022-06-07 06:00:00,67.1,52.61,58.91
2022-06-08 06:00:00,67.28,53.33,58.921253
2022-06-09 06:00:00,76.64,49.190002,63.45875
2022-06-10 06:00:00,75.2,56.21,64.25375
2022-06-11 06:00:00,72.14,53.059998,64.79375
2022-06-12 06:00:00,65.48,53.059998,59.603752
2022-06-13 06:00:00,84.11,54.05,70.00625
2022-06-14 06:00:00,93.83,68.36,83.948746
2022-06-15 06:00:00,93.020004,77.54,85.87999
2022-06-16 06:00:00,91.03999,70.97,81.0125
2022-06-17 06:00:00,83.75,62.6,73.853745
2022-06-18 06:00:00,68.9,51.8,61.74125
2022-06-19 06:00:00,83.03,50.36,68.82125
2022-06-20 06:00:00,91.310005,63.14,78.121254
2022-06-21 06:00:00,96.62,70.61,83.70125
2022-06-22 06:00:00,89.689995,71.96,80.03
2022-06-23 06:00:00,82.76,62.69,73.2425
2022-06-24 06:00:00,90.770004,61.25,76.771255
2022-06-25 06:00:00,79.16,65.93,71.3
2022-06-26 06:00:00,80.33,63.05,72.9425
2022-06-27 06:00:00,77.54,58.55,66.97625
2022-06-28 06:00:00,83.57,56.66,71.375
2022-06-29 06:00:00,84.560005,64.4,74.693756
2022-06-30 06:00:00,90.86,70.43,80.56249
2022-07-01 06:00:00,81.32,64.94,74.19875
2022-07-02 06:00:00,82.85,62.239998,72.89
2022-07-03 06:00:00,83.479996,61.969997,74.21
2022-07-04 06:00:00,87.439995,64.4,77.494995
2022-07-05 06:00:00,92.84,67.55,78.9125
2022-07-06 06:00:00,78.35,64.22,70.36624
2022-07-07 06:00:00,82.4,63.05,73.3025
2022-07-08 06:00:00,73.49,64.49,69.409996
2022-07-09 06:00:00,73.49,61.61,68.09
2022-07-10 06:00:00,83.75,57.739998,72.237495
2022-07-11 06:00:00,86.0,68.72,76.655
2022-07-12 06:00:00,84.83,67.64,75.37625
2022-07-13 06:00:00,79.07,63.05,70.208755
2022-07-14 06:00:00,76.64,58.46,67.71125
2022-07-15 06:00:00,76.64,60.35,68.1725
2022-07-16 06:00:00,74.39,66.11,69.432495
2022-07-17 06:00:00,77.54,64.58,70.4525
2022-07-18 06:00:00,88.97,64.130005,75.9725
2022-07-19 06:00:00,86.63,67.19,77.8925
2022-07-20 06:00:00,88.78999,75.11,80.26625
2022-07-21 06:00:00,86.72,67.64,77.45
2022-07-22 06:00:00,87.26,66.83,77.652504
2022-07-23 06:00:00,86.09,67.82,77.401245
2022-07-24 06:00:00,86.09,66.92,78.02375
2022-07-25 06:00:00,74.39,63.05,68.7125
2022-07-26 06:00:00,80.51,59.0,70.505005
2022-07-27 06:00:00,83.39,67.28,74.75
2022-07-28 06:00:00,80.6,63.95,72.03125
2022-07-29 06:00:00,78.619995,59.63,69.36875
2022-07-30 06:00:00,80.869995,59.54,71.5925
2022-07-31 06:00:00,83.66,62.15,74.1125
2022-08-01 06:00:00,86.63,69.26,76.865005
2022-08-02 06:00:00,89.87,63.230003,77.442505
2022-08-03 06:00:00,90.5,72.77,78.575
2022-08-04 06:00:00,80.15,66.29,72.97625
2022-08-05 06:00:00,83.39,64.85,75.09125
2022-08-06 06:00:00,90.68,70.25,80.85875
2022-08-07 06:00:00,83.66,73.49,77.127495
2022-08-08 06:00:00,84.560005,64.94,73.009995
2022-08-09 06:00:00,72.5,59.81,66.4625
2022-08-10 06:00:00,83.75,57.29,70.895
2022-08-11 06:00:00,74.84,60.08,69.58625
2022-08-12 06:00:00,74.84,58.55,67.52375
2022-08-13 06:00:00,79.7,60.62,70.235
2022-08-14 06:00:00,73.130005,65.48,69.19625
2022-08-15 06:00:00,74.57,63.05,68.465
2022-08-16 06:00:00,75.92,61.34,68.776245
2022-08-17 06:00:00,77.72,59.18,68.36375
2022-08-18 06:00:00,81.77,58.010002,70.8725
2022-08-19 06:00:00,83.21001,64.94,73.763756
2022-08-20 06:00:00,79.79,64.94,69.98375
2022-08-21 06:00:00,74.66,63.95,68.6075
2022-08-22 06:00:00,79.25,61.07,69.3125
2022-08-23 06:00:00,82.130005,60.8,71.51
2022-08-24 06:00:00,82.76,60.980003,72.5675
2022-08-25 06:00:00,83.119995,63.86,71.1875
2022-08-26 06:00:00,74.03,61.25,67.74875
2022-08-27 06:00:00,80.06,59.09,69.21875
2022-08-28 06:00:00,87.53,66.92,75.46251
2022-08-29 06:00:00,88.7,70.52,77.056244
2022-08-30 06:00:00,79.79,64.4,71.348755
2022-08-31 06:00:00,83.93,61.07,72.19626
2022-09-01 06:00:00,86.0,66.2,76.09625
2022-09-02 06:00:00,86.09,68.45,76.021255
2022-09-03 06:00:00,83.03,63.68,71.765
2022-09-04 06:00:00,72.77,63.68,67.666245
2022-09-05 06:00:00,69.619995,64.85,66.92
2022-09-06 06:00:00,76.55,64.58,68.99
2022-09-07 06:00:00,77.54,62.06,69.6125
2022-09-08 06:00:00,81.14,57.02,69.25624
2022-09-09 06:00:00,82.22,58.010002,69.96875
2022-09-10 06:00:00,83.3,58.82,71.61875
2022-09-11 06:00:00,67.46,56.48,63.844997
2022-09-12 06:00:00,65.57,53.059998,58.1
2022-09-13 06:00:00,77.36,57.38,66.035
2022-09-14 06:00:00,77.72,55.76,65.14625
2022-09-15 06:00:00,79.97,58.91,68.978745
2022-09-16 06:00:00,81.86,62.780003,71.91501
2022-09-17 06:00:00,85.1,66.65,74.39375
2022-09-18 06:00:00,83.75,67.73,74.277504
2022-09-19 06:00:00,74.93,59.269997,67.692505
2022-09-20 06:00:00,87.26,58.730003,71.997505
2022-09-21 06:00:00,83.03,60.980003,74.817505
2022-09-22 06:00:00,63.769997,50.18,56.945
2022-09-23 06:00:00,63.32,47.3,55.89875
2022-09-24 06:00:00,70.07,53.059998,60.44375
2022-09-25 06:00:00,67.55,53.96,60.380005
2022-09-26 06:00:00,60.980003,49.73,55.100002
2022-09-27 06:00:00,57.47,44.87,51.079998
2022-09-28 06:00:00,58.010002,44.15,50.09375
2022-09-29 06:00:00,60.260002,42.89,50.99
2022-09-30 06:00:00,63.41,41.45,52.392498
2022-10-01 06:00:00,65.66,48.559998,56.9675
2022-10-02 06:00:00,62.06,52.52,56.75375
2022-10-03 06:00:00,64.76,44.059998,54.035004
2022-10-04 06:00:00,71.24,41.72,56.6825
2022-10-05 06:00:00,73.04,47.03,59.17625
2022-10-06 06:00:00,73.67,51.53,59.7575
2022-10-07 06:00:00,53.96,37.94,47.6
2022-10-08 06:00:00,55.49,34.25,45.73625
2022-10-09 06:00:00,65.48,42.89,53.07125
2022-10-10 06:00:00,70.25,42.71,54.56375
2022-10-11 06:00:00,71.869995,49.64,59.510002
2022-10-12 06:00:00,68.72,50.09,58.786247
2022-10-13 06:00:00,53.24,36.86,45.44
2022-10-14 06:00:00,58.37,35.510002,45.02375
2022-10-15 06:00:00,52.16,34.61,43.86125
2022-10-16 06:00:00,53.51,38.21,46.771248
2022-10-17 06:00:00,41.809998,34.61,38.38625
2022-10-18 06:00:00,45.68,32.54,39.24125
2022-10-19 06:00:00,45.86,31.55,38.44625
2022-10-20 06:00:00,57.92,32.81,43.61375
2022-10-21 06:00:00,70.79,42.35,57.1625
2022-10-22 06:00:00,75.92,56.66,65.92249
2022-10-23 06:00:00,74.66,59.989998,68.112495
2022-10-24 06:00:00,73.76,63.230003,68.9975
2022-10-25 06:00:00,68.45,46.309998,57.447506
2022-10-26 06:00:00,53.6,38.93,45.642498
2022-10-27 06:00:00,50.9,34.61,43.985
2022-10-28 06:00:00,56.93,38.93,46.25375
2022-10-29 06:00:00,61.7,36.05,47.723747
2022-10-30 06:00:00,60.8,41.72,50.528748
2022-10-31 06:00:00,57.83,49.190002,53.806248
2022-11-01 06:00:00,65.93,43.16,52.3025
2022-11-02 06:00:00,68.81,42.89,55.32875
2022-11-03 06:00:00,70.34,51.62,61.036255
2022-11-04 06:00:00,70.16,61.79,66.23
2022-11-05 06:00:00,68.45,43.97,55.816254
2022-11-06 06:00:00,60.44,43.79,51.275
2022-11-07 06:00:00,52.25,37.13,44.8625
2022-11-08 06:00:00,50.72,42.17,46.82
2022-11-09 06:00:00,68.36,45.32,57.39875
2022-11-10 06:00:00,72.32,60.08,64.97
2022-11-11 06:00:00,59.54,31.64,44.033752
2022-11-12 06:00:00,37.67,28.76,33.51875
2022-11-13 06:00:00,36.95,25.25,30.098751
2022-11-14 06:00:00,39.920002,22.64,32.00375
2022-11-15 06:00:00,36.05,32.9,34.43
2022-11-16 06:00:00,35.69,26.689999,32.465
2022-11-17 06:00:00,34.79,25.880001,29.885
2022-11-18 06:00:00,27.41,20.12,24.646252
2022-11-19 06:00:00,29.84,17.06,22.171251
2022-11-20 06:00:00,32.9,13.640001,23.35625
2022-11-21 06:00:00,45.14,27.41,33.8825
2022-11-22 06:00:00,48.83,26.42,35.603752
2022-11-23 06:00:00,52.34,29.21,40.778748
2022-11-24 06:00:00,52.43,36.41,43.70375
2022-11-25 06:00:00,50.09,31.01,39.86
2022-11-26 06:00:00,52.07,34.43,42.151253
2022-11-27 06:00:00,43.79,32.72,40.53125
2022-11-28 06:00:00,46.49,24.8,36.47375
2022-11-29 06:00:00,57.83,36.68,46.692497
2022-11-30 06:00:00,33.71,19.94,25.73
2022-12-01 06:00:00,35.239998,17.869999,26.195
2022-12-02 06:00:00,50.72,32.72,43.25375
2022-12-03 06:00:00,48.83,20.57,28.26125
2022-12-04 06:00:00,37.85,19.94,28.358751
2022-12-05 06:00:00,42.17,28.58,35.146248
2022-12-06 06:00:00,43.7,32.63,38.6375
2022-12-07 06:00:00,45.14,29.84,37.625
2022-12-08 06:00:00,41.629997,30.11,36.39875
2022-12-09 06:00:00,36.41,33.8,35.0075
2022-12-10 06:00:00,39.29,35.239998,37.2425
2022-12-11 06:00:00,39.56,35.6,37.2875
2022-12-12 06:00:00,41.989998,32.63,37.4825
2022-12-13 06:00:00,38.03,31.55,35.3525
2022-12-14 06:00:00,45.59,35.06,38.915
2022-12-15 06:00:00,38.3,29.119999,34.50125
2022-12-16 06:00:00,31.46,25.25,28.78625
2022-12-17 06:00:00,27.05,20.66,24.154999
2022-12-18 06:00:00,23.45,12.469999,18.2675
2022-12-19 06:00:00,26.6,7.9699993,18.057499
2022-12-20 06:00:00,35.96,18.859999,26.817501
2022-12-21 06:00:00,29.93,12.65,22.08875
2022-12-22 06:00:00,33.98,-5.5300026,19.141249
2022-12-23 06:00:00,-1.2999992,-12.189999,-5.5825005
2022-12-24 06:00:00,14.809999,-2.290001,6.3650017
2022-12-25 06:00:00,14.18,2.5699978,8.686249
2022-12-26 06:00:00,23.81,9.859999,16.377499
2022-12-27 06:00:00,26.42,8.240002,16.90625
2022-12-28 06:00:00,45.41,25.07,36.5825
2022-12-29 06:00:00,56.84,42.89,50.33375
2022-12-30 06:00:00,53.87,27.32,39.51875
2022-12-31 06:00:00,38.03,24.08,30.29
2023-01-01 06:00:00,47.57,32.45,37.99625
2023-01-02 06:00:00,41.809998,30.11,35.5025
2023-01-03 06:00:00,49.01,38.03,42.74375
2023-01-04 06:00:00,44.78,31.19,34.9325
2023-01-05 06:00:00,33.44,30.47,31.77875
2023-01-06 06:00:00,33.17,25.7,30.3275
2023-01-07 06:00:00,33.17,21.2,27.841251
2023-01-08 06:00:00,34.61,22.91,29.36375
2023-01-09 06:00:00,42.71,22.91,32.041252
2023-01-10 06:00:00,46.04,30.83,36.87875
2023-01-11 06:00:00,52.43,32.09,41.94125
2023-01-12 06:00:00,41.18,34.7,36.96875
2023-01-13 06:00:00,34.16,25.7,30.0575
2023-01-14 06:00:00,32.63,19.58,25.66625
2023-01-15 06:00:00,42.620003,24.529999,33.14375
2023-01-16 06:00:00,48.38,37.22,41.96
2023-01-17 06:00:00,47.21,35.15,39.90125
2023-01-18 06:00:00,39.74,31.82,35.675
2023-01-19 06:00:00,40.370003,33.98,37.11125
2023-01-20 06:00:00,33.8,24.26,31.1975
2023-01-21 06:00:00,36.05,26.33,29.96
2023-01-22 06:00:00,34.61,26.96,30.16625
2023-01-23 06:00:00,30.92,19.220001,25.72625
2023-01-24 06:00:00,37.85,24.35,30.785
2023-01-25 06:00:00,34.43,28.49,31.5875
2023-01-26 06:00:00,30.2,17.33,25.865
2023-01-27 06:00:00,36.95,10.130001,23.438751
2023-01-28 06:00:00,29.3,13.1,22.591251
2023-01-29 06:00:00,29.75,15.08,23.678751
2023-01-30 06:00:00,14.27,-4.3600006,8.3675
2023-01-31 06:00:00,11.209999,-10.209999,0.3125
2023-02-01 06:00:00,26.779999,0.8600006,14.768747
2023-02-02 06:00:00,31.19,9.23,21.695
2023-02-03 06:00:00,11.93,-3.459999,5.112499
2023-02-04 06:00:00,40.190002,10.4,26.88875
2023-02-05 06:00:00,42.08,24.26,34.5575
2023-02-06 06:00:00,44.6,20.48,33.35
2023-02-07 06:00:00,50.54,27.86,40.34375
2023-02-08 06:00:00,44.510002,24.08,33.335
2023-02-09 06:00:00,42.35,34.79,36.7175
2023-02-10 06:00:00,36.32,23.0,31.6325
2023-02-11 06:00:00,44.87,21.56,32.06375
2023-02-12 06:00:00,49.73,28.13,38.09
2023-02-13 06:00:00,49.28,31.73,39.47
2023-02-14 06:00:00,54.59,32.27,43.89125
2023-02-15 06:00:00,49.1,31.82,42.3275
2023-02-16 06:00:00,34.25,24.08,30.94625
2023-02-17 06:00:00,24.62,14.450001,19.44875
2023-02-18 06:00:00,44.6,20.93,34.392498
2023-02-19 06:00:00,50.36,36.59,42.11
2023-02-20 06:00:00,43.97,24.44,35.70875
2023-02-21 06:00:00,37.489998,23.9,31.415
2023-02-22 06:00:00,33.35,30.92,32.4875
2023-02-23 06:00:00,41.54,23.27,33.93125
2023-02-24 06:00:00,27.14,19.220001,23.58875
2023-02-25 06:00:00,39.02,26.33,31.18625
2023-02-26 06:00:00,49.55,26.24,34.925
2023-02-27 06:00:00,58.82,36.59,45.06125
2023-02-28 06:00:00,51.17,30.92,39.68
2023-03-01 06:00:00,56.84,33.53,43.955
2023-03-02 06:00:00,38.48,29.3,34.59875
2023-03-03 06:00:00,37.489998,29.21,33.51125
2023-03-04 06:00:00,49.64,27.59,37.1
2023-03-05 06:00:00,46.940002,29.66,37.9175
2023-03-06 06:00:00,57.559998,37.85,43.962498
2023-03-07 06:00:00,42.260002,32.36,36.92
2023-03-08 06:00:00,41.989998,31.73,36.71375
2023-03-09 06:00:00,39.2,33.44,35.5625
2023-03-10 06:00:00,35.87,31.28,33.26
2023-03-11 06:00:00,39.74,30.83,34.11875
2023-03-12 06:00:00,38.03,26.689999,33.0275
2023-03-13 06:00:00,33.17,24.44,28.53125
2023-03-14 06:00:00,36.77,16.79,25.6775
2023-03-15 06:00:00,49.1,21.470001,36.605
2023-03-16 06:00:00,51.62,38.84,44.62625
2023-03-17 06:00:00,46.22,20.93,33.08375
2023-03-18 06:00:00,26.779999,11.48,19.5275
2023-03-19 06:00:00,41.27,17.33,29.0075
2023-03-20 06:00:00,48.74,27.5,38.55875
2023-03-21 06:00:00,52.7,33.35,42.32
2023-03-22 06:00:00,56.03,38.66,45.7475
2023-03-23 06:00:00,45.95,33.35,39.7625
2023-03-24 06:00:00,43.07,32.9,37.835
2023-03-25 06:00:00,42.260002,32.99,36.079998
2023-03-26 06:00:00,48.02,27.68,37.12625
2023-03-27 06:00:00,43.97,26.96,35.10875
2023-03-28 06:00:00,49.64,25.52,37.59875
2023-03-29 06:00:00,40.46,23.0,33.72125
2023-03-30 06:00:00,52.07,22.73,38.5925
2023-03-31 06:00:00,68.99,48.83,58.399998
2023-04-01 06:00:00,48.65,28.22,39.23
2023-04-02 06:00:00,53.51,25.79,41.5775
2023-04-03 06:00:00,58.64,41.0,48.22625
2023-04-04 06:00:00,71.15,41.27,53.98625
2023-04-05 06:00:00,70.25,37.13,57.912502
2023-04-06 06:00:00,50.99,31.01,40.58
2023-04-07 06:00:00,47.21,32.09,38.85875
2023-04-08 06:00:00,60.530003,33.8,47.07875
2023-04-09 06:00:00,64.94,35.33,50.97125
2023-04-10 06:00:00,67.1,42.08,54.62375
2023-04-11 06:00:00,72.77,47.93,61.1375
2023-04-12 06:00:00,75.92,55.13,66.07625
2023-04-13 06:00:00,76.82,51.8,65.42375
2023-04-14 06:00:00,79.7,48.559998,65.4125
2023-04-15 06:00:00,78.35,59.719997,67.996254
2023-04-16 06:00:00,59.989998,34.43,46.43
2023-04-17 06:00:00,41.09,31.55,35.7275
2023-04-18 06:00:00,54.86,29.03,42.33125
2023-04-19 06:00:00,61.88,36.05,48.522503
2023-04-20 06:00:00,78.35,47.57,63.754997
2023-04-21 06:00:00,59.54,39.829998,49.4975
2023-04-22 06:00:00,45.14,35.42,39.98375
2023-04-23 06:00:00,43.07,33.71,38.855
2023-04-24 06:00:00,51.53,31.19,42.11
2023-04-25 06:00:00,46.04,32.27,39.2375
2023-04-26 06:00:00,48.02,31.01,39.35375
2023-04-27 06:00:00,63.86,30.56,47.72375
2023-04-28 06:00:00,57.2,39.38,47.97125
2023-04-29 06:00:00,57.47,36.77,47.146248
2023-04-30 06:00:00,46.85,36.86,41.59625
2023-05-01 06:00:00,46.4,38.03,41.58875
2023-05-02 06:00:00,52.79,39.11,45.93875
2023-05-03 06:00:00,56.03,34.16,44.588753
2023-05-04 06:00:00,69.35,37.760002,54.552498
2023-05-05 06:00:00,76.1,50.09,63.751247
2023-05-06 06:00:00,78.619995,54.95,65.67874
2023-05-07 06:00:00,81.05,48.92,65.88875
2023-05-08 06:00:00,58.010002,46.4,50.408752
2023-05-09 06:00:00,66.11,44.510002,54.792503
2023-05-10 06:00:00,74.84,41.809998,58.887505
2023-05-11 06:00:00,79.52,50.54,64.9325
2023-05-12 06:00:00,73.67,56.03,63.33125
2023-05-13 06:00:00,65.21,52.88,58.092503
2023-05-14 06:00:00,59.18,49.01,54.38375
2023-05-15 06:00:00,62.239998,45.32,53.7725
2023-05-16 06:00:00,77.09,45.95,59.60375
2023-05-17 06:00:00,58.82,42.53,50.1275
2023-05-18 06:00:00,71.42,41.09,58.37
2023-05-19 06:00:00,73.67,50.9,64.02125
2023-05-20 06:00:00,67.19,45.41,57.06125
2023-05-21 06:00:00,77.18,51.8,63.515
2023-05-22 06:00:00,79.16,51.89,65.427505
2023-05-23 06:00:00,83.03,55.85,68.28875
2023-05-24 06:00:00,65.75,47.48,57.844997
2023-05-25 06:00:00,58.46,45.41,51.5375
2023-05-26 06:00:00,66.47,44.33,55.87625
2023-05-27 06:00:00,71.06,45.41,59.933754
2023-05-28 06:00:00,77.54,50.45,64.253746
2023-05-29 06:00:00,80.869995,50.99,66.63875
2023-05-30 06:00:00,85.91,54.77,71.27375
2023-05-31 06:00:00,90.59,59.63,73.37749
2023-06-01 06:00:00,89.42,61.25,74.57
2023-06-02 06:00:00,87.8,59.63,73.4675
2023-06-03 06:00:00,85.189995,59.81,70.902504
2023-06-04 06:00:00,77.630005,57.2,67.67
2023-06-05 06:00:00,81.32,51.71,67.055
2023-06-06 06:00:00,76.01,56.66,64.56125
2023-06-07 06:00:00,70.7,53.33,61.872505
2023-06-08 06:00:00,71.06,51.71,60.826252
2023-06-09 06:00:00,78.98,50.63,65.52875
2023-06-10 06:00:00,84.83,57.29,72.106255
2023-06-11 06:00:00,60.62,49.1,55.767498
2023-06-12 06:00:00,68.27,45.32,57.518753
2023-06-13 06:00:00,66.2,53.24,60.207497
2023-06-14 06:00:00,73.31,56.3,62.94875
2023-06-15 06:00:00,81.23,51.62,62.480003
2023-06-16 06:00:00,66.380005,50.809998,57.78875
2023-06-17 06:00:00,77.36,49.28,64.08501
2023-06-18 06:00:00,82.94,55.85,69.972496
2023-06-19 06:00:00,81.86,59.81,71.015
2023-06-20 06:00:00,78.8,58.730003,68.911255
2023-06-21 06:00:00,84.11,59.0,71.363754
2023-06-22 06:00:00,81.77,62.87,71.6075
2023-06-23 06:00:00,82.76,59.54,71.63374
2023-06-24 06:00:00,89.689995,59.9,76.2725
2023-06-25 06:00:00,83.93,66.02,74.8625
2023-06-26 06:00:00,77.0,66.02,70.8425
2023-06-27 06:00:00,75.47,58.37,67.22749
2023-06-28 06:00:00,82.94,54.32,69.740005
2023-06-29 06:00:00,88.25,66.29,75.8375
2023-06-30 06:00:00,92.479996,69.26,79.066246
2023-07-01 06:00:00,82.49,66.56,71.95625
2023-07-02 06:00:00,69.98,63.32,66.2825
2023-07-03 06:00:00,82.4,60.89,71.63374
2023-07-04 06:00:00,89.060005,64.49,76.86125
2023-07-05 06:00:00,90.32,69.8,76.24999
2023-07-06 06:00:00,78.17,62.6,70.44125
2023-07-07 06:00:00,77.81,60.71,69.32375
2023-07-08 06:00:00,73.130005,60.980003,66.61625
2023-07-09 06:00:00,81.95,60.62,71.35625
2023-07-10 06:00:00,85.1,60.71,73.865005
2023-07-11 06:00:00,84.28999,63.5,70.715
2023-07-12 06:00:00,78.89,59.989998,67.3175
2023-07-13 06:00:00,76.64,57.559998,67.39625
2023-07-14 06:00:00,86.45,66.56,75.12125
2023-07-15 06:00:00,84.92,68.45,75.03875
2023-07-16 06:00:00,81.95,64.22,72.901245
2023-07-17 06:00:00,79.61,62.96,70.835
2023-07-18 06:00:00,77.72,59.09,68.42375
2023-07-19 06:00:00,83.03,56.93,71.097496
2023-07-20 06:00:00,85.189995,65.75,74.255
2023-07-21 06:00:00,77.9,62.87,69.829994
2023-07-22 06:00:00,83.119995,61.79,71.68625
2023-07-23 06:00:00,84.38,62.42,73.2575
2023-07-24 06:00:00,86.09,65.03,74.3825
2023-07-25 06:00:00,89.96001,64.04,77.35625
2023-07-26 06:00:00,89.51,72.32,78.28999
2023-07-27 06:00:00,87.8,67.82,79.325
2023-07-28 06:00:00,91.49,70.61,77.975
2023-07-29 06:00:00,78.53,64.31,72.62376
2023-07-30 06:00:00,76.55,61.88,69.323746
2023-07-31 06:00:00,80.869995,58.55,69.99125
2023-08-01 06:00:00,82.94,61.79,73.13375
2023-08-02 06:00:00,83.479996,63.95,74.37125
2023-08-03 06:00:00,86.45,63.769997,75.503746
2023-08-04 06:00:00,81.86,66.380005,73.61374
2023-08-05 06:00:00,72.5,65.39,69.57125
2023-08-06 06:00:00,72.32,64.4,68.213745
2023-08-07 06:00:00,75.92,63.59,69.56375
2023-08-08 06:00:00,83.21001,61.43,72.098755
2023-08-09 06:00:00,80.69,62.510002,71.26625
2023-08-10 06:00:00,83.57,61.7,72.65375
2023-08-11 06:00:00,82.130005,66.83,72.9875
2023-08-12 06:00:00,84.11,68.18,75.32
2023-08-13 06:00:00,78.89,62.6,69.57124
2023-08-14 06:00:00,73.67,61.43,67.47125
2023-08-15 06:00:00,73.76,57.92,66.1325
2023-08-16 06:00:00,79.97,56.75,69.1175
2023-08-17 06:00:00,78.35,60.260002,69.89375
2023-08-18 06:00:00,77.0,55.940002,66.293755
2023-08-19 06:00:00,81.23,59.54,71.03
2023-08-20 06:00:00,87.439995,68.27,76.82375
2023-08-21 06:00:00,77.72,65.66,71.566246
2023-08-22 06:00:00,86.63,65.75,76.61375
2023-08-23 06:00:00,98.42,76.28,86.840004
2023-08-24 06:00:00,99.14,75.11,86.46124
2023-08-25 06:00:00,78.619995,68.81,72.886246
2023-08-26 06:00:00,72.41,61.519997,68.3075
2023-08-27 06:00:00,71.869995,59.0,65.307495
2023-08-28 06:00:00,77.27,56.39,67.9925
2023-08-29 06:00:00,83.119995,62.6,70.51625
2023-08-30 06:00:00,66.83,55.309998,61.280003
2023-08-31 06:00:00,74.48,53.690002,64.05125
2023-09-01 06:00:00,82.4,54.5,68.76125
2023-09-02 06:00:00,88.25,62.69,75.2825
2023-09-03 06:00:00,93.65,68.72,80.3375
2023-09-04 06:00:00,92.75,70.880005,81.575005
2023-09-05 06:00:00,90.05,74.48,81.237495
2023-09-06 06:00:00,83.75,67.82,75.286255
2023-09-07 06:00:00,71.869995,63.5,66.96125
2023-09-08 06:00:00,65.66,59.269997,62.652496
2023-09-09 06:00:00,71.96,55.4,62.675
2023-09-10 06:00:00,79.79,51.89,66.16625
2023-09-11 06:00:00,65.3,60.71,63.275
2023-09-12 06:00:00,69.619995,54.32,60.63125
2023-09-13 06:00:00,66.11,52.07,58.1825
2023-09-14 06:00:00,69.53,48.47,59.47625
2023-09-15 06:00:00,75.380005,49.46,62.7275
2023-09-16 06:00:00,65.3,56.66,60.785
2023-09-17 06:00:00,65.3,55.49,59.48
2023-09-18 06:00:00,67.91,51.26,59.49875
2023-09-19 06:00:00,66.2,54.86,61.032497
2023-09-20 06:00:00,78.619995,60.260002,67.8875
2023-09-21 06:00:00,75.2,62.239998,66.78875
2023-09-22 06:00:00,75.2,62.239998,68.371254
2023-09-23 06:00:00,74.75,60.62,67.955
2023-09-24 06:00:00,74.03,54.86,64.655
2023-09-25 06:00:00,73.130005,60.62,66.07625
2023-09-26 06:00:00,72.68,61.34,64.7225
2023-09-27 06:00:00,69.17,60.62,63.781246
2023-09-28 06:00:00,69.619995,58.010002,63.0875
2023-09-29 06:00:00,73.85,55.85,63.7175
2023-09-30 06:00:00,80.33,56.39,67.996254
2023-10-01 06:00:00,81.23,59.81,68.87
2023-10-02 06:00:00,82.4,57.92,70.11125
2023-10-03 06:00:00,82.49,58.82,71.64874
2023-10-04 06:00:00,81.86,68.72,74.33751
2023-10-05 06:00:00,72.05,57.83,65.524994
2023-10-06 06:00:00,60.260002,45.5,51.829998
2023-10-07 06:00:00,56.66,43.43,49.26125
2023-10-08 06:00:00,54.05,43.07,48.53
2023-10-09 06:00:00,54.5,40.010002,46.985
2023-10-10 06:00:00,59.18,40.28,49.22
2023-10-11 06:00:00,62.780003,38.75,51.875004
2023-10-12 06:00:00,58.55,52.88,55.688747
2023-10-13 06:00:00,56.75,53.690002,54.938747
2023-10-14 06:00:00,54.41,48.11,52.13375
2023-10-15 06:00:00,57.92,44.96,51.13625
2023-10-16 06:00:00,55.22,40.1,49.861248
2023-10-17 06:00:00,60.08,36.95,47.92625
2023-10-18 06:00:00,64.85,44.059998,55.160004
2023-10-19 06:00:00,61.61,51.53,55.591255
2023-10-20 06:00:00,58.280003,44.510002,51.93875
2023-10-21 06:00:00,63.769997,40.46,51.05
2023-10-22 06:00:00,55.58,38.21,45.69125
2023-10-23 06:00:00,62.239998,39.02,52.65875
2023-10-24 06:00:00,76.55,58.19,66.965004
2023-10-25 06:00:00,64.76,59.54,62.4575
2023-10-26 06:00:00,67.46,62.6,64.636246
2023-10-27 06:00:00,69.8,42.440002,60.860004
2023-10-28 06:00:00,48.29,37.67,43.677498
2023-10-29 06:00:00,46.49,36.68,43.54625
2023-10-30 06:00:00,39.74,27.41,34.1825
2023-10-31 06:00:00,36.59,26.33,31.91375
2023-11-01 06:00:00,41.09,24.529999,33.57875
2023-11-02 06:00:00,50.63,30.92,41.3825
2023-11-03 06:00:00,53.15,43.25,47.86625
2023-11-04 06:00:00,56.03,36.86,46.42625
2023-11-05 06:00:00,57.11,34.07,46.3625
2023-11-06 06:00:00,67.73,50.27,58.17125
2023-11-07 06:00:00,53.15,40.28,46.93625
2023-11-08 06:00:00,57.02,44.96,49.73375
2023-11-09 06:00:00,53.690002,38.21,45.7625
2023-11-10 06:00:00,45.86,33.17,41.300003
2023-11-11 06:00:00,48.74,27.32,38.791252
2023-11-12 06:00:00,53.059998,39.29,46.1675
2023-11-13 06:00:00,58.55,37.489998,47.3675
2023-11-14 06:00:00,56.48,31.46,43.864998
2023-11-15 06:00:00,60.260002,41.989998,48.76625
2023-11-16 06:00:00,62.239998,43.97,53.982502
2023-11-17 06:00:00,59.269997,31.37,46.655
2023-11-18 06:00:00,49.82,28.13,38.708748
2023-11-19 06:00:00,51.08,32.54,42.065002
2023-11-20 06:00:00,46.22,41.9,43.850002
2023-11-21 06:00:00,42.89,35.42,40.62875
2023-11-22 06:00:00,45.32,32.99,37.97
2023-11-23 06:00:00,45.77,32.36,37.83125
2023-11-24 06:00:00,31.82,24.17,28.1525
2023-11-25 06:00:00,35.42,25.07,29.4875
2023-11-26 06:00:00,33.35,26.15,30.335
2023-11-27 06:00:00,27.41,16.07,22.925
2023-11-28 06:00:00,24.529999,12.740002,17.723751
2023-11-29 06:00:00,42.620003,18.41,29.7125
2023-11-30 06:00:00,50.18,30.65,39.725002
2023-12-01 06:00:00,41.0,37.13,39.5825
2023-12-02 06:00:00,42.71,35.6,38.9825
2023-12-03 06:00:00,38.66,33.62,36.9275
2023-12-04 06:00:00,40.370003,27.32,33.8225
2023-12-05 06:00:00,40.1,30.56,34.45625
2023-12-06 06:00:00,37.58,28.31,33.58625
2023-12-07 06:00:00,50.99,33.98,42.271248
2023-12-08 06:00:00,55.67,45.14,49.79
2023-12-09 06:00:00,52.97,35.510002,46.204998
2023-12-10 06:00:00,35.6,28.58,33.15875
2023-12-11 06:00:00,34.7,25.52,29.6225
2023-12-12 06:00:00,35.96,24.71,31.04375
2023-12-13 06:00:00,38.84,20.66,29.585001
2023-12-14 06:00:00,47.57,29.39,36.84875
2023-12-15 06:00:00,50.36,33.71,40.6475
2023-12-16 06:00:00,42.89,39.2,41.39375
2023-12-17 06:00:00,43.34,35.6,41.2025
2023-12-18 06:00:00,35.42,19.76,28.175
2023-12-19 06:00:00,32.63,17.869999,25.355001
2023-12-20 06:00:00,42.17,25.25,31.835001
2023-12-21 06:00:00,41.809998,30.11,36.3875
2023-12-22 06:00:00,45.14,36.32,42.18125
2023-12-23 06:00:00,48.74,41.989998,44.735
2023-12-24 06:00:00,58.91,43.61,49.87625
2023-12-25 06:00:00,53.059998,48.29,51.22625
2023-12-26 06:00:00,52.88,28.58,39.14375
2023-12-27 06:00:00,40.73,26.869999,34.45625
2023-12-28 06:00:00,39.2,33.26,37.103752
2023-12-29 06:00:00,39.29,28.22,36.7925
2023-12-30 06:00:00,42.260002,26.060001,32.24
2023-12-31 06:00:00,33.8,28.67,31.44125
2024-01-01 06:00:00,33.71,24.44,29.03
2024-01-02 06:00:00,36.32,22.91,28.82
2024-01-03 06:00:00,35.78,27.32,31.775
2024-01-04 06:00:00,34.61,21.83,26.723751
2024-01-05 06:00:00,36.68,21.2,28.835
2024-01-06 06:00:00,32.18,29.57,30.605
2024-01-07 06:00:00,34.7,23.99,30.45125
2024-01-08 06:00:00,35.96,22.73,30.66875
2024-01-09 06:00:00,33.62,32.45,33.14
2024-01-10 06:00:00,32.0,26.96,29.62625
2024-01-11 06:00:00,32.18,18.41,27.08
2024-01-12 06:00:00,36.86,26.6,32.8325
2024-01-13 06:00:00,31.91,0.40999985,19.14125
2024-01-14 06:00:00,-1.1199989,-13.540001,-9.414997
2024-01-15 06:00:00,-2.1100006,-16.150002,-8.631248
2024-01-16 06:00:00,-0.66999817,-10.209999,-4.1237526
2024-01-17 06:00:00,17.33,-1.2099991,8.206249
2024-01-18 06:00:00,23.720001,10.309999,17.465
2024-01-19 06:00:00,11.84,3.6499996,9.012503
2024-01-20 06:00:00,16.97,2.119999,7.534998
2024-01-21 06:00:00,20.57,-4.09,9.226248
2024-01-22 06:00:00,32.72,18.5,28.14875
2024-01-23 06:00:00,34.52,30.65,32.58125
2024-01-24 06:00:00,37.22,32.09,34.13
2024-01-25 06:00:00,40.46,32.18,35.6525
2024-01-26 06:00:00,39.47,34.61,36.545
2024-01-27 06:00:00,39.11,31.82,35.495
2024-01-28 06:00:00,39.02,32.63,35.8175
2024-01-29 06:00:00,43.7,26.42,33.81125
2024-01-30 06:00:00,41.629997,31.1,35.86625
2024-01-31 06:00:00,45.23,28.039999,35.8325
2024-02-01 06:00:00,53.33,33.35,38.83625
2024-02-02 06:00:00,39.11,28.67,33.5225
2024-02-03 06:00:00,41.36,27.05,32.17625
2024-02-04 06:00:00,41.72,28.76,33.3725
2024-02-05 06:00:00,38.75,27.41,32.165
2024-02-06 06:00:00,48.65,26.869999,34.94
2024-02-07 06:00:00,47.21,28.58,37.54625
2024-02-08 06:00:00,58.19,39.74,49.9025
2024-02-09 06:00:00,54.77,35.510002,45.515
2024-02-10 06:00:00,40.91,27.05,33.16625
2024-02-11 06:00:00,40.370003,23.45,30.61625
2024-02-12 06:00:00,43.52,23.0,32.15375
2024-02-13 06:00:00,40.55,25.7,31.75625
2024-02-14 06:00:00,44.33,23.99,34.11875
2024-02-15 06:00:00,41.809998,28.22,36.02375
2024-02-16 06:00:00,30.83,20.029999,27.4925
2024-02-17 06:00:00,29.119999,12.740002,20.427502
2024-02-18 06:00:00,43.79,22.91,31.265
2024-02-19 06:00:00,49.01,19.94,32.84
2024-02-20 06:00:00,54.23,25.43,39.74375
2024-02-21 06:00:00,58.46,37.85,47.36
2024-02-22 06:00:00,55.4,38.39,46.43375
2024-02-23 06:00:00,50.63,26.869999,37.36625
2024-02-24 06:00:00,33.35,22.82,27.80375
2024-02-25 06:00:00,56.39,28.76,41.333748
2024-02-26 06:00:00,65.57,34.52,50.517498
2024-02-27 06:00:00,70.7,50.99,58.475006
2024-02-28 06:00:00,48.74,20.39,28.07375
2024-02-29 06:00:00,42.17,18.859999,30.55625
2024-03-01 06:00:00,43.879997,28.85,36.260002
2024-03-02 06:00:00,56.75,29.39,43.38125
2024-03-03 06:00:00,67.91,41.27,54.78875
2024-03-04 06:00:00,71.51,46.22,60.065
2024-03-05 06:00:00,45.59,38.39,41.045
2024-03-06 06:00:00,46.13,35.87,40.64
2024-03-07 06:00:00,49.64,30.83,40.838753
2024-03-08 06:00:00,43.34,39.02,41.68625
2024-03-09 06:00:00,44.510002,32.09,38.510002
2024-03-10 06:00:00,45.41,26.96,34.94375
2024-03-11 06:00:00,61.7,29.57,46.925
2024-03-12 06:00:00,66.29,46.58,56.333748
2024-03-13 06:00:00,63.230003,44.15,52.178753
2024-03-14 06:00:00,64.49,38.57,47.11625
2024-03-15 06:00:00,51.53,33.98,40.17875
2024-03-16 06:00:00,56.93,37.67,45.9125
2024-03-17 06:00:00,40.55,27.68,34.0175
2024-03-18 06:00:00,37.31,22.19,29.341251
2024-03-19 06:00:00,54.77,27.23,39.548748
2024-03-20 06:00:00,39.74,23.63,33.695
2024-03-21 06:00:00,38.3,22.46,30.807499
2024-03-22 06:00:00,36.95,30.29,32.88875
2024-03-23 06:00:00,33.62,23.45,29.51
2024-03-24 06:00:00,44.15,29.39,37.31375
2024-03-25 06:00:00,58.64,41.18,50.55875
2024-03-26 06:00:00,54.59,31.73,46.67375
2024-03-27 06:00:00,44.15,27.95,34.65125
2024-03-28 06:00:00,50.54,25.61,37.505
2024-03-29 06:00:00,47.84,26.869999,38.40875
2024-03-30 06:00:00,62.96,36.95,48.63125
2024-03-31 06:00:00,49.01,33.35,41.00375
2024-04-01 06:00:00,50.18,38.66,43.0925
2024-04-02 06:00:00,52.61,35.510002,41.30375
2024-04-03 06:00:00,36.14,34.25,35.3225
2024-04-04 06:00:00,39.74,33.35,36.5
2024-04-05 06:00:00,46.4,30.56,38.255
2024-04-06 06:00:00,49.82,28.94,38.82125
2024-04-07 06:00:00,52.52,34.97,44.1125
2024-04-08 06:00:00,69.35,44.96,56.87375
2024-04-09 06:00:00,61.43,43.25,54.061253
2024-04-10 06:00:00,65.39,39.47,52.53875
2024-04-11 06:00:00,55.67,46.04,50.43125
2024-04-12 06:00:00,61.16,45.14,52.025
2024-04-13 06:00:00,66.29,39.829998,55.22375
2024-04-14 06:00:00,77.81,52.43,64.4675
2024-04-15 06:00:00,69.89,44.33,56.5475
2024-04-16 06:00:00,71.15,46.49,60.125
2024-04-17 06:00:00,66.380005,50.99,61.43
2024-04-18 06:00:00,57.02,43.43,50.176247
2024-04-19 06:00:00,55.04,38.12,47.1875
2024-04-20 06:00:00,44.42,32.81,39.54125
2024-04-21 06:00:00,56.3,29.48,43.2575
2024-04-22 06:00:00,62.780003,37.13,51.93875
2024-04-23 06:00:00,64.85,41.0,55.985
2024-04-24 06:00:00,45.05,30.380001,38.585
2024-04-25 06:00:00,54.41,29.39,42.844997
2024-04-26 06:00:00,61.25,39.47,51.211246
2024-04-27 06:00:00,78.619995,60.62,67.8725
2024-04-28 06:00:00,77.630005,61.7,67.745
2024-04-29 06:00:00,70.880005,54.14,64.340004
2024-04-30 06:00:00,72.32,44.510002,59.90375
2024-05-01 06:00:00,71.78,54.05,64.75625
2024-05-02 06:00:00,78.98,50.18,63.02375
2024-05-03 06:00:00,66.74,45.05,59.25125
2024-05-04 06:00:00,78.44,44.42,62.581245
2024-05-05 06:00:00,61.34,44.059998,54.11
2024-05-06 06:00:00,67.73,44.059998,56.742496
2024-05-07 06:00:00,74.39,54.95,61.624996
2024-05-08 06:00:00,76.28,51.62,63.293755
2024-05-09 06:00:00,58.010002,46.04,52.879997
2024-05-10 06:00:00,64.85,43.879997,55.5575
2024-05-11 06:00:00,65.93,45.86,55.50875
2024-05-12 06:00:00,78.08,44.15,63.0425
2024-05-13 06:00:00,76.55,58.19,66.30499
2024-05-14 06:00:00,59.719997,49.28,53.975002
2024-05-15 06:00:00,62.6,48.47,55.2275
2024-05-16 06:00:00,72.86,46.13,60.7925
2024-05-17 06:00:00,77.54,52.79,63.552498
2024-05-18 06:00:00,81.5,51.62,68.88125
2024-05-19 06:00:00,72.77,54.95,66.091255
2024-05-20 06:00:00,81.14,54.32,69.37625
2024-05-21 06:00:00,86.18,58.19,74.345
2024-05-22 06:00:00,74.48,59.81,67.2275
2024-05-23 06:00:00,78.44,54.05,66.6725
2024-05-24 06:00:00,77.0,58.37,68.55125
2024-05-25 06:00:00,72.59,55.04,63.035
2024-05-26 06:00:00,74.21,55.04,62.08625
2024-05-27 06:00:00,71.96,55.4,62.525
2024-05-28 06:00:00,70.7,52.52,59.734997
2024-05-29 06:00:00,66.02,48.74,57.31625
2024-05-30 06:00:00,67.01,45.68,55.235
2024-05-31 06:00:00,76.73,46.49,63.83
2024-06-01 06:00:00,67.82,58.19,62.91875
2024-06-02 06:00:00,73.22,54.86,63.698746
2024-06-03 06:00:00,82.31,53.51,70.5125
2024-06-04 06:00:00,84.2,67.28,74.56625
2024-06-05 06:00:00,79.16,67.01,71.43125
2024-06-06 06:00:00,75.47,62.6,69.346245
2024-06-07 06:00:00,76.01,57.65,66.9875
2024-06-08 06:00:00,80.51,53.15,62.948753
2024-06-09 06:00:00,78.17,54.32,64.902504
2024-06-10 06:00:00,65.84,48.74,57.364998
2024-06-11 06:00:00,76.369995,45.77,63.365
2024-06-12 06:00:00,88.7,62.6,76.1075
2024-06-13 06:00:00,88.43,68.27,76.932495
2024-06-14 06:00:00,81.95,59.0,70.115005
2024-06-15 06:00:00,86.63,57.559998,73.17876
2024-06-16 06:00:00,89.15,68.27,78.5
2024-06-17 06:00:00,93.38,75.02,84.2525
2024-06-18 06:00:00,90.59,75.2,81.792496
2024-06-19 06:00:00,92.479996,75.11,83.1875
2024-06-20 06:00:00,81.95,63.68,72.338745
2024-06-21 06:00:00,93.560005,63.05,79.06625
2024-06-22 06:00:00,92.93,72.41,83.54001
2024-06-23 06:00:00,82.76,66.83,75.90501
2024-06-24 06:00:00,85.64,63.14,76.31
2024-06-25 06:00:00,93.38,71.51,80.42375
2024-06-26 06:00:00,87.71001,62.69,76.625
2024-06-27 06:00:00,70.16,59.36,64.853745
2024-06-28 06:00:00,73.49,62.06,67.8275
2024-06-29 06:00:00,88.43,69.98,78.365005
2024-06-30 06:00:00,68.45,55.13,61.868748
2024-07-01 06:00:00,71.42,52.61,63.454998
2024-07-02 06:00:00,83.93,61.79,72.815
2024-07-03 06:00:00,88.7,69.71,78.4775
2024-07-04 06:00:00,77.81,67.369995,73.182495
2024-07-05 06:00:00,80.869995,65.57,72.86
2024-07-06 06:00:00,79.07,59.81,70.4825
2024-07-07 06:00:00,84.83,61.25,71.35625
2024-07-08 06:00:00,85.729996,68.09,76.07
2024-07-09 06:00:00,79.43,66.65,72.4025
2024-07-10 06:00:00,80.78,63.769997,71.363754
2024-07-11 06:00:00,76.369995,62.510002,69.0725
2024-07-12 06:00:00,81.95,60.89,72.0875
2024-07-13 06:00:00,88.78999,63.95,76.223755
2024-07-14 06:00:00,89.42,69.89,77.42375
2024-07-15 06:00:00,91.4,70.79,78.29001
2024-07-16 06:00:00,87.17,68.9,76.415
2024-07-17 06:00:00,80.15,62.96,71.9675
2024-07-18 06:00:00,71.6,57.65,65.067505
2024-07-19 06:00:00,79.25,56.12,67.38125
2024-07-20 06:00:00,78.26,58.37,69.47
2024-07-21 06:00:00,81.32,61.79,71.52875
2024-07-22 06:00:00,79.61,62.239998,71.10125
2024-07-23 06:00:00,84.11,64.49,73.29876
2024-07-24 06:00:00,74.84,62.239998,68.993744
2024-07-25 06:00:00,75.2,60.260002,67.50125
2024-07-26 06:00:00,79.34,59.45,69.28999
2024-07-27 06:00:00,83.84,59.54,72.245
2024-07-28 06:00:00,82.58,65.75,73.8125
2024-07-29 06:00:00,81.68,68.9,73.27251
2024-07-30 06:00:00,89.96001,67.1,78.51125
2024-07-31 06:00:00,89.6,69.89,78.552505
2024-08-01 06:00:00,86.810005,71.24,76.6625
2024-08-02 06:00:00,84.560005,69.08,75.439995
2024-08-03 06:00:00,87.35,69.619995,77.18375
2024-08-04 06:00:00,90.229996,66.74,78.84125
2024-08-05 06:00:00,90.05,68.18,76.41125
2024-08-06 06:00:00,71.33,64.67,68.6
2024-08-07 06:00:00,75.29,62.780003,68.33375
2024-08-08 06:00:00,83.3,60.260002,72.545
2024-08-09 06:00:00,74.3,58.1,65.7725
2024-08-10 06:00:00,76.01,56.03,65.9825
2024-08-11 06:00:00,78.53,58.730003,68.07875
2024-08-12 06:00:00,82.04,56.75,69.4175
2024-08-13 06:00:00,81.32,60.44,71.69375
2024-08-14 06:00:00,82.94,62.15,73.74124
2024-08-15 06:00:00,76.369995,66.65,70.94375
2024-08-16 06:00:00,85.64,65.3,74.746254
2024-08-17 06:00:00,80.69,67.28,71.6975
2024-08-18 06:00:00,75.74,64.58,69.30875
2024-08-19 06:00:00,73.58,59.54,66.935005
2024-08-20 06:00:00,70.34,56.57,63.466248
2024-08-21 06:00:00,73.04,53.42,63.608746
2024-08-22 06:00:00,77.630005,49.82,64.549995
2024-08-23 06:00:00,81.05,54.68,68.46125
2024-08-24 06:00:00,89.15,59.0,74.0975
2024-08-25 06:00:00,91.58,71.42,81.417496
2024-08-26 06:00:00,95.18,77.81,85.37375
2024-08-27 06:00:00,97.43,75.65,85.06999
2024-08-28 06:00:00,88.07,69.26,76.2575
2024-08-29 06:00:00,83.93,66.29,74.435
2024-08-30 06:00:00,86.63,70.07,76.79375
2024-08-31 06:00:00,84.28999,60.71,72.72875
2024-09-01 06:00:00,73.94,57.65,67.801254
2024-09-02 06:00:00,73.130005,55.04,63.85625
2024-09-03 06:00:00,75.380005,52.34,64.08125
2024-09-04 06:00:00,81.41,53.51,67.41875
2024-09-05 06:00:00,87.26,61.88,74.25125
2024-09-06 06:00:00,68.9,55.49,63.30875
2024-09-07 06:00:00,63.59,47.75,55.02125
2024-09-08 06:00:00,73.85,47.57,60.582504
2024-09-09 06:00:00,80.42,57.38,67.369995
2024-09-10 06:00:00,81.77,54.86,68.393745
2024-09-11 06:00:00,86.36,57.92,71.58125
2024-09-12 06:00:00,84.92,59.09,72.17
2024-09-13 06:00:00,82.49,64.130005,73.205
2024-09-14 06:00:00,85.01,64.4,74.975
2024-09-15 06:00:00,87.53,64.58,75.39125
2024-09-16 06:00:00,87.71001,61.16,73.35125
2024-09-17 06:00:00,82.4,58.730003,69.28625
2024-09-18 06:00:00,85.64,56.93,70.32125
2024-09-19 06:00:00,89.24,58.1,73.677505
2024-09-20 06:00:00,88.88,66.47,76.81625
2024-09-21 06:00:00,90.41,59.989998,75.3575
2024-09-22 06:00:00,72.05,63.68,68.81375
2024-09-23 06:00:00,66.56,58.55,62.27
2024-09-24 06:00:00,66.380005,59.269997,62.72
2024-09-25 06:00:00,74.93,55.58,63.5075
2024-09-26 06:00:00,73.94,53.33,63.97625
2024-09-27 06:00:00,69.44,64.04,66.5525
2024-09-28 06:00:00,68.0,64.31,65.7275
2024-09-29 06:00:00,71.51,63.95,66.42875
2024-09-30 06:00:00,76.369995,60.35,67.542496
2024-10-01 06:00:00,68.0,52.97,62.112503
2024-10-02 06:00:00,68.18,45.41,57.713753
2024-10-03 06:00:00,75.83,52.16,62.05625
2024-10-04 06:00:00,68.09,55.309998,62.026253
2024-10-05 06:00:00,80.33,56.21,69.605
2024-10-06 06:00:00,74.66,54.23,65.79875
2024-10-07 06:00:00,65.3,46.940002,55.283752
2024-10-08 06:00:00,71.33,47.57,58.26875
2024-10-09 06:00:00,67.28,46.4,57.1175
2024-10-10 06:00:00,69.619995,48.92,58.83875
2024-10-11 06:00:00,81.5,52.7,66.511246
2024-10-12 06:00:00,65.66,55.940002,59.840004
2024-10-13 06:00:00,64.67,48.74,56.66375
2024-10-14 06:00:00,55.76,40.82,48.233746
2024-10-15 06:00:00,50.0,39.920002,44.17625
2024-10-16 06:00:00,54.77,35.69,43.808746
2024-10-17 06:00:00,61.519997,36.5,48.33125
2024-10-18 06:00:00,65.84,42.35,53.28125
2024-10-19 06:00:00,68.27,43.879997,55.45625
2024-10-20 06:00:00,76.01,51.62,62.70125
2024-10-21 06:00:00,77.09,54.23,64.77125
2024-10-22 06:00:00,71.869995,53.690002,63.702503
2024-10-23 06:00:00,61.969997,42.89,56.2025
2024-10-24 06:00:00,62.510002,37.489998,51.00875
2024-10-25 06:00:00,64.94,46.49,54.192497
2024-10-26 06:00:00,56.03,40.55,47.06
2024-10-27 06:00:00,56.93,35.06,44.9225
2024-10-28 06:00:00,65.03,42.17,54.54875
2024-10-29 06:00:00,78.619995,66.47,72.1625
2024-10-30 06:00:00,76.73,67.1,71.435
2024-10-31 06:00:00,70.7,42.8,59.13125
2024-11-01 06:00:00,52.16,37.67,43.835
2024-11-02 06:00:00,54.95,35.15,44.8325
2024-11-03 06:00:00,63.14,46.76,54.623753
2024-11-04 06:00:00,69.08,62.06,64.456245
2024-11-05 06:00:00,66.47,58.010002,63.447502
2024-11-06 06:00:00,57.47,47.12,52.38875
2024-11-07 06:00:00,56.3,38.66,46.61
2024-11-08 06:00:00,58.46,40.73,48.8225
2024-11-09 06:00:00,52.79,44.6,49.2425
2024-11-10 06:00:00,60.71,49.46,53.2625
2024-11-11 06:00:00,55.22,41.09,48.14375
2024-11-12 06:00:00,45.86,41.09,44.168755
2024-11-13 06:00:00,48.83,38.48,44.09375
2024-11-14 06:00:00,55.4,47.84,50.536247
2024-11-15 06:00:00,53.42,42.08,47.945
2024-11-16 06:00:00,51.89,40.28,46.055
2024-11-17 06:00:00,58.19,45.41,50.825
2024-11-18 06:00:00,59.0,47.21,52.68875
2024-11-19 06:00:00,62.15,45.59,57.136246
2024-11-20 06:00:00,47.21,32.81,40.838753
2024-11-21 06:00:00,39.02,29.84,33.85625
2024-11-22 06:00:00,47.12,33.71,41.93
2024-11-23 06:00:00,44.059998,34.88,39.39875
2024-11-24 06:00:00,47.93,33.8,41.629997
2024-11-25 06:00:00,50.72,35.96,45.62
2024-11-26 06:00:00,37.04,24.8,31.44875
2024-11-27 06:00:00,41.54,31.1,36.07625
2024-11-28 06:00:00,34.43,25.25,28.29875
2024-11-29 06:00:00,26.779999,18.5,23.168749
2024-11-30 06:00:00,26.33,13.280001,19.628752
2024-12-01 06:00:00,25.61,13.009998,19.013752
2024-12-02 06:00:00,26.689999,14.809999,20.397501
2024-12-03 06:00:00,29.84,19.130001,23.75375
2024-12-04 06:00:00,37.94,19.31,28.94
2024-12-05 06:00:00,28.13,11.119999,19.546251
2024-12-06 06:00:00,30.83,13.82,23.06375
2024-12-07 06:00:00,44.87,23.18,35.135
2024-12-08 06:00:00,49.73,37.489998,44.01875
2024-12-09 06:00:00,48.29,39.74,44.945
2024-12-10 06:00:00,38.21,28.13,32.2175
2024-12-11 06:00:00,32.27,13.009998,25.4975
2024-12-12 06:00:00,15.17,3.8300018,10.062498
2024-12-13 06:00:00,25.61,2.3899994,15.0425
2024-12-14 06:00:00,36.86,23.63,30.74
2024-12-15 06:00:00,45.14,37.13,40.9325
2024-12-16 06:00:00,49.82,36.95,42.466248
2024-12-17 06:00:00,39.29,31.37,34.97
2024-12-18 06:00:00,33.08,25.79,30.16625
2024-12-19 06:00:00,31.28,25.52,28.37375
2024-12-20 06:00:00,32.72,18.59,27.96875
2024-12-21 06:00:00,19.220001,9.41,14.071247
2024-12-22 06:00:00,31.46,11.93,23.49875
2024-12-23 06:00:00,38.21,30.2,34.22375
2024-12-24 06:00:00,35.69,27.41,32.405
2024-12-25 06:00:00,37.4,25.970001,33.0875
2024-12-26 06:00:00,46.49,35.6,40.94375
2024-12-27 06:00:00,49.64,40.28,44.495003
2024-12-28 06:00:00,50.18,42.260002,46.6475
2024-12-29 06:00:00,42.71,35.510002,40.20125
2024-12-30 06:00:00,41.72,30.92,36.005
2024-12-31 06:00:00,39.29,32.63,36.38
2025-01-01 06:00:00,32.9,24.98,28.7525
2025-01-02 06:00:00,31.46,23.36,26.94875
2025-01-03 06:00:00,24.62,17.6,21.8075
2025-01-04 06:00:00,23.0,11.48,17.288748
2025-01-05 06:00:00,25.25,14.540001,19.298748
2025-01-06 06:00:00,28.76,20.48,25.64375
2025-01-07 06:00:00,23.63,10.4,17.195002
2025-01-08 06:00:00,23.45,10.040001,15.31625
2025-01-09 06:00:00,24.17,5.630001,15.965
2025-01-10 06:00:00,28.94,19.67,25.4
2025-01-11 06:00:00,30.2,20.12,25.565
2025-01-12 06:00:00,34.79,22.64,28.8425
2025-01-13 06:00:00,20.3,7.880001,13.25375
2025-01-14 06:00:00,15.08,6.619999,9.661251
2025-01-15 06:00:00,17.96,1.039999,9.792501
2025-01-16 06:00:00,36.23,19.220001,28.36625
2025-01-17 06:00:00,42.35,22.82,32.82125
2025-01-18 06:00:00,35.15,15.709999,26.36
2025-01-19 06:00:00,13.73,1.1300011,6.938755
2025-01-20 06:00:00,10.490002,-2.1100006,4.036251
2025-01-21 06:00:00,0.59000015,-6.9699974,-2.1887474
2025-01-22 06:00:00,23.09,-1.2099991,12.961252
2025-01-23 06:00:00,22.82,5.8100014,14.539999
2025-01-24 06:00:00,19.67,-3.459999,8.899998
2025-01-25 06:00:00,36.59,18.140001,26.513748
2025-01-26 06:00:00,29.75,15.890001,22.279999
2025-01-27 06:00:00,40.46,18.32,29.1875
2025-01-28 06:00:00,44.6,26.51,36.43625
2025-01-29 06:00:00,43.61,30.74,37.62125
2025-01-30 06:00:00,47.84,27.41,37.59875
2025-01-31 06:00:00,39.38,31.91,36.23375
2025-02-01 06:00:00,31.73,27.32,29.4725
2025-02-02 06:00:00,47.84,31.1,37.63625
2025-02-03 06:00:00,40.82,32.81,36.9425
2025-02-04 06:00:00,32.27,21.83,25.028751
2025-02-05 06:00:00,30.56,25.07,27.785
2025-02-06 06:00:00,37.489998,27.23,32.27
2025-02-07 06:00:00,31.73,17.33,24.353748
2025-02-08 06:00:00,32.54,26.15,29.7575
2025-02-09 06:00:00,30.380001,23.36,26.46875
2025-02-10 06:00:00,33.62,15.799999,25.2725
2025-02-11 06:00:00,26.96,21.29,23.56625
2025-02-12 06:00:00,27.23,22.55,25.197498
2025-02-13 06:00:00,25.61,2.4800014,12.623749
2025-02-14 06:00:00,24.35,-2.5600014,11.449997
2025-02-15 06:00:00,31.37,25.16,28.501251
2025-02-16 06:00:00,25.52,7.6099987,20.6975
2025-02-17 06:00:00,5.99,-1.6599998,2.0337467
2025-02-18 06:00:00,4.6399994,-9.310001,-1.8325005
2025-02-19 06:00:00,10.130001,1.1300011,5.285
2025-02-20 06:00:00,17.33,0.8600006,9.991249
2025-02-21 06:00:00,22.279999,7.0699997,15.282503
2025-02-22 06:00:00,28.22,12.559999,20.91125
2025-02-23 06:00:00,40.73,20.84,30.82625
2025-02-24 06:00:00,53.15,36.77,43.625
2025-02-25 06:00:00,52.7,33.17,41.42375
2025-02-26 06:00:00,46.49,33.35,38.36375
2025-02-27 06:00:00,47.3,33.44,39.46625
2025-02-28 06:00:00,56.3,33.26,43.088753
2025-03-01 06:00:00,32.45,22.1,25.56875
2025-03-02 06:00:00,34.79,16.97,26.96
2025-03-03 06:00:00,47.48,30.29,38.23625
2025-03-04 06:00:00,52.25,42.53,46.2125
2025-03-05 06:00:00,51.8,28.85,40.985
2025-03-06 06:00:00,39.56,26.24,32.05625
2025-03-07 06:00:00,35.69,31.55,33.53375
2025-03-08 06:00:00,48.02,24.35,36.66125
2025-03-09 06:00:00,56.3,31.91,43.917503
2025-03-10 06:00:00,64.49,37.4,51.192497
2025-03-11 06:00:00,53.51,32.72,41.84
2025-03-12 06:00:00,48.2,32.9,39.267498
2025-03-13 06:00:00,55.04,32.09,43.32125
2025-03-14 06:00:00,73.58,47.12,60.968746
2025-03-15 06:00:00,65.3,40.370003,56.79875
2025-03-16 06:00:00,39.2,24.89,31.3475
2025-03-17 06:00:00,49.64,19.4,35.915
2025-03-18 06:00:00,67.82,42.89,53.172497
2025-03-19 06:00:00,48.74,34.7,40.73
2025-03-20 06:00:00,40.91,29.66,34.3175
2025-03-21 06:00:00,56.21,28.22,42.37625
2025-03-22 06:00:00,43.07,30.56,37.002502
2025-03-23 06:00:00,50.09,33.08,40.73
2025-03-24 06:00:00,46.76,32.54,38.44625
2025-03-25 06:00:00,48.47,30.56,37.775
2025-03-26 06:00:00,49.28,28.22,38.6675
2025-03-27 06:00:00,54.68,38.39,46.49
2025-03-28 06:00:00,75.92,44.690002,61.2125
2025-03-29 06:00:00,69.17,46.49,61.328754
2025-03-30 06:00:00,70.43,43.25,58.343754
2025-03-31 06:00:00,48.02,32.45,38.96375
2025-04-01 06:00:00,42.08,31.01,36.9125
2025-04-02 06:00:00,70.97,40.010002,53.36
2025-04-03 06:00:00,54.32,40.190002,47.675
2025-04-04 06:00:00,47.93,37.67,42.63125
2025-04-05 06:00:00,54.59,39.829998,45.455
2025-04-06 06:00:00,47.66,32.09,39.86
2025-04-07 06:00:00,43.34,28.94,35.91875
2025-04-08 06:00:00,41.36,23.36,32.49125
2025-04-09 06:00:00,47.66,30.02,37.6475
2025-04-10 06:00:00,43.43,34.16,37.966248
2025-04-11 06:00:00,48.74,32.54,41.0975
2025-04-12 06:00:00,57.83,32.99,46.355
2025-04-13 06:00:00,61.519997,44.239998,53.9675
2025-04-14 06:00:00,61.16,47.3,54.93875
2025-04-15 06:00:00,50.09,38.39,44.776253
2025-04-16 06:00:00,48.65,31.91,40.445
2025-04-17 06:00:00,66.56,37.22,52.910004
2025-04-18 06:00:00,80.51,58.1,67.93625
2025-04-19 06:00:00,61.43,44.87,53.6
2025-04-20 06:00:00,56.84,45.23,51.646248
2025-04-21 06:00:00,61.25,45.23,54.1175
2025-04-22 06:00:00,71.69,40.010002,55.5275
2025-04-23 06:00:00,72.86,53.87,61.624996
2025-04-24 06:00:00,70.7,47.03,57.98
2025-04-25 06:00:00,59.989998,46.58,51.37625
2025-04-26 06:00:00,52.7,39.920002,46.29125
2025-04-27 06:00:00,66.83,37.13,52.962498
2025-04-28 06:00:00,82.130005,50.09,67.7825
2025-04-29 06:00:00,74.84,49.1,65.465004
2025-04-30 06:00:00,62.42,42.98,53.52125
2025-05-01 06:00:00,69.44,49.64,59.168755
2025-05-02 06:00:00,54.5,44.33,49.801247
2025-05-03 06:00:00,50.9,41.36,46.29125
2025-05-04 06:00:00,55.940002,42.260002,46.89875
2025-05-05 06:00:00,61.25,45.23,51.177498
2025-05-06 06:00:00,72.23,44.6,59.52875
2025-05-07 06:00:00,69.71,46.22,55.265
2025-05-08 06:00:00,55.22,41.629997,48.74375
2025-05-09 06:00:00,62.6,39.47,51.63875
2025-05-10 06:00:00,69.98,46.85,55.411247
2025-05-11 06:00:00,71.69,43.07,58.081245
2025-05-12 06:00:00,79.34,52.34,66.47
2025-05-13 06:00:00,79.34,56.84,67.17875
2025-05-14 06:00:00,78.26,56.66,65.6
2025-05-15 06:00:00,94.55,60.71,74.5775
2025-05-16 06:00:00,81.86,61.34,70.07
2025-05-17 06:00:00,64.85,53.33,58.610004
2025-05-18 06:00:00,59.81,44.33,52.88375
2025-05-19 06:00:00,51.89,41.809998,46.81625
2025-05-20 06:00:00,56.39,47.93,51.721252
2025-05-21 06:00:00,54.68,48.11,49.996246
2025-05-22 06:00:00,54.86,45.59,49.925
2025-05-23 06:00:00,61.519997,42.440002,50.135002
2025-05-24 06:00:00,60.89,42.35,52.238747
2025-05-25 06:00:00,62.69,47.66,54.353752
2025-05-26 06:00:00,63.14,45.5,54.031254
2025-05-27 06:00:00,65.21,49.28,57.398746
2025-05-28 06:00:00,62.42,49.91,55.988747
2025-05-29 06:00:00,70.79,48.11,60.32
2025-05-30 06:00:00,76.01,53.15,65.03
2025-05-31 06:00:00,63.5,49.46,56.27375
2025-06-01 06:00:00,69.17,47.3,58.13375
2025-06-02 06:00:00,87.17,51.26,70.925
2025-06-03 06:00:00,89.060005,68.18,77.92625
2025-06-04 06:00:00,72.5,53.96,62.041252
2025-06-05 06:00:00,69.98,51.440002,60.661255
2025-06-06 06:00:00,72.5,55.67,63.098747
2025-06-07 06:00:00,73.31,52.97,63.841244
2025-06-08 06:00:00,79.52,56.48,66.87125
2025-06-09 06:00:00,70.79,54.95,62.348747
2025-06-10 06:00:00,76.369995,54.68,66.93125
2025-06-11 06:00:00,91.03999,62.239998,78.2375
2025-06-12 06:00:00,81.32,60.17,71.240005
2025-06-13 06:00:00,71.69,59.719997,65.322495
2025-06-14 06:00:00,72.68,58.46,64.527504
2025-06-15 06:00:00,78.44,57.02,67.4675
2025-06-16 06:00:00,84.74,59.45,73.41875
2025-06-17 06:00:00,90.05,68.72,78.387505
2025-06-18 06:00:00,79.97,66.11,71.84375
2025-06-19 06:00:00,80.15,64.58,70.27625
2025-06-20 06:00:00,81.32,65.84,73.9925
2025-06-21 06:00:00,92.3,73.94,83.5775
2025-06-22 06:00:00,94.189995,77.9,86.42375
2025-06-23 06:00:00,95.72,78.53,87.42874
2025-06-24 06:00:00,94.46001,72.32,81.65001
2025-06-25 06:00:00,82.76,69.26,75.56375
2025-06-26 06:00:00,89.24,74.119995,80.705
2025-06-27 06:00:00,84.11,70.79,77.72375
2025-06-28 06:00:00,84.2,66.380005,74.37125
2025-06-29 06:00:00,90.32,69.17,78.65375
2025-06-30 06:00:00,87.53,70.61,78.30875
2025-07-01 06:00:00,87.35,67.01,77.70125
2025-07-02 06:00:00,90.41,67.91,79.8125
2025-07-03 06:00:00,94.37,70.25,82.92875
2025-07-04 06:00:00,87.08,71.78,80.041245
2025-07-05 06:00:00,92.84,74.75,84.162506
2025-07-06 06:00:00,83.57,64.04,74.52875
2025-07-07 06:00:00,76.19,63.14,69.58625
2025-07-08 06:00:00,83.57,65.21,74.033745
2025-07-09 06:00:00,80.06,66.380005,72.14375
2025-07-10 06:00:00,80.69,64.130005,72.62375
2025-07-11 06:00:00,87.35,68.81,76.32126
2025-07-12 06:00:00,83.119995,71.69,76.56875
2025-07-13 06:00:00,81.14,66.11,73.565
2025-07-14 06:00:00,85.55,62.06,74.9675
2025-07-15 06:00:00,91.22,67.73,80.09375
2025-07-16 06:00:00,91.13,70.43,80.26625
2025-07-17 06:00:00,72.14,60.530003,66.841255
2025-07-18 06:00:00,80.69,59.0,70.53125
2025-07-19 06:00:00,84.020004,69.89,75.94249
2025-07-20 06:00:00,73.94,65.84,70.7
2025-07-21 06:00:00,80.869995,65.57,72.47
2025-07-22 06:00:00,89.689995,66.92,78.69875
2025-07-23 06:00:00,93.38,71.6,82.77125
2025-07-24 06:00:00,95.270004,75.92,83.61876
2025-07-25 06:00:00,81.86,71.869995,76.13375
2025-07-26 06:00:00,83.66,71.51,76.595
2025-07-27 06:00:00,86.36,70.880005,79.14126
2025-07-28 06:00:00,87.89,74.3,80.28125
2025-07-29 06:00:00,91.58,70.43,80.6225
2025-07-30 06:00:00,78.08,66.29,72.155
2025-07-31 06:00:00,72.05,63.769997,68.104996
2025-08-01 06:00:00,73.58,60.62,67.60625
2025-08-02 06:00:00,78.08,59.36,69.14375
2025-08-03 06:00:00,79.16,59.269997,71.0225
2025-08-04 06:00:00,81.59,65.57,73.587494
2025-08-05 06:00:00,83.75,67.1,75.155
2025-08-06 06:00:00,90.95,66.56,78.77
2025-08-07 06:00:00,90.41,71.24,80.24
2025-08-08 06:00:00,93.47,73.4,83.667496
2025-08-09 06:00:00,92.57,75.02,83.427505
2025-08-10 06:00:00,90.229996,75.83,81.60876
2025-08-11 06:00:00,89.96001,72.59,80.46874
2025-08-12 06:00:00,85.37,71.42,75.125
2025-08-13 06:00:00,84.92,68.630005,75.2525
2025-08-14 06:00:00,83.03,64.130005,74.59625
2025-08-15 06:00:00,93.92,67.369995,81.66875
2025-08-16 06:00:00,95.270004,75.11,83.911255
2025-08-17 06:00:00,79.7,69.8,75.27125
2025-08-18 06:00:00,86.45,69.71,76.47875
2025-08-19 06:00:00,78.44,68.9,73.7975
2025-08-20 06:00:00,74.39,66.2,69.7175
2025-08-21 06:00:00,74.66,64.58,69.395
2025-08-22 06:00:00,81.05,60.71,71.82124
2025-08-23 06:00:00,81.86,64.04,72.875
2025-08-24 06:00:00,74.48,58.19,65.86626
2025-08-25 06:00:00,69.53,54.32,62.3525
2025-08-26 06:00:00,71.69,52.97,63.053745
2025-08-27 06:00:00,77.630005,54.05,66.034996
2025-08-28 06:00:00,75.47,60.08,66.06875
2025-08-29 06:00:00,69.53,55.4,62.697502
2025-08-30 06:00:00,69.89,59.45,64.16
2025-08-31 06:00:00,73.94,54.77,64.1975
2025-09-01 06:00:00,75.02,59.0,66.305
2025-09-02 06:00:00,79.7,57.38,68.2475
2025-09-03 06:00:00,69.53,56.48,63.751247
2025-09-04 06:00:00,64.85,48.559998,57.057495
2025-09-05 06:00:00,64.67,52.43,59.72
2025-09-06 06:00:00,64.76,48.65,56.318752
2025-09-07 06:00:00,66.380005,46.940002,56.42
2025-09-08 06:00:00,69.98,48.29,59.393753
2025-09-09 06:00:00,73.67,51.53,63.094997
2025-09-10 06:00:00,80.33,58.010002,68.795
2025-09-11 06:00:00,76.91,61.88,68.247505
2025-09-12 06:00:00,84.47,59.54,71.659996
2025-09-13 06:00:00,80.33,64.49,71.033745
2025-09-14 06:00:00,78.8,64.22,71.39751
2025-09-15 06:00:00,80.78,63.14,71.04875
2025-09-16 06:00:00,83.479996,62.239998,71.3
2025-09-17 06:00:00,82.67,60.8,70.77125
2025-09-18 06:00:00,86.09,61.16,72.035
2025-09-19 06:00:00,86.72,64.04,74.5325
2025-09-20 06:00:00,77.99,64.94,69.893745
2025-09-21 06:00:00,75.65,64.58,69.00875
2025-09-22 06:00:00,76.64,63.59,69.57875
2025-09-23 06:00:00,75.29,62.96,66.97625
2025-09-24 06:00:00,68.9,59.989998,63.979996
2025-09-25 06:00:00,72.05,56.39,63.151257
2025-09-26 06:00:00,78.8,56.12,66.8375
2025-09-27 06:00:00,83.39,61.25,71.041245
2025-09-28 06:00:00,75.83,63.14,68.0
2025-09-29 06:00:00,85.64,60.17,70.5875
2025-09-30 06:00:00,80.51,62.42,70.28375
2025-10-01 06:00:00,74.119995,59.9,66.96125
2025-10-02 06:00:00,82.67,56.3,68.138756
2025-10-03 06:00:00,88.16,61.519997,74.20625
2025-10-04 06:00:00,84.83,64.49,75.14
2025-10-05 06:00:00,83.84,62.87,73.534996
2025-10-06 06:00:00,82.94,64.85,70.587494
2025-10-07 06:00:00,64.49,53.15,59.67125
2025-10-08 06:00:00,62.69,49.91,55.448753
2025-10-09 06:00:00,61.07,42.89,52.670002
2025-10-10 06:00:00,65.84,45.86,56.123753
2025-10-11 06:00:00,63.95,51.440002,57.822502
2025-10-12 06:00:00,66.02,47.48,56.9
2025-10-13 06:00:00,66.2,53.42,60.042503
2025-10-14 06:00:00,67.55,54.77,60.275
2025-10-15 06:00:00,59.0,55.13,57.06875
2025-10-16 06:00:00,65.75,53.78,59.371254
2025-10-17 06:00:00,72.95,54.32,63.4325
2025-10-18 06:00:00,73.67,58.55,65.56625
2025-10-19 06:00:00,58.1,46.49,52.55
2025-10-20 06:00:00,63.41,38.57,51.62375
2025-10-21 06:00:00,54.14,45.32,48.29
2025-10-22 06:00:00,49.37,43.34,46.5725
2025-10-23 06:00:00,51.26,37.67,43.362503
2025-10-24 06:00:00,50.72,32.99,41.405
2025-10-25 06:00:00,53.24,33.89,44.07125
2025-10-26 06:00:00,55.49,41.54,49.0325
2025-10-27 06:00:00,54.86,44.33,49.50125
2025-10-28 06:00:00,55.76,44.96,50.506252
2025-10-29 06:00:00,54.23,46.85,50.0
2025-10-30 06:00:00,55.4,41.18,46.82375
2025-10-31 06:00:00,52.34,39.65,44.82125
2025-11-01 06:00:00,50.27,36.41,43.71125
2025-11-02 06:00:00,52.43,40.1,45.275
2025-11-03 06:00:00,59.09,40.55,48.65375
2025-11-04 06:00:00,60.89,37.85,49.83125
2025-11-05 06:00:00,59.81,42.8,52.62875
2025-11-06 06:00:00,57.29,31.37,46.2425
2025-11-07 06:00:00,62.42,48.38,54.027496
2025-11-08 06:00:00,48.29,36.86,43.9775
2025-11-09 06:00:00,37.13,26.779999,31.24625
2025-11-10 06:00:00,31.46,24.17,27.08
2025-11-11 06:00:00,38.03,23.09,31.81625
2025-11-12 06:00:00,52.61,37.31,43.64
2025-11-13 06:00:00,52.43,33.62,43.20125
2025-11-14 06:00:00,62.96,40.91,52.205
2025-11-15 06:00:00,69.44,50.27,60.1925
2025-11-16 06:00:00,47.66,35.42,41.629997
2025-11-17 06:00:00,46.67,29.21,38.39
2025-11-18 06:00:00,42.440002,38.75,41.168747
2025-11-19 06:00:00,45.59,41.45,43.197502
2025-11-20 06:00:00,48.2,41.54,44.870003
2025-11-21 06:00:00,46.49,40.28,43.771248
2025-11-22 06:00:00,47.12,29.39,40.43
2025-11-23 06:00:00,52.97,37.4,43.48625
2025-11-24 06:00:00,49.55,34.43,42.98375
2025-11-25 06:00:00,52.7,43.79,48.66875
2025-11-26 06:00:00,41.27,29.75,34.07
2025-11-27 06:00:00,32.27,26.24,29.105
2025-11-28 06:00:00,32.0,23.0,26.48
2025-11-29 06:00:00,30.65,25.07,27.27875
2025-11-30 06:00:00,32.81,11.75,25.865
2025-12-01 06:00:00,26.33,8.690001,19.077503
2025-12-02 06:00:00,23.27,14.809999,18.7925
2025-12-03 06:00:00,30.02,17.15,24.6725
2025-12-04 06:00:00,14.09,3.5600014,8.288752
2025-12-05 06:00:00,26.15,5.539999,16.396254
2025-12-06 06:00:00,30.56,23.18,28.00625
2025-12-07 06:00:00,29.3,12.83,22.58375
2025-12-08 06:00:00,22.37,11.75,16.56875
2025-12-09 06:00:00,38.03,18.41,28.90625
2025-12-10 06:00:00,38.57,24.98,31.3325
2025-12-11 06:00:00,25.970001,18.59,23.16875
2025-12-12 06:00:00,29.93,20.029999,24.747498
2025-12-13 06:00:00,25.25,2.2999992,10.426249
2025-12-14 06:00:00,8.33,-2.7399979,2.397501
2025-12-15 06:00:00,20.3,0.8600006,11.480001
2025-12-16 06:00:00,36.59,12.290001,25.93625
2025-12-17 06:00:00,40.55,30.47,36.00875
2025-12-18 06:00:00,51.62,19.4,39.84125
2025-12-19 06:00:00,21.74,11.299999,17.16875
2025-12-20 06:00:00,40.010002,23.0,33.68
2025-12-21 06:00:00,31.01,16.880001,25.16375
2025-12-22 06:00:00,41.09,30.380001,36.6275
2025-12-23 06:00:00,48.65,34.97,39.96125
2025-12-24 06:00:00,42.620003,32.81,38.31125
2025-12-25 06:00:00,40.73,36.86,39.05
2025-12-26 06:00:00,47.12,38.21,42.177498
2025-12-27 06:00:00,44.33,35.15,39.71375
2025-12-28 06:00:00,52.97,24.71,45.90875
2025-12-29 06:00:00,23.81,15.35,19.354998
2025-12-30 06:00:00,24.98,10.219999,16.692501
2025-12-31 06:00:00,34.34,15.619999,28.981249
2026-01-01 06:00:00,19.4,8.869999,14.66
2026-01-02 06:00:00,20.93,12.92,17.112497
2026-01-03 06:00:00,23.9,14.809999,20.435001
2026-01-04 06:00:00,31.46,19.4,26.01125
2026-01-05 06:00:00,42.17,31.01,35.34125
2026-01-06 06:00:00,43.61,33.17,38.18375
2026-01-07 06:00:00,40.55,33.8,37.295
2026-01-08 06:00:00,58.46,39.2,48.59
2026-01-09 06:00:00,59.18,38.12,45.031246
2026-01-10 06:00:00,38.12,26.51,34.114998
2026-01-11 06:00:00,33.53,21.56,27.169998
2026-01-12 06:00:00,39.56,25.25,31.775
2026-01-13 06:00:00,49.90999984741211,33.709999084472656,41.21749877929688
2026-01-14 06:00:00,40.54999923706055,15.350000381469728,25.895000457763672
2026-01-15 06:00:00,21.920000076293945,11.119998931884766,17.228748321533203
2026-01-16 06:00:00,35.23999786376953,21.559999465942383,28.62874984741211
2026-01-17 06:00:00,22.3700008392334,11.030000686645508,14.011249542236328
2026-01-18 06:00:00,17.509998321533203,5.0,12.567499160766602
2026-01-19 06:00:00,18.14000129699707,-1.2999992370605469,4.347499847412109
2026-01-20 06:00:00,20.38999938964844,-0.8499984741210938,9.39499855041504
2026-01-21 06:00:00,28.399999618530277,21.020000457763672,25.272499084472656
2026-01-22 06:00:00,24.5,9.1,18.1
2026-01-23 06:00:00,5.9,-9.8,-4.1

2026-01-24 06:00:00,4.6,-12.7,-3.4
2026-01-25 06:00:00,17.6,-0.8,9